batch_id,enterprise_id,course_id,batch_name,trainer_id,start_date,end_date,delivery_mode,participant_count,attendance_avg_pct,completion_avg_pct,training_roi_score,status
BAT000001,ENT00172,CRS005311,Corporate Training Batch 1,USR033340,2025-12-15,2025-12-29,Hybrid,197,68,82,55,Planned
BAT000002,ENT00215,CRS010248,Corporate Training Batch 2,USR006494,2026-04-26,2026-06-25,Offline,37,57,100,48,On Hold
BAT000003,ENT00355,CRS008157,Corporate Training Batch 3,USR019294,2026-04-07,2026-06-06,Offline,87,56,81,89,On Hold
BAT000004,ENT00029,CRS024516,Corporate Training Batch 4,USR034747,2026-04-29,2026-06-28,Offline,200,59,58,78,Planned
BAT000005,ENT00279,CRS019814,Corporate Training Batch 5,USR008247,2025-12-31,2026-03-31,Hybrid,139,58,56,22,Running
BAT000006,ENT00079,CRS045525,Corporate Training Batch 6,USR049843,2026-03-30,2026-05-29,Hybrid,42,85,31,90,On Hold
BAT000007,ENT00429,CRS049762,Corporate Training Batch 7,USR014551,2026-01-18,2026-02-17,Online,74,93,51,37,Completed
BAT000008,ENT00006,CRS005964,Corporate Training Batch 8,USR047964,2026-04-24,2026-05-24,Hybrid,66,91,30,85,On Hold
BAT000009,ENT00230,CRS025704,Corporate Training Batch 9,USR041527,2025-12-09,2025-12-23,Online,396,73,82,45,Planned
BAT000010,ENT00408,CRS005613,Corporate Training Batch 10,USR003397,2025-12-24,2026-01-23,Hybrid,485,75,80,39,Completed
BAT000011,ENT00201,CRS007767,Corporate Training Batch 11,USR032586,2026-01-17,2026-01-31,Online,225,68,75,80,Completed
BAT000012,ENT00465,CRS011423,Corporate Training Batch 12,USR023321,2025-11-18,2026-02-16,Online,250,97,22,54,Planned
BAT000013,ENT00315,CRS004401,Corporate Training Batch 13,USR015028,2025-12-26,2026-03-26,Offline,396,65,20,43,On Hold
BAT000014,ENT00061,CRS046020,Corporate Training Batch 14,USR012578,2026-02-25,2026-04-11,Offline,132,78,34,41,Planned
BAT000015,ENT00045,CRS013625,Corporate Training Batch 15,USR040808,2026-03-07,2026-04-06,Offline,442,68,52,96,On Hold
BAT000016,ENT00137,CRS049677,Corporate Training Batch 16,USR041126,2025-11-19,2025-12-03,Hybrid,497,82,56,95,Running
BAT000017,ENT00445,CRS045880,Corporate Training Batch 17,USR044531,2026-02-22,2026-03-24,Online,168,83,68,27,Completed
BAT000018,ENT00493,CRS010760,Corporate Training Batch 18,USR030392,2026-05-05,2026-08-03,Online,226,79,40,42,Planned
BAT000019,ENT00108,CRS045169,Corporate Training Batch 19,USR002420,2026-02-05,2026-05-06,Hybrid,447,65,58,97,Completed
BAT000020,ENT00031,CRS022546,Corporate Training Batch 20,USR037114,2025-11-29,2026-01-13,Offline,173,88,20,56,Completed
BAT000021,ENT00171,CRS009000,Corporate Training Batch 21,USR005375,2025-11-18,2026-01-02,Online,388,83,92,73,Planned
BAT000022,ENT00291,CRS014284,Corporate Training Batch 22,USR008714,2026-01-31,2026-02-14,Hybrid,143,77,39,31,Completed
BAT000023,ENT00225,CRS045973,Corporate Training Batch 23,USR022051,2026-03-29,2026-05-28,Offline,151,61,98,28,Running
BAT000024,ENT00288,CRS003619,Corporate Training Batch 24,USR045368,2026-05-12,2026-06-11,Online,158,100,89,21,On Hold
BAT000025,ENT00220,CRS045813,Corporate Training Batch 25,USR033903,2026-01-22,2026-03-08,Online,483,55,79,52,Planned
BAT000026,ENT00487,CRS048161,Corporate Training Batch 26,USR045190,2026-05-12,2026-06-26,Online,301,59,24,48,Planned
BAT000027,ENT00291,CRS040568,Corporate Training Batch 27,USR000226,2026-01-02,2026-04-02,Hybrid,349,70,24,84,Completed
BAT000028,ENT00409,CRS020441,Corporate Training Batch 28,USR016215,2026-03-21,2026-06-19,Offline,477,63,47,24,Completed
BAT000029,ENT00128,CRS017563,Corporate Training Batch 29,USR029581,2026-03-25,2026-04-24,Online,352,64,47,77,Planned
BAT000030,ENT00177,CRS007446,Corporate Training Batch 30,USR000664,2026-03-08,2026-06-06,Offline,46,83,50,49,Running
BAT000031,ENT00205,CRS017253,Corporate Training Batch 31,USR032405,2025-11-17,2026-01-16,Online,109,66,83,54,On Hold
BAT000032,ENT00110,CRS010702,Corporate Training Batch 32,USR026726,2026-04-12,2026-05-27,Online,354,73,96,76,Completed
BAT000033,ENT00198,CRS015592,Corporate Training Batch 33,USR023779,2026-01-31,2026-03-17,Hybrid,332,88,33,66,Planned
BAT000034,ENT00406,CRS026179,Corporate Training Batch 34,USR003799,2025-11-30,2025-12-07,Online,84,71,59,42,Running
BAT000035,ENT00428,CRS020046,Corporate Training Batch 35,USR030082,2025-11-15,2025-12-30,Hybrid,407,61,88,46,Completed
BAT000036,ENT00036,CRS028452,Corporate Training Batch 36,USR003765,2025-11-27,2025-12-11,Hybrid,81,96,65,86,Completed
BAT000037,ENT00466,CRS011504,Corporate Training Batch 37,USR003117,2026-03-24,2026-04-07,Online,365,89,20,41,Completed
BAT000038,ENT00456,CRS000687,Corporate Training Batch 38,USR019463,2025-11-18,2026-01-02,Online,191,100,95,43,Planned
BAT000039,ENT00038,CRS002159,Corporate Training Batch 39,USR017954,2026-03-17,2026-03-31,Online,303,79,30,82,On Hold
BAT000040,ENT00205,CRS031051,Corporate Training Batch 40,USR027722,2026-03-29,2026-04-28,Hybrid,87,62,80,20,Running
BAT000041,ENT00248,CRS022146,Corporate Training Batch 41,USR005576,2026-02-22,2026-05-23,Online,276,66,55,97,On Hold
BAT000042,ENT00060,CRS017508,Corporate Training Batch 42,USR001080,2026-05-01,2026-07-30,Hybrid,353,97,75,91,Planned
BAT000043,ENT00343,CRS014068,Corporate Training Batch 43,USR018338,2026-02-22,2026-03-24,Hybrid,487,76,74,80,Running
BAT000044,ENT00477,CRS029451,Corporate Training Batch 44,USR012899,2026-03-24,2026-06-22,Online,247,74,88,94,Running
BAT000045,ENT00236,CRS011118,Corporate Training Batch 45,USR021585,2026-03-19,2026-05-03,Offline,304,57,44,23,Planned
BAT000046,ENT00353,CRS032719,Corporate Training Batch 46,USR012734,2026-02-17,2026-03-03,Online,272,78,32,70,On Hold
BAT000047,ENT00455,CRS020751,Corporate Training Batch 47,USR003380,2026-03-20,2026-03-27,Hybrid,440,75,40,93,On Hold
BAT000048,ENT00083,CRS041382,Corporate Training Batch 48,USR043244,2026-05-06,2026-05-20,Offline,128,96,62,46,Completed
BAT000049,ENT00336,CRS014261,Corporate Training Batch 49,USR010602,2025-11-18,2025-12-18,Online,405,69,56,47,Completed
BAT000050,ENT00133,CRS039911,Corporate Training Batch 50,USR039701,2025-12-22,2026-01-05,Offline,316,83,74,92,Planned
BAT000051,ENT00214,CRS032467,Corporate Training Batch 51,USR039572,2026-02-15,2026-02-22,Offline,471,86,33,80,On Hold
BAT000052,ENT00220,CRS029278,Corporate Training Batch 52,USR036501,2025-11-27,2025-12-11,Offline,164,66,83,86,Running
BAT000053,ENT00492,CRS009082,Corporate Training Batch 53,USR026447,2025-12-08,2026-03-08,Offline,83,62,58,92,Planned
BAT000054,ENT00308,CRS039291,Corporate Training Batch 54,USR042775,2026-02-06,2026-02-20,Hybrid,281,92,100,92,Planned
BAT000055,ENT00057,CRS046026,Corporate Training Batch 55,USR017909,2026-03-09,2026-05-08,Hybrid,481,84,81,42,On Hold
BAT000056,ENT00403,CRS020117,Corporate Training Batch 56,USR026493,2026-02-05,2026-05-06,Online,274,62,87,83,On Hold
BAT000057,ENT00332,CRS016646,Corporate Training Batch 57,USR043587,2026-02-24,2026-05-25,Online,242,83,34,43,Planned
BAT000058,ENT00283,CRS046785,Corporate Training Batch 58,USR035380,2026-04-08,2026-05-23,Offline,409,80,71,79,Planned
BAT000059,ENT00411,CRS007368,Corporate Training Batch 59,USR002574,2026-04-18,2026-05-02,Online,212,94,66,83,Running
BAT000060,ENT00127,CRS037175,Corporate Training Batch 60,USR048329,2026-04-21,2026-04-28,Offline,130,72,87,42,Running
BAT000061,ENT00200,CRS042026,Corporate Training Batch 61,USR044519,2025-12-26,2026-02-24,Hybrid,335,89,20,96,Running
BAT000062,ENT00454,CRS029057,Corporate Training Batch 62,USR013512,2026-01-28,2026-03-14,Offline,340,77,75,73,On Hold
BAT000063,ENT00341,CRS009424,Corporate Training Batch 63,USR006100,2025-11-27,2025-12-04,Hybrid,39,93,22,83,Planned
BAT000064,ENT00291,CRS032310,Corporate Training Batch 64,USR030515,2026-03-02,2026-04-01,Offline,52,57,30,41,Planned
BAT000065,ENT00232,CRS034569,Corporate Training Batch 65,USR042763,2025-11-18,2025-12-02,Offline,136,96,28,73,Completed
BAT000066,ENT00186,CRS003451,Corporate Training Batch 66,USR018699,2026-03-19,2026-03-26,Offline,219,72,93,89,On Hold
BAT000067,ENT00343,CRS010524,Corporate Training Batch 67,USR044350,2026-04-30,2026-05-14,Online,467,93,64,51,Planned
BAT000068,ENT00218,CRS039352,Corporate Training Batch 68,USR033611,2026-03-22,2026-05-21,Online,261,88,83,88,Completed
BAT000069,ENT00345,CRS016884,Corporate Training Batch 69,USR026696,2026-03-07,2026-05-06,Online,147,90,55,62,On Hold
BAT000070,ENT00091,CRS035438,Corporate Training Batch 70,USR044907,2026-02-16,2026-04-17,Hybrid,403,80,25,49,Planned
BAT000071,ENT00321,CRS047559,Corporate Training Batch 71,USR045876,2026-01-03,2026-02-17,Offline,111,55,27,80,Completed
BAT000072,ENT00440,CRS017307,Corporate Training Batch 72,USR049416,2026-02-25,2026-03-27,Hybrid,298,85,29,80,Completed
BAT000073,ENT00309,CRS002976,Corporate Training Batch 73,USR013811,2026-01-20,2026-01-27,Online,211,67,62,28,On Hold
BAT000074,ENT00034,CRS009450,Corporate Training Batch 74,USR016701,2026-04-03,2026-07-02,Online,439,82,69,82,On Hold
BAT000075,ENT00165,CRS013567,Corporate Training Batch 75,USR015276,2026-01-09,2026-01-23,Offline,467,69,67,60,Planned
BAT000076,ENT00267,CRS039266,Corporate Training Batch 76,USR008319,2026-03-03,2026-03-10,Offline,166,80,88,70,Planned
BAT000077,ENT00483,CRS047661,Corporate Training Batch 77,USR018744,2026-02-07,2026-05-08,Offline,149,68,22,91,Running
BAT000078,ENT00386,CRS009843,Corporate Training Batch 78,USR019053,2025-11-22,2026-01-06,Offline,195,77,46,21,Planned
BAT000079,ENT00365,CRS009924,Corporate Training Batch 79,USR049355,2025-12-24,2026-02-22,Online,372,93,23,95,Completed
BAT000080,ENT00186,CRS042776,Corporate Training Batch 80,USR045930,2026-02-13,2026-02-20,Online,28,82,54,82,Completed
BAT000081,ENT00065,CRS028951,Corporate Training Batch 81,USR039956,2025-12-19,2026-02-02,Online,486,84,29,69,On Hold
BAT000082,ENT00017,CRS023908,Corporate Training Batch 82,USR037722,2026-03-25,2026-04-01,Hybrid,453,68,24,60,On Hold
BAT000083,ENT00238,CRS034180,Corporate Training Batch 83,USR021935,2025-12-15,2026-01-14,Hybrid,500,100,34,21,Planned
BAT000084,ENT00320,CRS029515,Corporate Training Batch 84,USR025044,2026-03-16,2026-03-23,Offline,365,64,63,52,Planned
BAT000085,ENT00338,CRS015838,Corporate Training Batch 85,USR037648,2026-01-02,2026-02-16,Offline,17,92,59,20,Planned
BAT000086,ENT00145,CRS006720,Corporate Training Batch 86,USR017167,2026-05-10,2026-08-08,Offline,99,79,60,84,Running
BAT000087,ENT00255,CRS024647,Corporate Training Batch 87,USR031948,2026-01-15,2026-04-15,Online,217,90,90,64,Planned
BAT000088,ENT00160,CRS043806,Corporate Training Batch 88,USR046526,2026-02-22,2026-04-23,Online,227,76,24,78,Running
BAT000089,ENT00359,CRS043230,Corporate Training Batch 89,USR022117,2026-01-10,2026-02-24,Hybrid,19,96,81,31,Planned
BAT000090,ENT00097,CRS049733,Corporate Training Batch 90,USR005174,2026-04-05,2026-05-20,Hybrid,208,62,48,78,Completed
BAT000091,ENT00112,CRS047835,Corporate Training Batch 91,USR000113,2026-04-13,2026-06-12,Offline,343,92,32,21,Running
BAT000092,ENT00476,CRS043875,Corporate Training Batch 92,USR047411,2026-02-24,2026-03-26,Online,69,63,81,84,On Hold
BAT000093,ENT00233,CRS028474,Corporate Training Batch 93,USR047182,2025-11-20,2026-01-19,Hybrid,449,88,68,76,Running
BAT000094,ENT00388,CRS030377,Corporate Training Batch 94,USR016488,2026-05-10,2026-05-17,Online,108,83,59,95,Running
BAT000095,ENT00379,CRS029492,Corporate Training Batch 95,USR037871,2025-11-29,2025-12-13,Online,172,72,91,89,On Hold
BAT000096,ENT00288,CRS013273,Corporate Training Batch 96,USR045593,2026-01-07,2026-04-07,Online,395,81,63,98,Running
BAT000097,ENT00183,CRS041736,Corporate Training Batch 97,USR042325,2026-01-14,2026-01-21,Hybrid,15,98,33,29,On Hold
BAT000098,ENT00349,CRS018428,Corporate Training Batch 98,USR029727,2026-01-16,2026-03-17,Online,414,71,73,42,Planned
BAT000099,ENT00273,CRS047357,Corporate Training Batch 99,USR030484,2026-02-03,2026-04-04,Online,433,70,31,72,Running
BAT000100,ENT00287,CRS039261,Corporate Training Batch 100,USR028917,2026-01-05,2026-02-04,Online,48,70,80,93,Running
BAT000101,ENT00117,CRS048355,Corporate Training Batch 101,USR011487,2026-02-07,2026-03-24,Hybrid,43,70,54,69,Completed
BAT000102,ENT00334,CRS040217,Corporate Training Batch 102,USR001471,2026-01-10,2026-03-11,Hybrid,470,97,38,61,Planned
BAT000103,ENT00427,CRS004202,Corporate Training Batch 103,USR044427,2026-03-18,2026-06-16,Online,267,85,38,87,Planned
BAT000104,ENT00117,CRS034047,Corporate Training Batch 104,USR043743,2026-03-15,2026-03-29,Offline,341,59,36,49,Running
BAT000105,ENT00429,CRS048901,Corporate Training Batch 105,USR024014,2026-03-27,2026-05-11,Offline,269,59,28,36,On Hold
BAT000106,ENT00308,CRS005891,Corporate Training Batch 106,USR042235,2025-12-23,2026-01-06,Offline,459,94,59,59,Planned
BAT000107,ENT00297,CRS046901,Corporate Training Batch 107,USR046560,2026-01-04,2026-02-03,Online,258,57,20,43,Planned
BAT000108,ENT00273,CRS037938,Corporate Training Batch 108,USR032905,2026-05-02,2026-07-01,Hybrid,344,98,41,100,On Hold
BAT000109,ENT00454,CRS016986,Corporate Training Batch 109,USR000122,2025-12-31,2026-01-07,Online,302,82,92,93,Running
BAT000110,ENT00154,CRS022999,Corporate Training Batch 110,USR039118,2025-12-27,2026-01-10,Offline,241,60,20,59,Planned
BAT000111,ENT00109,CRS018832,Corporate Training Batch 111,USR015552,2026-04-19,2026-06-18,Hybrid,32,75,64,75,On Hold
BAT000112,ENT00223,CRS049123,Corporate Training Batch 112,USR013504,2026-03-14,2026-06-12,Hybrid,123,68,64,46,Completed
BAT000113,ENT00428,CRS036170,Corporate Training Batch 113,USR020894,2026-01-11,2026-03-12,Hybrid,439,65,23,37,Completed
BAT000114,ENT00457,CRS003046,Corporate Training Batch 114,USR010427,2026-03-13,2026-03-27,Offline,332,100,67,88,On Hold
BAT000115,ENT00159,CRS040289,Corporate Training Batch 115,USR041027,2026-01-25,2026-02-24,Online,446,82,29,32,Running
BAT000116,ENT00045,CRS007592,Corporate Training Batch 116,USR017042,2026-02-24,2026-04-25,Online,53,61,82,94,On Hold
BAT000117,ENT00313,CRS045846,Corporate Training Batch 117,USR040970,2026-02-27,2026-03-06,Hybrid,306,90,81,28,On Hold
BAT000118,ENT00411,CRS014393,Corporate Training Batch 118,USR033358,2026-04-27,2026-06-26,Online,199,100,60,39,Planned
BAT000119,ENT00198,CRS003866,Corporate Training Batch 119,USR046361,2026-02-04,2026-03-21,Hybrid,214,98,75,67,Running
BAT000120,ENT00387,CRS040641,Corporate Training Batch 120,USR040132,2025-11-27,2026-01-26,Online,317,61,24,22,Completed
BAT000121,ENT00408,CRS004454,Corporate Training Batch 121,USR010842,2026-03-01,2026-04-15,Offline,74,94,24,70,On Hold
BAT000122,ENT00038,CRS030719,Corporate Training Batch 122,USR046850,2026-02-21,2026-04-07,Online,344,88,25,97,Running
BAT000123,ENT00317,CRS020423,Corporate Training Batch 123,USR021927,2025-11-18,2026-01-02,Online,322,82,20,82,Planned
BAT000124,ENT00307,CRS024223,Corporate Training Batch 124,USR015916,2026-01-03,2026-01-17,Offline,369,86,60,32,Running
BAT000125,ENT00468,CRS043327,Corporate Training Batch 125,USR015671,2026-05-08,2026-05-22,Online,299,62,81,52,Running
BAT000126,ENT00316,CRS032576,Corporate Training Batch 126,USR042680,2026-04-30,2026-06-29,Offline,79,86,35,70,On Hold
BAT000127,ENT00046,CRS008629,Corporate Training Batch 127,USR043470,2026-01-06,2026-01-20,Offline,373,67,28,41,Planned
BAT000128,ENT00032,CRS022734,Corporate Training Batch 128,USR019550,2026-01-11,2026-02-25,Offline,262,58,28,65,Planned
BAT000129,ENT00183,CRS032313,Corporate Training Batch 129,USR039962,2026-02-25,2026-03-04,Offline,305,79,100,35,On Hold
BAT000130,ENT00245,CRS039373,Corporate Training Batch 130,USR026441,2026-04-25,2026-06-09,Offline,419,78,49,52,Completed
BAT000131,ENT00177,CRS040994,Corporate Training Batch 131,USR036369,2025-11-21,2026-01-20,Online,369,58,21,59,Completed
BAT000132,ENT00085,CRS048359,Corporate Training Batch 132,USR005663,2026-03-04,2026-04-18,Hybrid,318,58,53,96,On Hold
BAT000133,ENT00046,CRS039104,Corporate Training Batch 133,USR041888,2025-12-13,2026-01-27,Online,245,85,54,79,On Hold
BAT000134,ENT00295,CRS049201,Corporate Training Batch 134,USR048093,2026-02-09,2026-05-10,Offline,334,80,57,25,Planned
BAT000135,ENT00240,CRS044186,Corporate Training Batch 135,USR029138,2026-01-03,2026-02-17,Hybrid,343,59,22,29,On Hold
BAT000136,ENT00321,CRS029664,Corporate Training Batch 136,USR019296,2025-11-17,2026-01-01,Offline,452,100,54,94,On Hold
BAT000137,ENT00213,CRS046843,Corporate Training Batch 137,USR022845,2025-11-14,2025-11-28,Offline,391,62,66,30,On Hold
BAT000138,ENT00031,CRS021343,Corporate Training Batch 138,USR032355,2026-03-14,2026-03-28,Online,144,60,98,90,On Hold
BAT000139,ENT00275,CRS048445,Corporate Training Batch 139,USR045871,2025-12-31,2026-01-14,Hybrid,73,97,55,63,Running
BAT000140,ENT00383,CRS045750,Corporate Training Batch 140,USR033416,2026-04-24,2026-05-08,Offline,337,98,24,36,Completed
BAT000141,ENT00253,CRS044096,Corporate Training Batch 141,USR005852,2026-01-16,2026-02-15,Offline,103,95,21,98,On Hold
BAT000142,ENT00220,CRS012825,Corporate Training Batch 142,USR020611,2026-02-01,2026-05-02,Offline,484,78,45,76,Planned
BAT000143,ENT00299,CRS045305,Corporate Training Batch 143,USR003192,2026-02-15,2026-04-01,Offline,59,57,81,68,Running
BAT000144,ENT00415,CRS044279,Corporate Training Batch 144,USR024324,2025-12-13,2026-02-11,Offline,407,81,56,100,Running
BAT000145,ENT00217,CRS045742,Corporate Training Batch 145,USR047343,2026-04-12,2026-07-11,Online,480,72,84,89,On Hold
BAT000146,ENT00417,CRS037860,Corporate Training Batch 146,USR014080,2026-03-09,2026-05-08,Online,487,59,82,73,On Hold
BAT000147,ENT00248,CRS020062,Corporate Training Batch 147,USR012177,2025-11-25,2026-01-24,Offline,338,99,89,65,Completed
BAT000148,ENT00030,CRS027037,Corporate Training Batch 148,USR048177,2025-11-30,2026-01-29,Online,83,87,92,58,Running
BAT000149,ENT00325,CRS034403,Corporate Training Batch 149,USR027185,2025-12-06,2026-01-20,Hybrid,366,57,49,86,On Hold
BAT000150,ENT00389,CRS025623,Corporate Training Batch 150,USR041713,2026-02-28,2026-05-29,Offline,409,95,37,77,Planned
BAT000151,ENT00095,CRS028148,Corporate Training Batch 151,USR044844,2026-03-27,2026-04-26,Offline,53,86,77,61,Running
BAT000152,ENT00254,CRS042248,Corporate Training Batch 152,USR017061,2025-11-23,2026-02-21,Offline,475,87,40,70,Completed
BAT000153,ENT00363,CRS041695,Corporate Training Batch 153,USR048993,2026-03-06,2026-06-04,Offline,36,84,38,68,Completed
BAT000154,ENT00243,CRS011251,Corporate Training Batch 154,USR038417,2026-03-26,2026-05-10,Offline,98,75,58,91,Planned
BAT000155,ENT00146,CRS035131,Corporate Training Batch 155,USR018458,2026-05-09,2026-05-16,Offline,255,65,21,73,Running
BAT000156,ENT00220,CRS002128,Corporate Training Batch 156,USR001977,2026-02-09,2026-02-23,Hybrid,351,62,57,42,Completed
BAT000157,ENT00312,CRS024679,Corporate Training Batch 157,USR024674,2026-03-01,2026-03-08,Online,139,96,76,21,Completed
BAT000158,ENT00321,CRS015496,Corporate Training Batch 158,USR018375,2026-01-14,2026-04-14,Hybrid,356,90,82,73,On Hold
BAT000159,ENT00017,CRS030103,Corporate Training Batch 159,USR035836,2025-12-25,2026-01-01,Offline,420,85,32,57,Planned
BAT000160,ENT00355,CRS033627,Corporate Training Batch 160,USR043751,2025-12-19,2026-03-19,Online,339,100,68,42,Planned
BAT000161,ENT00373,CRS031016,Corporate Training Batch 161,USR015114,2025-11-19,2025-12-19,Online,359,82,20,95,Completed
BAT000162,ENT00337,CRS029668,Corporate Training Batch 162,USR036937,2025-12-17,2026-01-16,Online,146,96,88,94,On Hold
BAT000163,ENT00427,CRS012275,Corporate Training Batch 163,USR025848,2026-02-01,2026-05-02,Offline,423,59,20,32,On Hold
BAT000164,ENT00223,CRS019217,Corporate Training Batch 164,USR010976,2026-03-22,2026-05-06,Hybrid,257,94,93,30,Running
BAT000165,ENT00230,CRS032447,Corporate Training Batch 165,USR010819,2025-12-19,2026-02-17,Online,438,93,75,45,Planned
BAT000166,ENT00286,CRS047305,Corporate Training Batch 166,USR049231,2025-12-19,2026-02-17,Online,117,100,37,75,Planned
BAT000167,ENT00256,CRS014494,Corporate Training Batch 167,USR048596,2025-12-07,2025-12-21,Offline,453,99,85,86,Planned
BAT000168,ENT00465,CRS045989,Corporate Training Batch 168,USR009821,2026-03-17,2026-04-16,Online,192,89,90,21,Running
BAT000169,ENT00007,CRS045018,Corporate Training Batch 169,USR003346,2026-05-06,2026-06-05,Hybrid,65,75,39,61,Running
BAT000170,ENT00085,CRS009785,Corporate Training Batch 170,USR023760,2026-03-24,2026-06-22,Offline,432,80,28,82,On Hold
BAT000171,ENT00391,CRS042914,Corporate Training Batch 171,USR038797,2026-01-06,2026-03-07,Hybrid,242,68,24,99,Planned
BAT000172,ENT00240,CRS003082,Corporate Training Batch 172,USR046590,2026-02-19,2026-05-20,Online,397,96,92,54,Running
BAT000173,ENT00077,CRS030257,Corporate Training Batch 173,USR009343,2026-04-12,2026-04-26,Online,176,69,69,41,Planned
BAT000174,ENT00213,CRS042974,Corporate Training Batch 174,USR000468,2026-01-29,2026-03-30,Offline,150,72,94,64,On Hold
BAT000175,ENT00461,CRS033704,Corporate Training Batch 175,USR023162,2026-05-11,2026-05-25,Online,101,72,98,90,Running
BAT000176,ENT00335,CRS014818,Corporate Training Batch 176,USR025251,2026-03-22,2026-05-21,Hybrid,244,67,28,59,Completed
BAT000177,ENT00211,CRS001737,Corporate Training Batch 177,USR013123,2026-03-07,2026-03-14,Hybrid,48,59,100,37,Completed
BAT000178,ENT00423,CRS023212,Corporate Training Batch 178,USR041442,2026-03-11,2026-06-09,Hybrid,81,81,20,49,Completed
BAT000179,ENT00256,CRS013592,Corporate Training Batch 179,USR010436,2026-03-16,2026-04-15,Online,49,66,78,83,Planned
BAT000180,ENT00320,CRS000515,Corporate Training Batch 180,USR022368,2025-12-09,2026-02-07,Offline,54,100,50,43,Running
BAT000181,ENT00011,CRS047643,Corporate Training Batch 181,USR010541,2026-02-06,2026-02-13,Hybrid,388,60,48,96,Planned
BAT000182,ENT00401,CRS017403,Corporate Training Batch 182,USR020368,2026-04-14,2026-06-13,Online,35,98,42,23,Completed
BAT000183,ENT00261,CRS042262,Corporate Training Batch 183,USR034640,2026-02-04,2026-03-06,Offline,471,97,98,26,Running
BAT000184,ENT00263,CRS038764,Corporate Training Batch 184,USR039466,2026-03-31,2026-04-30,Hybrid,478,61,32,56,Running
BAT000185,ENT00231,CRS048408,Corporate Training Batch 185,USR013208,2026-01-12,2026-04-12,Online,416,89,80,50,On Hold
BAT000186,ENT00437,CRS022782,Corporate Training Batch 186,USR006085,2025-12-04,2025-12-18,Hybrid,247,94,83,87,Running
BAT000187,ENT00105,CRS042539,Corporate Training Batch 187,USR049202,2026-03-16,2026-04-15,Hybrid,75,88,96,77,Completed
BAT000188,ENT00378,CRS002809,Corporate Training Batch 188,USR040208,2026-04-12,2026-06-11,Offline,162,84,30,59,Planned
BAT000189,ENT00199,CRS000849,Corporate Training Batch 189,USR044063,2025-11-29,2026-02-27,Offline,163,75,42,21,Completed
BAT000190,ENT00198,CRS006101,Corporate Training Batch 190,USR010500,2025-12-08,2026-03-08,Offline,105,67,26,96,On Hold
BAT000191,ENT00413,CRS048880,Corporate Training Batch 191,USR002159,2026-02-07,2026-03-24,Hybrid,69,57,25,83,Planned
BAT000192,ENT00347,CRS009037,Corporate Training Batch 192,USR012808,2025-12-05,2026-01-04,Offline,36,63,76,79,Completed
BAT000193,ENT00430,CRS027036,Corporate Training Batch 193,USR044870,2025-11-23,2025-12-07,Hybrid,163,63,47,37,Planned
BAT000194,ENT00027,CRS002771,Corporate Training Batch 194,USR047175,2026-01-08,2026-04-08,Online,374,69,87,43,Completed
BAT000195,ENT00268,CRS003640,Corporate Training Batch 195,USR012043,2025-12-04,2026-01-18,Online,398,72,80,46,Completed
BAT000196,ENT00083,CRS033309,Corporate Training Batch 196,USR029074,2026-03-08,2026-04-22,Hybrid,278,62,35,52,Planned
BAT000197,ENT00072,CRS015672,Corporate Training Batch 197,USR038657,2026-03-10,2026-03-17,Offline,141,89,53,77,Planned
BAT000198,ENT00388,CRS021508,Corporate Training Batch 198,USR034425,2026-04-25,2026-05-02,Online,63,98,27,22,On Hold
BAT000199,ENT00008,CRS040492,Corporate Training Batch 199,USR007294,2026-03-29,2026-06-27,Online,51,89,71,85,Planned
BAT000200,ENT00076,CRS000303,Corporate Training Batch 200,USR048328,2026-04-20,2026-06-04,Online,199,76,64,49,Running
BAT000201,ENT00379,CRS038046,Corporate Training Batch 201,USR001475,2026-02-27,2026-03-29,Online,431,82,85,77,Planned
BAT000202,ENT00419,CRS004760,Corporate Training Batch 202,USR001885,2025-12-10,2026-02-08,Online,384,67,23,70,Planned
BAT000203,ENT00131,CRS037267,Corporate Training Batch 203,USR030022,2025-12-29,2026-03-29,Hybrid,99,85,36,39,On Hold
BAT000204,ENT00109,CRS025021,Corporate Training Batch 204,USR003012,2025-11-15,2025-12-15,Online,15,85,30,21,On Hold
BAT000205,ENT00217,CRS000636,Corporate Training Batch 205,USR048030,2026-04-22,2026-05-22,Online,142,80,79,53,Completed
BAT000206,ENT00484,CRS008913,Corporate Training Batch 206,USR046510,2026-02-21,2026-02-28,Hybrid,442,89,83,63,Planned
BAT000207,ENT00216,CRS004651,Corporate Training Batch 207,USR045064,2025-11-22,2026-01-21,Online,408,96,83,83,Planned
BAT000208,ENT00439,CRS017420,Corporate Training Batch 208,USR041807,2026-04-25,2026-05-09,Hybrid,17,61,60,42,Running
BAT000209,ENT00239,CRS046644,Corporate Training Batch 209,USR001138,2025-12-30,2026-03-30,Hybrid,475,97,81,44,Running
BAT000210,ENT00287,CRS025276,Corporate Training Batch 210,USR040066,2026-03-09,2026-04-23,Hybrid,56,70,87,47,Completed
BAT000211,ENT00041,CRS043818,Corporate Training Batch 211,USR042031,2026-01-06,2026-01-20,Offline,462,82,72,98,Planned
BAT000212,ENT00395,CRS016299,Corporate Training Batch 212,USR030664,2025-12-26,2026-01-25,Hybrid,478,78,37,60,Running
BAT000213,ENT00215,CRS028342,Corporate Training Batch 213,USR040904,2026-03-10,2026-03-17,Offline,476,80,96,54,Running
BAT000214,ENT00129,CRS018767,Corporate Training Batch 214,USR045484,2026-04-25,2026-05-09,Offline,92,82,86,100,Planned
BAT000215,ENT00009,CRS012799,Corporate Training Batch 215,USR014843,2026-04-30,2026-07-29,Online,468,94,28,39,On Hold
BAT000216,ENT00420,CRS009160,Corporate Training Batch 216,USR019264,2026-04-03,2026-07-02,Offline,57,84,77,22,Planned
BAT000217,ENT00464,CRS012463,Corporate Training Batch 217,USR004009,2026-05-12,2026-08-10,Hybrid,435,65,69,39,Completed
BAT000218,ENT00329,CRS004039,Corporate Training Batch 218,USR018249,2026-03-14,2026-04-28,Offline,146,75,72,68,On Hold
BAT000219,ENT00273,CRS026623,Corporate Training Batch 219,USR049262,2026-04-27,2026-07-26,Online,373,83,28,97,Completed
BAT000220,ENT00156,CRS014198,Corporate Training Batch 220,USR014084,2026-03-11,2026-05-10,Online,417,81,93,74,Planned
BAT000221,ENT00182,CRS020542,Corporate Training Batch 221,USR009273,2026-01-05,2026-02-19,Online,440,85,86,29,Planned
BAT000222,ENT00100,CRS039354,Corporate Training Batch 222,USR015808,2025-12-01,2026-01-30,Hybrid,254,89,63,26,Completed
BAT000223,ENT00032,CRS019990,Corporate Training Batch 223,USR006464,2026-01-16,2026-02-15,Hybrid,156,84,35,80,Running
BAT000224,ENT00428,CRS000457,Corporate Training Batch 224,USR003945,2026-05-04,2026-05-18,Offline,149,98,95,67,Running
BAT000225,ENT00281,CRS034278,Corporate Training Batch 225,USR021597,2025-12-22,2025-12-29,Offline,119,91,77,76,Completed
BAT000226,ENT00274,CRS041299,Corporate Training Batch 226,USR047365,2026-04-06,2026-05-21,Offline,393,92,26,80,Completed
BAT000227,ENT00344,CRS043813,Corporate Training Batch 227,USR021642,2026-05-02,2026-07-01,Online,59,72,20,55,On Hold
BAT000228,ENT00235,CRS000611,Corporate Training Batch 228,USR012514,2026-02-28,2026-05-29,Offline,34,73,92,98,Running
BAT000229,ENT00407,CRS028785,Corporate Training Batch 229,USR042400,2026-01-05,2026-04-05,Hybrid,496,87,68,93,Running
BAT000230,ENT00097,CRS001864,Corporate Training Batch 230,USR042596,2025-12-04,2026-01-03,Online,193,60,51,61,On Hold
BAT000231,ENT00263,CRS009258,Corporate Training Batch 231,USR017147,2025-12-24,2026-02-22,Offline,487,81,95,84,On Hold
BAT000232,ENT00335,CRS035356,Corporate Training Batch 232,USR038467,2026-03-19,2026-05-03,Hybrid,426,86,84,31,Planned
BAT000233,ENT00175,CRS028841,Corporate Training Batch 233,USR025970,2026-01-20,2026-04-20,Online,298,100,79,63,Running
BAT000234,ENT00398,CRS027304,Corporate Training Batch 234,USR041243,2026-03-28,2026-06-26,Online,114,66,57,74,Completed
BAT000235,ENT00213,CRS014933,Corporate Training Batch 235,USR032320,2026-04-09,2026-05-24,Online,460,71,98,75,Planned
BAT000236,ENT00365,CRS007270,Corporate Training Batch 236,USR030187,2026-02-06,2026-04-07,Hybrid,138,91,92,80,Running
BAT000237,ENT00148,CRS011086,Corporate Training Batch 237,USR001778,2026-05-05,2026-05-12,Hybrid,312,87,99,27,Running
BAT000238,ENT00426,CRS003506,Corporate Training Batch 238,USR008527,2026-04-04,2026-07-03,Hybrid,403,91,43,100,Running
BAT000239,ENT00230,CRS028582,Corporate Training Batch 239,USR040071,2026-02-26,2026-03-12,Hybrid,499,82,55,53,Completed
BAT000240,ENT00066,CRS023328,Corporate Training Batch 240,USR043946,2026-02-04,2026-03-21,Hybrid,371,72,62,59,Planned
BAT000241,ENT00216,CRS032180,Corporate Training Batch 241,USR010094,2026-01-14,2026-01-21,Online,269,90,93,81,Running
BAT000242,ENT00024,CRS013421,Corporate Training Batch 242,USR032741,2025-12-08,2026-02-06,Hybrid,22,81,74,44,Completed
BAT000243,ENT00036,CRS011767,Corporate Training Batch 243,USR011376,2026-01-26,2026-03-27,Online,377,87,90,32,On Hold
BAT000244,ENT00096,CRS042477,Corporate Training Batch 244,USR017066,2025-11-21,2025-12-21,Online,413,76,36,55,On Hold
BAT000245,ENT00478,CRS002971,Corporate Training Batch 245,USR029725,2025-12-03,2026-01-17,Online,297,89,61,34,Completed
BAT000246,ENT00082,CRS034708,Corporate Training Batch 246,USR023032,2025-12-21,2026-01-20,Online,312,77,88,98,Planned
BAT000247,ENT00330,CRS033768,Corporate Training Batch 247,USR009746,2026-01-29,2026-03-30,Offline,378,60,85,58,Completed
BAT000248,ENT00002,CRS004474,Corporate Training Batch 248,USR017622,2026-03-10,2026-06-08,Offline,384,94,93,82,Completed
BAT000249,ENT00420,CRS039426,Corporate Training Batch 249,USR040514,2026-03-20,2026-03-27,Online,394,87,81,36,On Hold
BAT000250,ENT00420,CRS021330,Corporate Training Batch 250,USR012130,2026-05-06,2026-06-20,Online,68,96,86,43,Planned
BAT000251,ENT00121,CRS026774,Corporate Training Batch 251,USR004695,2025-11-25,2025-12-25,Online,280,79,39,96,Planned
BAT000252,ENT00480,CRS011345,Corporate Training Batch 252,USR004115,2026-02-28,2026-03-14,Online,62,81,34,93,Planned
BAT000253,ENT00101,CRS032840,Corporate Training Batch 253,USR029994,2026-04-29,2026-05-06,Online,34,60,26,42,Planned
BAT000254,ENT00271,CRS013806,Corporate Training Batch 254,USR025066,2026-02-13,2026-04-14,Online,303,83,90,22,Planned
BAT000255,ENT00166,CRS019209,Corporate Training Batch 255,USR037272,2026-03-03,2026-03-10,Offline,244,56,77,34,Running
BAT000256,ENT00363,CRS047919,Corporate Training Batch 256,USR035162,2026-01-20,2026-02-03,Hybrid,385,83,35,99,Planned
BAT000257,ENT00125,CRS023856,Corporate Training Batch 257,USR002737,2025-11-23,2026-01-07,Online,260,92,36,42,Running
BAT000258,ENT00423,CRS007826,Corporate Training Batch 258,USR004159,2026-04-29,2026-07-28,Offline,49,65,25,94,Completed
BAT000259,ENT00276,CRS046076,Corporate Training Batch 259,USR029897,2026-02-19,2026-04-05,Offline,244,87,100,39,Completed
BAT000260,ENT00076,CRS029352,Corporate Training Batch 260,USR038071,2026-05-08,2026-08-06,Online,412,74,88,21,Running
BAT000261,ENT00114,CRS022291,Corporate Training Batch 261,USR039832,2026-02-09,2026-02-16,Offline,148,86,66,84,Running
BAT000262,ENT00336,CRS031642,Corporate Training Batch 262,USR029780,2026-02-19,2026-03-05,Hybrid,43,77,63,66,On Hold
BAT000263,ENT00486,CRS025596,Corporate Training Batch 263,USR002283,2026-03-25,2026-05-24,Offline,497,55,26,74,Running
BAT000264,ENT00375,CRS021085,Corporate Training Batch 264,USR002493,2026-01-10,2026-03-11,Online,174,90,80,33,Running
BAT000265,ENT00209,CRS041216,Corporate Training Batch 265,USR023368,2025-11-23,2026-01-22,Online,33,82,42,75,On Hold
BAT000266,ENT00393,CRS049987,Corporate Training Batch 266,USR002319,2025-11-21,2026-01-05,Hybrid,246,71,91,72,Planned
BAT000267,ENT00336,CRS020953,Corporate Training Batch 267,USR040511,2025-11-24,2026-01-23,Offline,363,63,65,65,Completed
BAT000268,ENT00175,CRS004984,Corporate Training Batch 268,USR013859,2026-04-12,2026-05-12,Online,364,94,99,100,Completed
BAT000269,ENT00387,CRS008957,Corporate Training Batch 269,USR009867,2026-03-19,2026-05-03,Online,94,69,64,70,On Hold
BAT000270,ENT00093,CRS000306,Corporate Training Batch 270,USR012705,2026-02-16,2026-03-02,Hybrid,390,58,38,43,On Hold
BAT000271,ENT00105,CRS036520,Corporate Training Batch 271,USR043728,2026-02-18,2026-05-19,Hybrid,376,72,69,74,Completed
BAT000272,ENT00246,CRS032678,Corporate Training Batch 272,USR012939,2026-05-13,2026-08-11,Offline,216,63,39,38,Planned
BAT000273,ENT00376,CRS007084,Corporate Training Batch 273,USR017703,2026-03-04,2026-05-03,Online,147,90,29,37,On Hold
BAT000274,ENT00217,CRS044842,Corporate Training Batch 274,USR031375,2026-03-20,2026-04-03,Hybrid,131,82,100,99,On Hold
BAT000275,ENT00253,CRS045328,Corporate Training Batch 275,USR019281,2026-03-07,2026-05-06,Offline,100,63,58,79,Running
BAT000276,ENT00432,CRS025537,Corporate Training Batch 276,USR037614,2025-12-19,2026-02-17,Offline,204,92,66,45,Planned
BAT000277,ENT00433,CRS012679,Corporate Training Batch 277,USR001562,2025-11-26,2025-12-10,Online,202,86,32,46,On Hold
BAT000278,ENT00371,CRS030637,Corporate Training Batch 278,USR039490,2025-12-23,2026-01-06,Online,346,79,20,57,Planned
BAT000279,ENT00090,CRS009288,Corporate Training Batch 279,USR025853,2026-04-18,2026-05-18,Online,38,71,57,96,Completed
BAT000280,ENT00054,CRS047058,Corporate Training Batch 280,USR036142,2026-01-22,2026-02-21,Hybrid,35,77,58,76,Completed
BAT000281,ENT00021,CRS021417,Corporate Training Batch 281,USR023182,2026-01-25,2026-02-08,Online,359,84,91,27,Planned
BAT000282,ENT00088,CRS031884,Corporate Training Batch 282,USR044484,2026-03-11,2026-06-09,Online,325,93,24,96,Completed
BAT000283,ENT00067,CRS040431,Corporate Training Batch 283,USR039814,2026-03-11,2026-06-09,Offline,21,58,35,62,On Hold
BAT000284,ENT00337,CRS037647,Corporate Training Batch 284,USR004206,2025-11-18,2026-01-02,Offline,160,66,93,21,Running
BAT000285,ENT00165,CRS010956,Corporate Training Batch 285,USR035413,2026-04-22,2026-07-21,Online,388,82,41,31,Completed
BAT000286,ENT00454,CRS003157,Corporate Training Batch 286,USR034739,2026-03-02,2026-05-01,Online,324,80,21,22,On Hold
BAT000287,ENT00076,CRS017802,Corporate Training Batch 287,USR025805,2026-03-09,2026-03-16,Online,266,56,47,73,Planned
BAT000288,ENT00010,CRS025290,Corporate Training Batch 288,USR020576,2026-04-20,2026-06-04,Hybrid,465,57,65,55,Completed
BAT000289,ENT00429,CRS045632,Corporate Training Batch 289,USR043827,2025-12-28,2026-02-26,Offline,118,68,44,52,On Hold
BAT000290,ENT00379,CRS042882,Corporate Training Batch 290,USR042239,2025-12-10,2026-01-09,Hybrid,472,78,74,69,Planned
BAT000291,ENT00080,CRS029613,Corporate Training Batch 291,USR034654,2025-12-29,2026-01-05,Hybrid,47,61,30,85,Planned
BAT000292,ENT00486,CRS002513,Corporate Training Batch 292,USR027608,2025-12-27,2026-02-10,Offline,105,61,45,39,Completed
BAT000293,ENT00381,CRS041870,Corporate Training Batch 293,USR035982,2026-03-26,2026-04-09,Offline,209,85,71,100,On Hold
BAT000294,ENT00070,CRS025029,Corporate Training Batch 294,USR037186,2026-03-18,2026-05-17,Hybrid,54,73,24,84,Planned
BAT000295,ENT00165,CRS006842,Corporate Training Batch 295,USR026680,2026-01-12,2026-01-26,Online,151,65,55,36,Running
BAT000296,ENT00496,CRS022339,Corporate Training Batch 296,USR003170,2025-12-19,2026-02-02,Hybrid,41,94,59,51,Completed
BAT000297,ENT00420,CRS026361,Corporate Training Batch 297,USR005164,2026-05-07,2026-07-06,Hybrid,13,99,43,80,Planned
BAT000298,ENT00325,CRS019583,Corporate Training Batch 298,USR031860,2026-03-27,2026-05-26,Offline,483,64,40,20,On Hold
BAT000299,ENT00494,CRS017075,Corporate Training Batch 299,USR020831,2026-03-31,2026-04-07,Hybrid,179,89,28,70,On Hold
BAT000300,ENT00238,CRS014703,Corporate Training Batch 300,USR010535,2025-12-02,2025-12-16,Offline,171,91,68,74,On Hold
BAT000301,ENT00354,CRS042680,Corporate Training Batch 301,USR049829,2025-11-30,2026-01-29,Offline,22,98,72,90,Completed
BAT000302,ENT00019,CRS009555,Corporate Training Batch 302,USR026738,2026-02-23,2026-03-25,Hybrid,63,65,32,34,On Hold
BAT000303,ENT00172,CRS032122,Corporate Training Batch 303,USR029877,2026-04-23,2026-06-07,Online,477,82,45,87,On Hold
BAT000304,ENT00069,CRS001718,Corporate Training Batch 304,USR016985,2026-03-25,2026-05-09,Offline,259,91,66,81,On Hold
BAT000305,ENT00415,CRS020754,Corporate Training Batch 305,USR031563,2026-04-15,2026-07-14,Offline,100,58,60,56,Running
BAT000306,ENT00207,CRS042887,Corporate Training Batch 306,USR026673,2025-11-17,2025-12-01,Hybrid,283,93,24,100,Completed
BAT000307,ENT00448,CRS021290,Corporate Training Batch 307,USR040270,2026-02-04,2026-02-11,Hybrid,119,98,58,38,Completed
BAT000308,ENT00154,CRS018677,Corporate Training Batch 308,USR037013,2026-05-03,2026-08-01,Offline,162,73,31,30,Running
BAT000309,ENT00476,CRS014323,Corporate Training Batch 309,USR035521,2026-03-29,2026-04-12,Offline,235,76,37,46,Running
BAT000310,ENT00226,CRS017288,Corporate Training Batch 310,USR005256,2025-11-15,2025-12-30,Online,330,93,35,39,Planned
BAT000311,ENT00199,CRS013025,Corporate Training Batch 311,USR027142,2026-01-06,2026-04-06,Online,100,74,39,62,Running
BAT000312,ENT00127,CRS049197,Corporate Training Batch 312,USR023962,2026-04-25,2026-06-09,Hybrid,357,61,32,28,Running
BAT000313,ENT00448,CRS005958,Corporate Training Batch 313,USR049759,2025-12-15,2026-03-15,Online,129,93,51,43,On Hold
BAT000314,ENT00358,CRS049312,Corporate Training Batch 314,USR008058,2025-12-14,2026-02-12,Hybrid,310,78,82,27,On Hold
BAT000315,ENT00445,CRS025596,Corporate Training Batch 315,USR012870,2026-03-16,2026-04-15,Online,156,84,74,90,Running
BAT000316,ENT00261,CRS031148,Corporate Training Batch 316,USR025748,2025-11-19,2025-12-19,Hybrid,138,64,38,87,Completed
BAT000317,ENT00255,CRS036668,Corporate Training Batch 317,USR004124,2026-05-09,2026-07-08,Offline,103,87,36,87,On Hold
BAT000318,ENT00216,CRS048721,Corporate Training Batch 318,USR012781,2026-04-09,2026-06-08,Hybrid,221,77,44,98,On Hold
BAT000319,ENT00085,CRS000453,Corporate Training Batch 319,USR048363,2026-04-24,2026-06-08,Online,16,69,62,99,Planned
BAT000320,ENT00213,CRS032176,Corporate Training Batch 320,USR016190,2026-04-29,2026-06-28,Online,199,98,59,32,Completed
BAT000321,ENT00034,CRS037460,Corporate Training Batch 321,USR033748,2025-12-19,2026-01-18,Offline,436,75,37,62,Planned
BAT000322,ENT00022,CRS045830,Corporate Training Batch 322,USR043493,2026-01-31,2026-02-07,Offline,59,89,88,72,On Hold
BAT000323,ENT00448,CRS010054,Corporate Training Batch 323,USR029593,2026-04-11,2026-07-10,Hybrid,103,81,54,69,Planned
BAT000324,ENT00459,CRS033006,Corporate Training Batch 324,USR028084,2025-12-08,2026-03-08,Hybrid,160,95,46,28,Completed
BAT000325,ENT00495,CRS035232,Corporate Training Batch 325,USR007363,2026-01-11,2026-02-25,Offline,416,63,78,100,On Hold
BAT000326,ENT00166,CRS040850,Corporate Training Batch 326,USR035891,2026-03-27,2026-04-10,Hybrid,84,77,75,20,Running
BAT000327,ENT00491,CRS041522,Corporate Training Batch 327,USR015406,2026-03-04,2026-04-18,Hybrid,248,66,42,25,Running
BAT000328,ENT00231,CRS034166,Corporate Training Batch 328,USR019787,2026-01-19,2026-02-18,Offline,391,68,51,37,Running
BAT000329,ENT00065,CRS033506,Corporate Training Batch 329,USR043578,2026-04-04,2026-07-03,Hybrid,428,86,87,86,Completed
BAT000330,ENT00463,CRS024623,Corporate Training Batch 330,USR049515,2026-03-18,2026-05-02,Hybrid,462,78,94,73,Running
BAT000331,ENT00383,CRS008602,Corporate Training Batch 331,USR010535,2025-11-21,2025-12-21,Hybrid,17,65,64,31,Completed
BAT000332,ENT00446,CRS042948,Corporate Training Batch 332,USR049525,2026-03-06,2026-04-05,Hybrid,228,71,22,94,Planned
BAT000333,ENT00038,CRS000585,Corporate Training Batch 333,USR044746,2026-04-01,2026-05-16,Hybrid,104,83,48,79,Completed
BAT000334,ENT00180,CRS010132,Corporate Training Batch 334,USR006313,2026-03-11,2026-04-25,Offline,144,84,88,78,Planned
BAT000335,ENT00437,CRS038354,Corporate Training Batch 335,USR000176,2026-05-13,2026-06-12,Online,247,80,77,24,Running
BAT000336,ENT00319,CRS007777,Corporate Training Batch 336,USR005346,2026-04-26,2026-06-25,Offline,94,63,55,32,Planned
BAT000337,ENT00119,CRS040841,Corporate Training Batch 337,USR006434,2025-12-17,2026-01-31,Offline,378,74,53,62,On Hold
BAT000338,ENT00241,CRS046418,Corporate Training Batch 338,USR028079,2026-04-28,2026-07-27,Hybrid,129,62,96,97,Running
BAT000339,ENT00240,CRS005524,Corporate Training Batch 339,USR002709,2026-01-04,2026-02-18,Online,206,92,31,87,Completed
BAT000340,ENT00021,CRS041725,Corporate Training Batch 340,USR026534,2026-02-15,2026-04-16,Online,452,87,74,74,Planned
BAT000341,ENT00465,CRS039584,Corporate Training Batch 341,USR029914,2025-12-14,2026-01-28,Hybrid,249,63,80,77,On Hold
BAT000342,ENT00243,CRS029244,Corporate Training Batch 342,USR024448,2026-04-03,2026-05-18,Hybrid,282,84,95,52,Planned
BAT000343,ENT00382,CRS008231,Corporate Training Batch 343,USR039350,2026-04-13,2026-04-27,Offline,258,64,32,44,On Hold
BAT000344,ENT00269,CRS015887,Corporate Training Batch 344,USR008771,2026-02-06,2026-04-07,Online,300,66,22,43,Planned
BAT000345,ENT00036,CRS045008,Corporate Training Batch 345,USR000187,2026-01-05,2026-03-06,Online,495,76,75,23,Running
BAT000346,ENT00048,CRS048880,Corporate Training Batch 346,USR046062,2026-04-12,2026-07-11,Online,413,71,96,27,Running
BAT000347,ENT00094,CRS033633,Corporate Training Batch 347,USR029396,2026-05-01,2026-05-08,Hybrid,133,73,68,56,Planned
BAT000348,ENT00481,CRS034695,Corporate Training Batch 348,USR043848,2026-05-09,2026-05-23,Hybrid,234,75,75,45,Completed
BAT000349,ENT00053,CRS020394,Corporate Training Batch 349,USR006895,2025-12-20,2026-01-03,Offline,241,62,20,83,On Hold
BAT000350,ENT00444,CRS039733,Corporate Training Batch 350,USR002802,2026-01-02,2026-04-02,Online,166,65,77,76,On Hold
BAT000351,ENT00025,CRS002529,Corporate Training Batch 351,USR036696,2026-03-24,2026-03-31,Hybrid,78,95,86,38,Running
BAT000352,ENT00226,CRS034394,Corporate Training Batch 352,USR023209,2026-03-05,2026-06-03,Online,228,57,21,88,On Hold
BAT000353,ENT00051,CRS017583,Corporate Training Batch 353,USR013779,2026-02-05,2026-02-12,Offline,97,65,83,59,Planned
BAT000354,ENT00263,CRS032682,Corporate Training Batch 354,USR046595,2025-12-09,2026-01-08,Hybrid,231,88,66,97,On Hold
BAT000355,ENT00434,CRS027559,Corporate Training Batch 355,USR032380,2026-04-18,2026-04-25,Online,370,79,80,98,Running
BAT000356,ENT00266,CRS005644,Corporate Training Batch 356,USR039618,2026-02-10,2026-02-17,Offline,281,80,64,26,On Hold
BAT000357,ENT00253,CRS008255,Corporate Training Batch 357,USR014109,2026-04-26,2026-05-10,Offline,146,65,23,21,Planned
BAT000358,ENT00494,CRS007814,Corporate Training Batch 358,USR040133,2025-12-22,2025-12-29,Hybrid,275,76,99,53,On Hold
BAT000359,ENT00405,CRS041047,Corporate Training Batch 359,USR006448,2025-12-29,2026-02-27,Online,25,73,25,72,On Hold
BAT000360,ENT00189,CRS037318,Corporate Training Batch 360,USR026655,2025-12-03,2025-12-10,Hybrid,27,56,85,100,On Hold
BAT000361,ENT00377,CRS037372,Corporate Training Batch 361,USR007919,2026-04-25,2026-06-24,Online,196,81,32,56,Planned
BAT000362,ENT00434,CRS009446,Corporate Training Batch 362,USR002767,2026-03-29,2026-06-27,Hybrid,468,60,49,78,Planned
BAT000363,ENT00282,CRS014016,Corporate Training Batch 363,USR003308,2026-01-04,2026-03-05,Online,22,88,76,39,Running
BAT000364,ENT00137,CRS024866,Corporate Training Batch 364,USR032124,2025-11-30,2026-02-28,Online,150,70,76,33,On Hold
BAT000365,ENT00056,CRS020569,Corporate Training Batch 365,USR047697,2026-04-16,2026-04-30,Offline,19,82,89,77,On Hold
BAT000366,ENT00449,CRS011264,Corporate Training Batch 366,USR003513,2026-02-11,2026-05-12,Offline,296,63,22,71,On Hold
BAT000367,ENT00412,CRS024994,Corporate Training Batch 367,USR006034,2026-03-15,2026-05-14,Hybrid,11,90,42,63,On Hold
BAT000368,ENT00207,CRS013877,Corporate Training Batch 368,USR046906,2025-11-15,2026-01-14,Offline,369,70,93,49,On Hold
BAT000369,ENT00442,CRS003114,Corporate Training Batch 369,USR033782,2026-03-25,2026-06-23,Offline,51,63,71,32,Completed
BAT000370,ENT00260,CRS023078,Corporate Training Batch 370,USR024010,2026-02-11,2026-04-12,Online,252,96,54,30,Running
BAT000371,ENT00416,CRS029698,Corporate Training Batch 371,USR015680,2025-12-20,2026-03-20,Hybrid,156,94,23,94,Completed
BAT000372,ENT00007,CRS034218,Corporate Training Batch 372,USR023064,2026-01-13,2026-04-13,Offline,166,93,54,48,On Hold
BAT000373,ENT00394,CRS006779,Corporate Training Batch 373,USR004949,2026-02-14,2026-04-15,Hybrid,367,68,75,92,Planned
BAT000374,ENT00332,CRS013154,Corporate Training Batch 374,USR008112,2026-03-10,2026-03-17,Offline,159,62,83,48,Completed
BAT000375,ENT00135,CRS010144,Corporate Training Batch 375,USR044186,2026-05-11,2026-07-10,Online,175,84,84,94,On Hold
BAT000376,ENT00289,CRS037934,Corporate Training Batch 376,USR019924,2026-05-07,2026-07-06,Offline,459,95,55,80,Planned
BAT000377,ENT00209,CRS046699,Corporate Training Batch 377,USR031871,2026-01-01,2026-01-08,Offline,469,64,32,94,Planned
BAT000378,ENT00397,CRS029357,Corporate Training Batch 378,USR028793,2026-02-21,2026-02-28,Online,212,74,88,81,On Hold
BAT000379,ENT00031,CRS019914,Corporate Training Batch 379,USR007603,2025-12-03,2025-12-17,Hybrid,34,58,85,73,On Hold
BAT000380,ENT00102,CRS020071,Corporate Training Batch 380,USR030661,2026-01-04,2026-04-04,Hybrid,467,62,83,38,On Hold
BAT000381,ENT00354,CRS031842,Corporate Training Batch 381,USR043287,2026-04-22,2026-04-29,Offline,118,87,80,46,Completed
BAT000382,ENT00170,CRS022837,Corporate Training Batch 382,USR021350,2026-01-24,2026-02-23,Hybrid,332,81,77,96,Completed
BAT000383,ENT00346,CRS003703,Corporate Training Batch 383,USR019777,2025-12-04,2025-12-11,Offline,297,76,38,38,Running
BAT000384,ENT00339,CRS007881,Corporate Training Batch 384,USR014403,2026-03-18,2026-06-16,Hybrid,419,75,74,56,Planned
BAT000385,ENT00212,CRS032282,Corporate Training Batch 385,USR021441,2025-11-17,2025-12-17,Hybrid,278,96,37,34,Running
BAT000386,ENT00320,CRS027940,Corporate Training Batch 386,USR018613,2026-02-05,2026-02-12,Hybrid,250,78,57,63,Running
BAT000387,ENT00432,CRS005155,Corporate Training Batch 387,USR025211,2026-02-25,2026-04-26,Hybrid,351,84,35,37,On Hold
BAT000388,ENT00333,CRS028546,Corporate Training Batch 388,USR014409,2025-11-21,2025-11-28,Online,357,75,87,32,Completed
BAT000389,ENT00287,CRS001875,Corporate Training Batch 389,USR037687,2026-01-17,2026-04-17,Online,210,79,35,43,Planned
BAT000390,ENT00191,CRS005777,Corporate Training Batch 390,USR046560,2026-03-09,2026-04-23,Hybrid,106,86,80,43,Planned
BAT000391,ENT00037,CRS014232,Corporate Training Batch 391,USR041967,2026-02-12,2026-05-13,Offline,326,87,32,78,Running
BAT000392,ENT00377,CRS026679,Corporate Training Batch 392,USR021355,2026-03-13,2026-03-27,Offline,70,62,100,99,Planned
BAT000393,ENT00339,CRS019391,Corporate Training Batch 393,USR000724,2026-01-30,2026-03-01,Hybrid,374,96,95,100,Planned
BAT000394,ENT00477,CRS010477,Corporate Training Batch 394,USR023659,2025-12-25,2026-02-08,Online,281,57,51,29,Planned
BAT000395,ENT00268,CRS019546,Corporate Training Batch 395,USR045057,2026-02-08,2026-03-10,Online,92,75,63,72,Running
BAT000396,ENT00397,CRS009552,Corporate Training Batch 396,USR026681,2026-01-24,2026-01-31,Hybrid,469,74,42,98,Planned
BAT000397,ENT00463,CRS034173,Corporate Training Batch 397,USR034581,2026-04-01,2026-05-01,Hybrid,191,59,42,55,Completed
BAT000398,ENT00266,CRS001916,Corporate Training Batch 398,USR005114,2026-01-22,2026-03-23,Hybrid,409,71,61,100,Running
BAT000399,ENT00408,CRS021181,Corporate Training Batch 399,USR036286,2026-01-02,2026-03-03,Offline,175,99,66,23,On Hold
BAT000400,ENT00060,CRS033284,Corporate Training Batch 400,USR048288,2026-04-07,2026-05-22,Online,393,82,53,50,On Hold
BAT000401,ENT00373,CRS031737,Corporate Training Batch 401,USR014522,2026-01-25,2026-02-01,Online,243,100,32,56,Planned
BAT000402,ENT00165,CRS015609,Corporate Training Batch 402,USR031297,2026-04-30,2026-06-14,Hybrid,92,82,89,89,Completed
BAT000403,ENT00207,CRS015431,Corporate Training Batch 403,USR043580,2025-12-16,2026-02-14,Online,404,73,88,76,On Hold
BAT000404,ENT00495,CRS028038,Corporate Training Batch 404,USR012772,2025-11-20,2025-12-20,Hybrid,115,95,58,36,Planned
BAT000405,ENT00089,CRS003531,Corporate Training Batch 405,USR029445,2025-12-05,2026-01-04,Online,90,55,76,39,Running
BAT000406,ENT00272,CRS028526,Corporate Training Batch 406,USR005369,2026-01-18,2026-02-01,Offline,216,88,45,31,Running
BAT000407,ENT00477,CRS002561,Corporate Training Batch 407,USR035798,2026-05-04,2026-05-11,Offline,216,78,33,91,Completed
BAT000408,ENT00300,CRS001372,Corporate Training Batch 408,USR040616,2026-01-27,2026-03-28,Offline,401,81,55,82,Completed
BAT000409,ENT00443,CRS048952,Corporate Training Batch 409,USR002679,2025-12-13,2025-12-20,Hybrid,99,89,91,21,Completed
BAT000410,ENT00487,CRS001853,Corporate Training Batch 410,USR037860,2026-04-05,2026-07-04,Offline,89,89,43,80,Running
BAT000411,ENT00475,CRS030886,Corporate Training Batch 411,USR048973,2026-04-26,2026-07-25,Online,413,88,51,65,Running
BAT000412,ENT00237,CRS033346,Corporate Training Batch 412,USR021157,2026-05-03,2026-07-02,Offline,433,92,86,21,On Hold
BAT000413,ENT00252,CRS001464,Corporate Training Batch 413,USR005332,2026-03-31,2026-04-30,Hybrid,186,55,65,39,Completed
BAT000414,ENT00052,CRS029472,Corporate Training Batch 414,USR002488,2026-04-27,2026-07-26,Offline,256,80,82,68,On Hold
BAT000415,ENT00064,CRS043982,Corporate Training Batch 415,USR042490,2026-02-14,2026-02-21,Offline,50,98,36,93,Completed
BAT000416,ENT00496,CRS037688,Corporate Training Batch 416,USR024771,2026-04-30,2026-07-29,Offline,433,75,68,44,Running
BAT000417,ENT00111,CRS042760,Corporate Training Batch 417,USR027101,2025-12-27,2026-01-26,Online,374,63,29,25,Running
BAT000418,ENT00500,CRS000260,Corporate Training Batch 418,USR008103,2025-12-14,2026-01-13,Offline,239,90,37,25,Running
BAT000419,ENT00310,CRS048861,Corporate Training Batch 419,USR002153,2026-05-08,2026-05-22,Online,158,97,48,30,Planned
BAT000420,ENT00287,CRS003397,Corporate Training Batch 420,USR011789,2026-03-21,2026-05-05,Offline,118,64,31,42,Running
BAT000421,ENT00325,CRS014153,Corporate Training Batch 421,USR008951,2025-12-05,2026-02-03,Online,370,92,70,78,Running
BAT000422,ENT00075,CRS020864,Corporate Training Batch 422,USR020842,2026-04-08,2026-07-07,Offline,438,66,86,40,Running
BAT000423,ENT00174,CRS013659,Corporate Training Batch 423,USR014156,2025-12-06,2026-03-06,Hybrid,267,81,69,90,Running
BAT000424,ENT00143,CRS026932,Corporate Training Batch 424,USR008245,2026-03-17,2026-06-15,Online,352,68,26,62,On Hold
BAT000425,ENT00306,CRS034799,Corporate Training Batch 425,USR022712,2026-04-25,2026-05-09,Hybrid,436,62,64,43,Running
BAT000426,ENT00035,CRS034833,Corporate Training Batch 426,USR003455,2025-12-01,2026-03-01,Offline,109,73,79,87,Planned
BAT000427,ENT00366,CRS023485,Corporate Training Batch 427,USR043857,2026-05-08,2026-06-22,Offline,247,66,80,82,Running
BAT000428,ENT00428,CRS018473,Corporate Training Batch 428,USR013812,2026-03-16,2026-05-15,Offline,240,70,74,26,Running
BAT000429,ENT00223,CRS006592,Corporate Training Batch 429,USR018710,2026-01-09,2026-02-08,Online,418,85,53,25,Running
BAT000430,ENT00020,CRS014073,Corporate Training Batch 430,USR040083,2026-01-24,2026-02-07,Online,109,78,68,27,On Hold
BAT000431,ENT00178,CRS046887,Corporate Training Batch 431,USR035509,2026-03-19,2026-04-18,Offline,36,97,68,73,Planned
BAT000432,ENT00103,CRS041958,Corporate Training Batch 432,USR034475,2026-02-18,2026-04-19,Online,339,66,52,99,On Hold
BAT000433,ENT00301,CRS032864,Corporate Training Batch 433,USR000059,2026-04-20,2026-07-19,Offline,226,90,49,82,Planned
BAT000434,ENT00396,CRS023352,Corporate Training Batch 434,USR045723,2025-12-29,2026-01-28,Online,73,61,60,56,Completed
BAT000435,ENT00366,CRS029345,Corporate Training Batch 435,USR030298,2026-04-05,2026-04-19,Online,304,82,72,87,Completed
BAT000436,ENT00052,CRS039110,Corporate Training Batch 436,USR040959,2026-01-30,2026-03-01,Offline,415,80,61,24,Completed
BAT000437,ENT00027,CRS035154,Corporate Training Batch 437,USR011393,2026-03-29,2026-05-28,Online,182,93,71,93,On Hold
BAT000438,ENT00390,CRS042466,Corporate Training Batch 438,USR041843,2026-03-08,2026-06-06,Offline,148,72,79,87,On Hold
BAT000439,ENT00122,CRS002129,Corporate Training Batch 439,USR004786,2026-04-26,2026-06-25,Hybrid,71,100,85,58,Running
BAT000440,ENT00046,CRS011942,Corporate Training Batch 440,USR007520,2026-01-04,2026-01-11,Online,352,77,95,44,Planned
BAT000441,ENT00459,CRS024170,Corporate Training Batch 441,USR042380,2025-12-14,2026-01-28,Offline,300,64,70,86,Planned
BAT000442,ENT00394,CRS027422,Corporate Training Batch 442,USR021663,2026-03-15,2026-04-29,Online,372,99,84,73,Running
BAT000443,ENT00270,CRS029439,Corporate Training Batch 443,USR031643,2026-03-25,2026-04-08,Online,293,97,33,52,Completed
BAT000444,ENT00228,CRS029014,Corporate Training Batch 444,USR044583,2026-02-04,2026-04-05,Hybrid,111,86,23,99,On Hold
BAT000445,ENT00433,CRS007957,Corporate Training Batch 445,USR047053,2025-11-29,2026-02-27,Offline,430,76,63,90,Running
BAT000446,ENT00309,CRS025221,Corporate Training Batch 446,USR037340,2026-03-21,2026-05-20,Online,408,85,91,47,On Hold
BAT000447,ENT00407,CRS000709,Corporate Training Batch 447,USR026877,2025-12-25,2026-01-24,Hybrid,468,56,37,26,Planned
BAT000448,ENT00241,CRS008206,Corporate Training Batch 448,USR032795,2025-11-25,2026-01-09,Offline,26,84,74,47,Running
BAT000449,ENT00355,CRS049931,Corporate Training Batch 449,USR037179,2026-02-05,2026-02-19,Online,310,81,61,44,Completed
BAT000450,ENT00152,CRS002729,Corporate Training Batch 450,USR048581,2026-03-31,2026-05-15,Hybrid,332,75,53,80,Running
BAT000451,ENT00126,CRS046855,Corporate Training Batch 451,USR041761,2026-04-25,2026-05-25,Offline,336,65,57,79,On Hold
BAT000452,ENT00134,CRS039478,Corporate Training Batch 452,USR029999,2025-11-19,2025-12-03,Online,51,59,63,78,Planned
BAT000453,ENT00442,CRS000676,Corporate Training Batch 453,USR001359,2025-12-07,2026-01-21,Online,356,97,70,69,Completed
BAT000454,ENT00204,CRS046550,Corporate Training Batch 454,USR037556,2026-04-14,2026-04-21,Offline,402,58,86,67,Running
BAT000455,ENT00169,CRS011596,Corporate Training Batch 455,USR035525,2026-03-08,2026-03-15,Offline,422,65,45,47,Running
BAT000456,ENT00238,CRS043927,Corporate Training Batch 456,USR042844,2026-02-14,2026-03-16,Hybrid,84,63,73,22,Running
BAT000457,ENT00089,CRS008414,Corporate Training Batch 457,USR045240,2026-01-22,2026-01-29,Hybrid,393,80,42,38,On Hold
BAT000458,ENT00052,CRS011871,Corporate Training Batch 458,USR027364,2026-01-24,2026-04-24,Hybrid,67,81,21,80,Planned
BAT000459,ENT00485,CRS000859,Corporate Training Batch 459,USR047410,2025-12-29,2026-03-29,Online,337,81,63,78,Running
BAT000460,ENT00039,CRS015473,Corporate Training Batch 460,USR023229,2026-01-16,2026-01-30,Hybrid,258,98,34,20,Running
BAT000461,ENT00232,CRS017936,Corporate Training Batch 461,USR009456,2025-12-31,2026-01-30,Online,299,92,67,95,Planned
BAT000462,ENT00340,CRS010482,Corporate Training Batch 462,USR044269,2025-11-28,2025-12-12,Hybrid,383,66,75,32,On Hold
BAT000463,ENT00089,CRS006483,Corporate Training Batch 463,USR004340,2026-03-17,2026-03-24,Online,132,75,69,64,Completed
BAT000464,ENT00488,CRS006406,Corporate Training Batch 464,USR041255,2026-04-16,2026-05-16,Online,411,93,80,70,Planned
BAT000465,ENT00057,CRS029756,Corporate Training Batch 465,USR035625,2026-03-07,2026-06-05,Hybrid,433,99,25,22,Completed
BAT000466,ENT00126,CRS040351,Corporate Training Batch 466,USR004921,2025-11-15,2026-02-13,Hybrid,208,92,73,99,Planned
BAT000467,ENT00382,CRS034425,Corporate Training Batch 467,USR002422,2026-01-12,2026-03-13,Hybrid,126,86,90,44,Completed
BAT000468,ENT00389,CRS001301,Corporate Training Batch 468,USR040530,2026-01-12,2026-01-26,Online,332,69,100,72,Completed
BAT000469,ENT00182,CRS013266,Corporate Training Batch 469,USR049650,2025-12-03,2026-01-02,Offline,206,77,39,28,Running
BAT000470,ENT00457,CRS017495,Corporate Training Batch 470,USR038403,2026-03-06,2026-04-05,Hybrid,91,57,77,23,Planned
BAT000471,ENT00203,CRS023498,Corporate Training Batch 471,USR026708,2026-02-01,2026-02-15,Online,486,96,46,83,Running
BAT000472,ENT00265,CRS047563,Corporate Training Batch 472,USR040459,2026-04-13,2026-04-20,Online,81,61,80,90,On Hold
BAT000473,ENT00228,CRS008263,Corporate Training Batch 473,USR014750,2026-03-23,2026-04-06,Offline,316,81,75,86,On Hold
BAT000474,ENT00182,CRS039365,Corporate Training Batch 474,USR011073,2025-12-25,2026-01-08,Hybrid,435,55,76,78,Planned
BAT000475,ENT00441,CRS014901,Corporate Training Batch 475,USR020940,2025-11-27,2026-01-26,Online,14,98,92,50,Completed
BAT000476,ENT00187,CRS002908,Corporate Training Batch 476,USR002650,2025-12-09,2025-12-23,Offline,488,93,28,55,Planned
BAT000477,ENT00366,CRS020305,Corporate Training Batch 477,USR043073,2026-01-19,2026-02-02,Online,343,99,89,69,Running
BAT000478,ENT00277,CRS010807,Corporate Training Batch 478,USR042345,2026-01-01,2026-04-01,Online,82,60,39,35,Planned
BAT000479,ENT00434,CRS033187,Corporate Training Batch 479,USR034569,2025-11-21,2026-01-05,Online,335,97,21,30,On Hold
BAT000480,ENT00385,CRS021520,Corporate Training Batch 480,USR001804,2026-02-18,2026-03-04,Offline,408,73,57,89,Planned
BAT000481,ENT00179,CRS014924,Corporate Training Batch 481,USR038788,2026-05-09,2026-05-23,Offline,96,72,100,45,Planned
BAT000482,ENT00133,CRS046911,Corporate Training Batch 482,USR033413,2026-02-28,2026-05-29,Online,57,88,82,33,Planned
BAT000483,ENT00109,CRS043110,Corporate Training Batch 483,USR011908,2025-11-22,2025-12-06,Online,17,79,38,55,Completed
BAT000484,ENT00385,CRS044804,Corporate Training Batch 484,USR008203,2026-02-19,2026-04-05,Online,463,86,77,46,Completed
BAT000485,ENT00447,CRS015075,Corporate Training Batch 485,USR002676,2026-02-03,2026-02-10,Online,358,61,27,67,Completed
BAT000486,ENT00329,CRS037075,Corporate Training Batch 486,USR001264,2026-02-13,2026-04-14,Hybrid,187,67,59,75,Completed
BAT000487,ENT00493,CRS030752,Corporate Training Batch 487,USR005327,2026-01-06,2026-01-20,Offline,218,81,78,63,Completed
BAT000488,ENT00232,CRS049716,Corporate Training Batch 488,USR015819,2026-04-23,2026-05-07,Offline,100,70,59,55,On Hold
BAT000489,ENT00400,CRS019671,Corporate Training Batch 489,USR019455,2026-03-17,2026-06-15,Offline,67,97,22,30,Completed
BAT000490,ENT00324,CRS024686,Corporate Training Batch 490,USR021989,2025-12-26,2026-01-09,Online,125,57,80,56,On Hold
BAT000491,ENT00298,CRS003695,Corporate Training Batch 491,USR035692,2026-05-13,2026-05-27,Hybrid,271,75,69,86,Completed
BAT000492,ENT00058,CRS001013,Corporate Training Batch 492,USR028329,2026-02-04,2026-02-11,Offline,461,96,54,48,Running
BAT000493,ENT00209,CRS003587,Corporate Training Batch 493,USR031567,2026-01-12,2026-02-26,Hybrid,450,94,77,47,Planned
BAT000494,ENT00212,CRS009571,Corporate Training Batch 494,USR027205,2025-12-07,2025-12-14,Hybrid,498,100,29,88,On Hold
BAT000495,ENT00024,CRS005577,Corporate Training Batch 495,USR004099,2026-04-28,2026-06-12,Offline,457,83,85,76,On Hold
BAT000496,ENT00026,CRS018217,Corporate Training Batch 496,USR001882,2026-04-22,2026-05-22,Online,139,57,37,72,On Hold
BAT000497,ENT00429,CRS048403,Corporate Training Batch 497,USR004069,2026-02-23,2026-03-02,Hybrid,231,75,21,65,Completed
BAT000498,ENT00382,CRS042487,Corporate Training Batch 498,USR038739,2025-12-02,2026-01-16,Online,305,69,30,85,Planned
BAT000499,ENT00015,CRS002815,Corporate Training Batch 499,USR024549,2026-05-01,2026-05-08,Hybrid,333,66,65,58,On Hold
BAT000500,ENT00051,CRS040387,Corporate Training Batch 500,USR001542,2026-02-08,2026-03-10,Offline,499,86,87,95,On Hold
BAT000501,ENT00372,CRS028332,Corporate Training Batch 501,USR018137,2026-04-09,2026-06-08,Online,232,58,45,53,Running
BAT000502,ENT00040,CRS004550,Corporate Training Batch 502,USR008877,2026-01-31,2026-04-01,Online,65,100,56,94,On Hold
BAT000503,ENT00211,CRS012345,Corporate Training Batch 503,USR017040,2025-12-31,2026-03-01,Hybrid,467,89,93,91,Running
BAT000504,ENT00017,CRS029177,Corporate Training Batch 504,USR042747,2026-01-30,2026-03-01,Online,202,81,77,22,Running
BAT000505,ENT00149,CRS004618,Corporate Training Batch 505,USR010011,2025-11-23,2025-12-07,Online,320,55,57,37,On Hold
BAT000506,ENT00442,CRS013006,Corporate Training Batch 506,USR023945,2026-02-09,2026-02-16,Hybrid,132,83,41,66,On Hold
BAT000507,ENT00496,CRS025956,Corporate Training Batch 507,USR045701,2026-05-08,2026-06-22,Offline,37,58,57,26,On Hold
BAT000508,ENT00464,CRS011492,Corporate Training Batch 508,USR031172,2026-02-15,2026-03-17,Hybrid,385,95,31,97,Running
BAT000509,ENT00434,CRS014966,Corporate Training Batch 509,USR035088,2026-02-07,2026-02-14,Online,246,92,57,83,Running
BAT000510,ENT00440,CRS031881,Corporate Training Batch 510,USR009622,2026-02-26,2026-03-28,Offline,291,89,100,41,Planned
BAT000511,ENT00039,CRS003012,Corporate Training Batch 511,USR021042,2026-03-03,2026-03-17,Offline,313,80,39,35,Planned
BAT000512,ENT00039,CRS047873,Corporate Training Batch 512,USR039157,2026-02-13,2026-05-14,Offline,332,78,52,76,Completed
BAT000513,ENT00142,CRS028269,Corporate Training Batch 513,USR023209,2026-04-12,2026-06-11,Offline,494,100,95,67,Planned
BAT000514,ENT00148,CRS008501,Corporate Training Batch 514,USR006739,2026-03-14,2026-04-28,Offline,369,86,86,78,Planned
BAT000515,ENT00419,CRS027850,Corporate Training Batch 515,USR023365,2025-12-02,2026-03-02,Online,351,73,45,87,Planned
BAT000516,ENT00033,CRS028771,Corporate Training Batch 516,USR000375,2026-04-26,2026-06-25,Hybrid,315,84,29,98,Completed
BAT000517,ENT00450,CRS034658,Corporate Training Batch 517,USR022818,2026-03-02,2026-03-09,Offline,170,82,54,39,Running
BAT000518,ENT00482,CRS000693,Corporate Training Batch 518,USR014247,2026-03-15,2026-03-22,Online,112,59,82,86,Running
BAT000519,ENT00025,CRS029415,Corporate Training Batch 519,USR040194,2026-02-07,2026-02-14,Online,76,80,47,25,Planned
BAT000520,ENT00190,CRS006795,Corporate Training Batch 520,USR016083,2026-04-15,2026-05-30,Hybrid,282,85,61,37,On Hold
BAT000521,ENT00040,CRS030578,Corporate Training Batch 521,USR041781,2026-05-09,2026-08-07,Hybrid,36,98,43,39,Planned
BAT000522,ENT00299,CRS008965,Corporate Training Batch 522,USR026999,2026-03-26,2026-06-24,Offline,332,89,68,96,Running
BAT000523,ENT00305,CRS026764,Corporate Training Batch 523,USR008494,2026-02-08,2026-04-09,Hybrid,254,65,38,88,Running
BAT000524,ENT00295,CRS034380,Corporate Training Batch 524,USR025776,2025-12-17,2026-02-15,Offline,181,80,27,82,Completed
BAT000525,ENT00198,CRS010461,Corporate Training Batch 525,USR045349,2026-02-12,2026-05-13,Online,451,56,87,53,On Hold
BAT000526,ENT00216,CRS047357,Corporate Training Batch 526,USR037798,2025-12-05,2026-02-03,Hybrid,404,88,99,56,On Hold
BAT000527,ENT00321,CRS043984,Corporate Training Batch 527,USR026864,2026-04-17,2026-05-17,Online,147,63,73,56,Completed
BAT000528,ENT00417,CRS038072,Corporate Training Batch 528,USR043172,2026-03-07,2026-04-21,Hybrid,121,82,43,25,Running
BAT000529,ENT00327,CRS046320,Corporate Training Batch 529,USR037714,2026-01-06,2026-02-05,Online,138,95,69,69,Completed
BAT000530,ENT00456,CRS026134,Corporate Training Batch 530,USR025962,2026-01-06,2026-01-20,Hybrid,470,97,33,85,Planned
BAT000531,ENT00427,CRS039441,Corporate Training Batch 531,USR009801,2026-04-22,2026-06-21,Hybrid,418,92,95,86,Running
BAT000532,ENT00091,CRS009596,Corporate Training Batch 532,USR004479,2025-11-29,2026-01-13,Online,391,77,86,83,On Hold
BAT000533,ENT00246,CRS017837,Corporate Training Batch 533,USR010818,2026-04-24,2026-06-23,Hybrid,109,88,69,62,On Hold
BAT000534,ENT00125,CRS030246,Corporate Training Batch 534,USR026411,2025-12-24,2026-01-23,Offline,19,82,55,89,Running
BAT000535,ENT00377,CRS023504,Corporate Training Batch 535,USR030288,2025-12-04,2026-03-04,Online,156,78,21,51,Running
BAT000536,ENT00499,CRS009986,Corporate Training Batch 536,USR001359,2026-04-13,2026-05-28,Hybrid,432,76,79,79,Completed
BAT000537,ENT00087,CRS007664,Corporate Training Batch 537,USR039935,2026-03-29,2026-05-13,Hybrid,308,81,55,100,Completed
BAT000538,ENT00286,CRS007674,Corporate Training Batch 538,USR013158,2026-02-27,2026-04-13,Hybrid,263,70,25,49,On Hold
BAT000539,ENT00362,CRS029847,Corporate Training Batch 539,USR003032,2026-01-03,2026-01-17,Offline,229,96,80,56,On Hold
BAT000540,ENT00139,CRS003687,Corporate Training Batch 540,USR015926,2026-01-30,2026-02-06,Hybrid,311,56,72,76,Completed
BAT000541,ENT00280,CRS019089,Corporate Training Batch 541,USR047406,2025-11-18,2026-01-02,Hybrid,32,73,52,96,Running
BAT000542,ENT00427,CRS034154,Corporate Training Batch 542,USR012354,2026-02-13,2026-02-20,Online,161,83,98,69,Running
BAT000543,ENT00326,CRS009702,Corporate Training Batch 543,USR047156,2026-03-15,2026-03-22,Hybrid,460,89,91,38,Completed
BAT000544,ENT00224,CRS030844,Corporate Training Batch 544,USR041289,2026-01-06,2026-02-20,Hybrid,79,72,83,43,On Hold
BAT000545,ENT00006,CRS017472,Corporate Training Batch 545,USR040385,2026-04-09,2026-04-16,Offline,47,76,48,63,On Hold
BAT000546,ENT00060,CRS049838,Corporate Training Batch 546,USR018087,2026-01-25,2026-03-11,Online,486,78,98,25,Running
BAT000547,ENT00242,CRS031306,Corporate Training Batch 547,USR045677,2026-02-28,2026-03-07,Hybrid,356,61,42,38,On Hold
BAT000548,ENT00257,CRS040924,Corporate Training Batch 548,USR022425,2025-12-23,2026-02-21,Online,140,72,96,29,Planned
BAT000549,ENT00241,CRS029994,Corporate Training Batch 549,USR037385,2025-12-30,2026-02-13,Hybrid,491,88,79,85,On Hold
BAT000550,ENT00268,CRS042267,Corporate Training Batch 550,USR031110,2026-05-06,2026-08-04,Hybrid,382,67,94,33,On Hold
BAT000551,ENT00388,CRS027780,Corporate Training Batch 551,USR010269,2026-05-07,2026-06-21,Online,145,65,93,33,On Hold
BAT000552,ENT00285,CRS012661,Corporate Training Batch 552,USR048089,2026-03-27,2026-04-26,Online,431,55,61,67,Planned
BAT000553,ENT00328,CRS039531,Corporate Training Batch 553,USR006701,2026-04-06,2026-05-06,Offline,324,55,94,22,Running
BAT000554,ENT00213,CRS007008,Corporate Training Batch 554,USR049115,2026-05-03,2026-08-01,Hybrid,166,58,95,60,On Hold
BAT000555,ENT00323,CRS015738,Corporate Training Batch 555,USR015263,2026-01-08,2026-01-15,Hybrid,393,66,21,46,On Hold
BAT000556,ENT00349,CRS026839,Corporate Training Batch 556,USR045102,2026-01-23,2026-01-30,Offline,259,68,69,100,Planned
BAT000557,ENT00272,CRS028026,Corporate Training Batch 557,USR048968,2025-12-16,2026-02-14,Online,318,70,63,55,Completed
BAT000558,ENT00331,CRS006326,Corporate Training Batch 558,USR006233,2025-12-18,2026-03-18,Offline,286,79,74,41,Running
BAT000559,ENT00226,CRS032159,Corporate Training Batch 559,USR028081,2026-01-14,2026-03-15,Offline,203,84,32,91,Planned
BAT000560,ENT00151,CRS028932,Corporate Training Batch 560,USR022694,2026-02-01,2026-02-08,Offline,257,91,99,64,On Hold
BAT000561,ENT00176,CRS027587,Corporate Training Batch 561,USR048473,2026-01-30,2026-02-13,Online,22,65,47,38,Completed
BAT000562,ENT00498,CRS040212,Corporate Training Batch 562,USR045256,2025-12-18,2026-01-01,Hybrid,475,98,77,60,Running
BAT000563,ENT00221,CRS018153,Corporate Training Batch 563,USR013155,2026-05-05,2026-07-04,Online,279,97,87,82,On Hold
BAT000564,ENT00337,CRS045526,Corporate Training Batch 564,USR029563,2025-12-26,2026-02-09,Offline,105,62,79,30,Completed
BAT000565,ENT00091,CRS021921,Corporate Training Batch 565,USR022689,2026-02-02,2026-03-19,Online,156,56,82,25,Planned
BAT000566,ENT00315,CRS015659,Corporate Training Batch 566,USR030970,2026-04-12,2026-05-27,Online,461,65,49,66,Completed
BAT000567,ENT00024,CRS046699,Corporate Training Batch 567,USR037038,2026-01-21,2026-03-07,Offline,18,85,38,27,Planned
BAT000568,ENT00481,CRS017585,Corporate Training Batch 568,USR026377,2026-01-09,2026-02-08,Online,257,64,90,62,Running
BAT000569,ENT00312,CRS012302,Corporate Training Batch 569,USR016307,2026-01-31,2026-02-14,Offline,311,58,62,34,On Hold
BAT000570,ENT00278,CRS033932,Corporate Training Batch 570,USR018599,2025-12-20,2025-12-27,Hybrid,242,59,47,82,Running
BAT000571,ENT00335,CRS031813,Corporate Training Batch 571,USR019077,2026-05-08,2026-05-15,Offline,256,72,43,66,On Hold
BAT000572,ENT00427,CRS018885,Corporate Training Batch 572,USR008025,2026-04-29,2026-05-06,Offline,359,88,33,41,Planned
BAT000573,ENT00334,CRS014978,Corporate Training Batch 573,USR000769,2026-04-12,2026-07-11,Online,126,81,75,54,Planned
BAT000574,ENT00070,CRS032614,Corporate Training Batch 574,USR030814,2026-02-11,2026-03-28,Offline,104,77,53,64,Planned
BAT000575,ENT00127,CRS022742,Corporate Training Batch 575,USR014997,2026-03-04,2026-04-03,Hybrid,460,90,89,36,Planned
BAT000576,ENT00335,CRS041576,Corporate Training Batch 576,USR034497,2026-04-14,2026-05-29,Online,449,92,21,27,Running
BAT000577,ENT00342,CRS048710,Corporate Training Batch 577,USR016010,2025-12-12,2026-01-26,Hybrid,336,56,53,75,Planned
BAT000578,ENT00490,CRS016894,Corporate Training Batch 578,USR018431,2026-04-12,2026-05-27,Online,86,67,82,31,On Hold
BAT000579,ENT00210,CRS048065,Corporate Training Batch 579,USR001419,2026-02-06,2026-02-20,Offline,386,85,67,80,Completed
BAT000580,ENT00179,CRS034028,Corporate Training Batch 580,USR046114,2026-01-30,2026-02-06,Hybrid,243,90,40,79,On Hold
BAT000581,ENT00084,CRS011016,Corporate Training Batch 581,USR009150,2026-02-15,2026-04-01,Online,118,58,38,37,Running
BAT000582,ENT00063,CRS033268,Corporate Training Batch 582,USR005574,2026-04-09,2026-05-09,Hybrid,302,93,44,43,On Hold
BAT000583,ENT00270,CRS019930,Corporate Training Batch 583,USR006074,2026-05-08,2026-06-22,Online,194,73,87,64,Running
BAT000584,ENT00291,CRS026601,Corporate Training Batch 584,USR039026,2026-01-20,2026-02-03,Online,407,74,35,39,On Hold
BAT000585,ENT00430,CRS025495,Corporate Training Batch 585,USR047211,2026-02-13,2026-05-14,Offline,437,78,93,36,On Hold
BAT000586,ENT00040,CRS005011,Corporate Training Batch 586,USR013340,2025-12-17,2025-12-31,Hybrid,295,83,43,77,Completed
BAT000587,ENT00035,CRS016441,Corporate Training Batch 587,USR001846,2026-04-04,2026-06-03,Hybrid,258,86,23,25,Running
BAT000588,ENT00126,CRS011332,Corporate Training Batch 588,USR011228,2026-01-12,2026-02-11,Online,63,98,28,21,Running
BAT000589,ENT00198,CRS038466,Corporate Training Batch 589,USR002928,2026-01-23,2026-02-22,Hybrid,253,66,21,93,On Hold
BAT000590,ENT00378,CRS027471,Corporate Training Batch 590,USR031103,2026-01-24,2026-02-23,Offline,404,60,76,31,On Hold
BAT000591,ENT00030,CRS015219,Corporate Training Batch 591,USR034582,2025-12-19,2026-03-19,Hybrid,32,97,66,57,Running
BAT000592,ENT00127,CRS037593,Corporate Training Batch 592,USR010958,2026-03-13,2026-03-20,Hybrid,126,60,88,91,Planned
BAT000593,ENT00152,CRS035811,Corporate Training Batch 593,USR034270,2026-03-05,2026-03-19,Online,271,74,45,67,Completed
BAT000594,ENT00343,CRS032569,Corporate Training Batch 594,USR015975,2026-03-13,2026-04-12,Online,354,72,70,32,On Hold
BAT000595,ENT00139,CRS013648,Corporate Training Batch 595,USR045570,2025-12-25,2026-01-01,Hybrid,331,70,51,30,Running
BAT000596,ENT00431,CRS004333,Corporate Training Batch 596,USR006815,2026-02-28,2026-04-14,Offline,457,70,60,35,Completed
BAT000597,ENT00270,CRS042552,Corporate Training Batch 597,USR004722,2026-05-07,2026-06-21,Online,457,92,43,25,On Hold
BAT000598,ENT00380,CRS021036,Corporate Training Batch 598,USR045596,2026-01-15,2026-01-22,Hybrid,187,57,59,45,On Hold
BAT000599,ENT00393,CRS010485,Corporate Training Batch 599,USR023602,2026-02-24,2026-03-10,Online,360,82,96,24,Planned
BAT000600,ENT00479,CRS014185,Corporate Training Batch 600,USR010521,2026-02-02,2026-03-04,Offline,39,82,97,29,Planned
BAT000601,ENT00382,CRS045268,Corporate Training Batch 601,USR015872,2026-03-06,2026-03-20,Offline,196,58,60,27,Running
BAT000602,ENT00020,CRS006507,Corporate Training Batch 602,USR039153,2026-04-15,2026-07-14,Online,448,75,49,39,Running
BAT000603,ENT00045,CRS004410,Corporate Training Batch 603,USR036690,2025-12-28,2026-03-28,Hybrid,450,76,63,47,Completed
BAT000604,ENT00110,CRS022619,Corporate Training Batch 604,USR043148,2026-04-05,2026-05-20,Offline,290,81,67,37,On Hold
BAT000605,ENT00391,CRS042176,Corporate Training Batch 605,USR044249,2026-01-20,2026-02-03,Offline,452,73,37,84,Completed
BAT000606,ENT00374,CRS021946,Corporate Training Batch 606,USR003277,2026-03-15,2026-05-14,Offline,197,55,92,83,Running
BAT000607,ENT00215,CRS003432,Corporate Training Batch 607,USR006301,2026-05-10,2026-07-09,Online,156,78,80,77,Running
BAT000608,ENT00119,CRS017505,Corporate Training Batch 608,USR031810,2026-04-16,2026-07-15,Online,147,56,46,31,Running
BAT000609,ENT00149,CRS023087,Corporate Training Batch 609,USR001246,2026-03-15,2026-06-13,Offline,333,90,21,74,Completed
BAT000610,ENT00497,CRS017761,Corporate Training Batch 610,USR036873,2026-03-22,2026-04-05,Online,207,97,30,52,Planned
BAT000611,ENT00095,CRS019181,Corporate Training Batch 611,USR010575,2026-01-28,2026-02-27,Online,127,64,94,39,Running
BAT000612,ENT00219,CRS040374,Corporate Training Batch 612,USR047169,2026-02-07,2026-03-09,Offline,271,82,75,77,Running
BAT000613,ENT00261,CRS028324,Corporate Training Batch 613,USR013429,2025-12-12,2025-12-19,Offline,176,77,96,56,Completed
BAT000614,ENT00123,CRS027272,Corporate Training Batch 614,USR011931,2026-02-28,2026-03-07,Hybrid,258,91,44,24,Running
BAT000615,ENT00369,CRS036210,Corporate Training Batch 615,USR049841,2026-04-06,2026-05-06,Hybrid,175,64,34,86,Running
BAT000616,ENT00026,CRS011919,Corporate Training Batch 616,USR005929,2026-04-16,2026-05-31,Online,242,91,51,89,On Hold
BAT000617,ENT00056,CRS047786,Corporate Training Batch 617,USR011251,2026-03-15,2026-06-13,Online,282,79,96,95,Completed
BAT000618,ENT00354,CRS041456,Corporate Training Batch 618,USR033620,2025-11-28,2025-12-05,Hybrid,294,76,52,81,On Hold
BAT000619,ENT00216,CRS014342,Corporate Training Batch 619,USR038896,2026-03-11,2026-04-10,Offline,143,59,21,93,Running
BAT000620,ENT00108,CRS018310,Corporate Training Batch 620,USR024948,2025-12-24,2025-12-31,Online,86,72,56,59,On Hold
BAT000621,ENT00214,CRS038950,Corporate Training Batch 621,USR040080,2026-04-06,2026-05-06,Hybrid,352,78,80,76,On Hold
BAT000622,ENT00207,CRS032427,Corporate Training Batch 622,USR000382,2025-11-25,2025-12-02,Hybrid,280,95,93,52,On Hold
BAT000623,ENT00214,CRS041739,Corporate Training Batch 623,USR013562,2026-02-07,2026-02-21,Hybrid,160,96,81,50,Planned
BAT000624,ENT00058,CRS016273,Corporate Training Batch 624,USR008769,2026-04-08,2026-06-07,Online,399,84,71,78,Planned
BAT000625,ENT00442,CRS000865,Corporate Training Batch 625,USR003045,2025-12-02,2026-01-31,Online,217,95,89,51,Planned
BAT000626,ENT00182,CRS033887,Corporate Training Batch 626,USR029058,2026-01-31,2026-03-02,Offline,207,89,60,60,On Hold
BAT000627,ENT00158,CRS045097,Corporate Training Batch 627,USR031409,2025-12-10,2025-12-17,Offline,450,70,60,60,Running
BAT000628,ENT00474,CRS020391,Corporate Training Batch 628,USR017259,2026-03-01,2026-03-31,Online,66,74,46,90,Completed
BAT000629,ENT00139,CRS029565,Corporate Training Batch 629,USR029278,2026-03-26,2026-04-02,Offline,205,73,41,24,Planned
BAT000630,ENT00331,CRS046093,Corporate Training Batch 630,USR032260,2026-02-05,2026-04-06,Offline,482,98,36,36,Planned
BAT000631,ENT00278,CRS005772,Corporate Training Batch 631,USR044199,2026-03-23,2026-05-22,Offline,210,55,90,54,Running
BAT000632,ENT00383,CRS038187,Corporate Training Batch 632,USR007534,2026-03-22,2026-06-20,Online,255,94,44,77,Running
BAT000633,ENT00030,CRS013825,Corporate Training Batch 633,USR045209,2025-11-17,2025-12-17,Online,323,62,55,53,On Hold
BAT000634,ENT00381,CRS006205,Corporate Training Batch 634,USR041910,2026-03-11,2026-04-25,Hybrid,193,100,67,54,Completed
BAT000635,ENT00371,CRS038325,Corporate Training Batch 635,USR023795,2025-11-22,2025-12-06,Offline,351,98,88,27,On Hold
BAT000636,ENT00162,CRS000216,Corporate Training Batch 636,USR001052,2026-02-20,2026-03-06,Offline,173,75,85,99,Planned
BAT000637,ENT00488,CRS035306,Corporate Training Batch 637,USR018723,2025-11-26,2025-12-03,Offline,429,55,95,66,On Hold
BAT000638,ENT00461,CRS040336,Corporate Training Batch 638,USR032744,2026-01-16,2026-02-15,Online,481,83,69,95,Planned
BAT000639,ENT00339,CRS041769,Corporate Training Batch 639,USR040562,2026-04-08,2026-05-08,Offline,265,95,56,54,Planned
BAT000640,ENT00277,CRS035102,Corporate Training Batch 640,USR045498,2025-12-24,2026-01-23,Online,471,94,64,62,Planned
BAT000641,ENT00386,CRS029159,Corporate Training Batch 641,USR049216,2026-03-28,2026-05-12,Offline,171,86,53,43,Completed
BAT000642,ENT00353,CRS012026,Corporate Training Batch 642,USR049062,2026-03-25,2026-06-23,Hybrid,311,68,94,90,Running
BAT000643,ENT00310,CRS004312,Corporate Training Batch 643,USR016917,2026-04-24,2026-07-23,Online,142,90,96,78,Completed
BAT000644,ENT00481,CRS042952,Corporate Training Batch 644,USR009666,2026-03-07,2026-03-21,Offline,408,58,61,90,Running
BAT000645,ENT00018,CRS043996,Corporate Training Batch 645,USR048514,2026-04-25,2026-06-24,Hybrid,75,82,86,26,Running
BAT000646,ENT00340,CRS015782,Corporate Training Batch 646,USR006913,2026-01-13,2026-02-12,Offline,225,56,56,52,On Hold
BAT000647,ENT00126,CRS028634,Corporate Training Batch 647,USR034992,2026-02-06,2026-05-07,Offline,73,100,98,72,Completed
BAT000648,ENT00234,CRS025118,Corporate Training Batch 648,USR046303,2026-05-09,2026-05-16,Offline,237,63,90,50,On Hold
BAT000649,ENT00287,CRS046469,Corporate Training Batch 649,USR028378,2026-02-07,2026-05-08,Offline,479,75,47,100,Planned
BAT000650,ENT00210,CRS032013,Corporate Training Batch 650,USR011480,2026-03-17,2026-03-31,Offline,365,65,53,61,Running
BAT000651,ENT00230,CRS025638,Corporate Training Batch 651,USR046796,2026-04-10,2026-05-10,Hybrid,485,89,99,87,On Hold
BAT000652,ENT00040,CRS025094,Corporate Training Batch 652,USR002405,2026-03-03,2026-03-17,Hybrid,476,88,83,61,Completed
BAT000653,ENT00277,CRS014472,Corporate Training Batch 653,USR044441,2026-04-14,2026-07-13,Online,278,82,30,73,On Hold
BAT000654,ENT00111,CRS018233,Corporate Training Batch 654,USR028795,2026-03-20,2026-04-03,Hybrid,399,69,23,29,Planned
BAT000655,ENT00445,CRS015841,Corporate Training Batch 655,USR015007,2026-01-27,2026-03-28,Online,384,59,36,21,Running
BAT000656,ENT00109,CRS004171,Corporate Training Batch 656,USR034957,2026-02-20,2026-04-06,Hybrid,296,85,93,59,Planned
BAT000657,ENT00451,CRS002360,Corporate Training Batch 657,USR010420,2025-12-01,2025-12-15,Online,80,90,82,78,Completed
BAT000658,ENT00068,CRS049054,Corporate Training Batch 658,USR035568,2026-03-17,2026-05-16,Hybrid,178,74,98,86,Planned
BAT000659,ENT00203,CRS028697,Corporate Training Batch 659,USR041551,2026-04-03,2026-06-02,Offline,374,74,67,68,Planned
BAT000660,ENT00473,CRS022493,Corporate Training Batch 660,USR030662,2026-04-08,2026-06-07,Hybrid,80,60,21,100,On Hold
BAT000661,ENT00199,CRS014320,Corporate Training Batch 661,USR031183,2026-02-06,2026-04-07,Offline,72,64,31,84,Running
BAT000662,ENT00024,CRS017185,Corporate Training Batch 662,USR002806,2026-03-05,2026-04-04,Online,484,93,30,29,Planned
BAT000663,ENT00001,CRS031243,Corporate Training Batch 663,USR030157,2025-12-31,2026-01-30,Hybrid,29,79,61,70,Planned
BAT000664,ENT00476,CRS019669,Corporate Training Batch 664,USR013014,2025-11-23,2026-02-21,Offline,402,100,41,65,Planned
BAT000665,ENT00058,CRS028763,Corporate Training Batch 665,USR027346,2025-12-04,2025-12-11,Offline,428,96,54,32,Running
BAT000666,ENT00376,CRS003385,Corporate Training Batch 666,USR015085,2025-12-31,2026-01-14,Hybrid,339,62,21,33,Completed
BAT000667,ENT00235,CRS026338,Corporate Training Batch 667,USR025828,2026-02-27,2026-03-29,Offline,61,88,30,21,Completed
BAT000668,ENT00052,CRS013989,Corporate Training Batch 668,USR042121,2026-04-22,2026-06-21,Hybrid,267,71,80,29,Completed
BAT000669,ENT00280,CRS017002,Corporate Training Batch 669,USR019913,2026-02-19,2026-04-05,Offline,85,77,99,100,Planned
BAT000670,ENT00091,CRS030853,Corporate Training Batch 670,USR036048,2026-04-01,2026-05-01,Online,498,65,72,84,Running
BAT000671,ENT00317,CRS036354,Corporate Training Batch 671,USR038022,2025-11-27,2025-12-04,Offline,89,67,61,68,On Hold
BAT000672,ENT00121,CRS033459,Corporate Training Batch 672,USR035619,2026-05-09,2026-05-23,Hybrid,278,55,38,54,Completed
BAT000673,ENT00121,CRS003653,Corporate Training Batch 673,USR033759,2026-01-16,2026-01-30,Offline,177,85,87,100,Running
BAT000674,ENT00380,CRS011333,Corporate Training Batch 674,USR039333,2025-11-23,2026-02-21,Online,363,99,63,69,Running
BAT000675,ENT00079,CRS038020,Corporate Training Batch 675,USR028338,2026-02-07,2026-03-09,Offline,359,82,73,46,Running
BAT000676,ENT00364,CRS026110,Corporate Training Batch 676,USR037488,2025-11-15,2025-11-29,Hybrid,468,65,94,98,Running
BAT000677,ENT00202,CRS047083,Corporate Training Batch 677,USR018131,2026-03-10,2026-06-08,Online,401,76,96,58,Running
BAT000678,ENT00105,CRS003529,Corporate Training Batch 678,USR011803,2025-11-17,2025-12-01,Online,403,59,54,56,Completed
BAT000679,ENT00352,CRS005510,Corporate Training Batch 679,USR018177,2026-01-08,2026-04-08,Online,400,65,50,72,Planned
BAT000680,ENT00175,CRS000087,Corporate Training Batch 680,USR027174,2026-03-06,2026-03-20,Hybrid,25,93,29,78,Planned
BAT000681,ENT00267,CRS045334,Corporate Training Batch 681,USR034318,2026-05-05,2026-07-04,Online,179,77,82,39,Planned
BAT000682,ENT00292,CRS034648,Corporate Training Batch 682,USR007000,2026-03-30,2026-06-28,Online,301,86,40,50,Planned
BAT000683,ENT00316,CRS001834,Corporate Training Batch 683,USR033427,2025-12-11,2026-01-25,Offline,149,79,69,66,Completed
BAT000684,ENT00389,CRS021045,Corporate Training Batch 684,USR029714,2025-12-13,2025-12-20,Online,363,84,82,24,Completed
BAT000685,ENT00259,CRS010192,Corporate Training Batch 685,USR039122,2026-05-03,2026-08-01,Hybrid,10,59,55,33,On Hold
BAT000686,ENT00427,CRS005358,Corporate Training Batch 686,USR015088,2026-04-19,2026-06-03,Offline,232,63,37,63,Planned
BAT000687,ENT00425,CRS009355,Corporate Training Batch 687,USR022547,2025-11-18,2026-02-16,Online,299,87,31,64,Running
BAT000688,ENT00143,CRS014810,Corporate Training Batch 688,USR002567,2026-02-06,2026-02-20,Online,50,96,33,72,Running
BAT000689,ENT00475,CRS036861,Corporate Training Batch 689,USR004413,2026-04-15,2026-04-29,Online,129,64,64,87,Running
BAT000690,ENT00131,CRS006984,Corporate Training Batch 690,USR024218,2026-03-04,2026-06-02,Online,182,86,87,99,On Hold
BAT000691,ENT00049,CRS000939,Corporate Training Batch 691,USR001469,2026-03-09,2026-03-16,Online,68,83,50,44,Running
BAT000692,ENT00144,CRS036111,Corporate Training Batch 692,USR010776,2026-05-06,2026-07-05,Offline,141,59,60,95,Running
BAT000693,ENT00028,CRS012405,Corporate Training Batch 693,USR026090,2026-02-21,2026-04-07,Hybrid,404,81,50,57,On Hold
BAT000694,ENT00235,CRS048054,Corporate Training Batch 694,USR038292,2026-01-27,2026-03-13,Online,95,65,36,60,Completed
BAT000695,ENT00002,CRS045040,Corporate Training Batch 695,USR040308,2026-01-05,2026-02-19,Online,364,56,47,51,Completed
BAT000696,ENT00126,CRS025315,Corporate Training Batch 696,USR028200,2026-01-17,2026-01-24,Online,36,91,89,53,Completed
BAT000697,ENT00152,CRS017382,Corporate Training Batch 697,USR047683,2026-04-20,2026-05-20,Hybrid,168,92,27,53,On Hold
BAT000698,ENT00457,CRS022221,Corporate Training Batch 698,USR038097,2026-02-20,2026-03-06,Hybrid,111,61,72,53,On Hold
BAT000699,ENT00172,CRS009642,Corporate Training Batch 699,USR008917,2026-01-13,2026-01-20,Online,122,100,68,67,Running
BAT000700,ENT00286,CRS043515,Corporate Training Batch 700,USR029956,2026-04-03,2026-04-10,Hybrid,305,91,99,35,On Hold
BAT000701,ENT00045,CRS032761,Corporate Training Batch 701,USR031334,2026-05-06,2026-07-05,Hybrid,375,65,59,89,Planned
BAT000702,ENT00140,CRS040475,Corporate Training Batch 702,USR045916,2026-03-02,2026-05-01,Online,420,87,94,74,Running
BAT000703,ENT00493,CRS012229,Corporate Training Batch 703,USR048225,2026-01-05,2026-03-06,Hybrid,343,78,43,71,On Hold
BAT000704,ENT00161,CRS025598,Corporate Training Batch 704,USR030818,2026-04-18,2026-05-18,Offline,227,65,47,20,Running
BAT000705,ENT00027,CRS006978,Corporate Training Batch 705,USR009007,2026-04-22,2026-05-06,Hybrid,463,100,70,28,Planned
BAT000706,ENT00365,CRS003383,Corporate Training Batch 706,USR039352,2025-12-26,2026-03-26,Online,239,64,29,46,On Hold
BAT000707,ENT00393,CRS048780,Corporate Training Batch 707,USR001150,2026-02-09,2026-02-23,Online,221,85,68,92,On Hold
BAT000708,ENT00402,CRS036246,Corporate Training Batch 708,USR035290,2026-02-03,2026-05-04,Hybrid,448,67,82,77,Planned
BAT000709,ENT00168,CRS007194,Corporate Training Batch 709,USR035130,2026-03-24,2026-03-31,Hybrid,80,65,39,40,Running
BAT000710,ENT00058,CRS006951,Corporate Training Batch 710,USR028722,2025-11-19,2026-01-03,Hybrid,61,63,51,24,Planned
BAT000711,ENT00072,CRS043734,Corporate Training Batch 711,USR003833,2026-01-29,2026-04-29,Hybrid,245,89,89,82,Completed
BAT000712,ENT00301,CRS023767,Corporate Training Batch 712,USR031416,2026-03-09,2026-04-08,Offline,292,63,80,68,On Hold
BAT000713,ENT00094,CRS043560,Corporate Training Batch 713,USR008436,2026-01-14,2026-02-13,Offline,466,75,81,85,Running
BAT000714,ENT00451,CRS032419,Corporate Training Batch 714,USR038247,2025-12-02,2025-12-09,Offline,402,100,70,43,Completed
BAT000715,ENT00184,CRS005655,Corporate Training Batch 715,USR031370,2026-01-17,2026-01-31,Hybrid,205,83,69,44,On Hold
BAT000716,ENT00178,CRS013527,Corporate Training Batch 716,USR022026,2026-02-18,2026-05-19,Hybrid,150,56,54,64,Planned
BAT000717,ENT00392,CRS045766,Corporate Training Batch 717,USR021889,2026-03-01,2026-03-31,Online,263,71,35,97,Completed
BAT000718,ENT00458,CRS007726,Corporate Training Batch 718,USR016509,2026-02-05,2026-03-07,Offline,150,71,58,74,Completed
BAT000719,ENT00120,CRS023871,Corporate Training Batch 719,USR020059,2026-01-27,2026-02-10,Offline,81,88,39,53,Completed
BAT000720,ENT00179,CRS039131,Corporate Training Batch 720,USR043629,2026-03-07,2026-04-06,Online,446,56,83,22,Planned
BAT000721,ENT00150,CRS016508,Corporate Training Batch 721,USR025479,2026-03-04,2026-05-03,Online,261,60,43,100,On Hold
BAT000722,ENT00318,CRS016134,Corporate Training Batch 722,USR021107,2026-05-09,2026-05-23,Hybrid,268,57,64,74,Running
BAT000723,ENT00366,CRS039632,Corporate Training Batch 723,USR030106,2026-03-08,2026-04-07,Hybrid,380,93,27,82,On Hold
BAT000724,ENT00326,CRS047825,Corporate Training Batch 724,USR015733,2025-12-14,2025-12-21,Offline,308,72,61,63,Planned
BAT000725,ENT00032,CRS027128,Corporate Training Batch 725,USR021072,2025-11-20,2026-01-04,Hybrid,354,70,64,93,On Hold
BAT000726,ENT00054,CRS000389,Corporate Training Batch 726,USR048312,2025-12-12,2026-01-11,Online,176,76,90,84,Planned
BAT000727,ENT00037,CRS001445,Corporate Training Batch 727,USR025288,2026-04-22,2026-06-21,Hybrid,345,78,50,87,On Hold
BAT000728,ENT00008,CRS011015,Corporate Training Batch 728,USR036738,2026-03-09,2026-04-08,Online,376,60,83,70,Planned
BAT000729,ENT00254,CRS035771,Corporate Training Batch 729,USR018049,2026-02-27,2026-04-13,Offline,386,61,38,78,Planned
BAT000730,ENT00485,CRS047172,Corporate Training Batch 730,USR034913,2026-02-19,2026-02-26,Offline,73,66,64,43,Planned
BAT000731,ENT00255,CRS032550,Corporate Training Batch 731,USR023122,2026-03-15,2026-05-14,Offline,418,83,75,50,Running
BAT000732,ENT00206,CRS039736,Corporate Training Batch 732,USR044367,2026-05-10,2026-06-24,Online,395,77,76,24,Running
BAT000733,ENT00062,CRS020928,Corporate Training Batch 733,USR008178,2026-03-13,2026-03-27,Offline,358,92,42,80,Planned
BAT000734,ENT00425,CRS031551,Corporate Training Batch 734,USR042900,2026-03-09,2026-06-07,Offline,253,90,99,34,On Hold
BAT000735,ENT00215,CRS028360,Corporate Training Batch 735,USR001380,2026-04-17,2026-07-16,Offline,127,55,25,22,Planned
BAT000736,ENT00299,CRS016447,Corporate Training Batch 736,USR049514,2026-02-15,2026-03-01,Hybrid,310,87,78,92,Running
BAT000737,ENT00127,CRS005404,Corporate Training Batch 737,USR033560,2025-12-27,2026-02-10,Hybrid,212,95,63,84,Running
BAT000738,ENT00142,CRS049782,Corporate Training Batch 738,USR031414,2025-12-24,2026-02-07,Hybrid,376,82,99,26,Planned
BAT000739,ENT00409,CRS028668,Corporate Training Batch 739,USR032197,2026-03-20,2026-04-03,Hybrid,47,89,66,56,Running
BAT000740,ENT00008,CRS042963,Corporate Training Batch 740,USR022394,2026-01-27,2026-04-27,Offline,435,87,24,63,On Hold
BAT000741,ENT00146,CRS034942,Corporate Training Batch 741,USR018902,2025-11-28,2026-01-12,Hybrid,87,68,46,25,On Hold
BAT000742,ENT00168,CRS005528,Corporate Training Batch 742,USR048975,2026-05-05,2026-06-19,Hybrid,385,59,41,25,Completed
BAT000743,ENT00041,CRS047819,Corporate Training Batch 743,USR027549,2026-01-29,2026-03-15,Online,120,81,23,38,Completed
BAT000744,ENT00037,CRS035538,Corporate Training Batch 744,USR026016,2026-04-20,2026-05-04,Hybrid,63,99,46,52,Planned
BAT000745,ENT00281,CRS038854,Corporate Training Batch 745,USR018125,2026-04-22,2026-07-21,Hybrid,348,100,60,55,On Hold
BAT000746,ENT00177,CRS004561,Corporate Training Batch 746,USR044681,2026-01-07,2026-03-08,Hybrid,337,84,64,91,Planned
BAT000747,ENT00002,CRS003623,Corporate Training Batch 747,USR012334,2026-02-04,2026-05-05,Online,310,77,98,87,On Hold
BAT000748,ENT00415,CRS009966,Corporate Training Batch 748,USR047837,2026-02-20,2026-03-22,Offline,495,99,22,74,Completed
BAT000749,ENT00147,CRS048309,Corporate Training Batch 749,USR033136,2025-12-27,2026-01-10,Online,395,73,32,93,On Hold
BAT000750,ENT00492,CRS029863,Corporate Training Batch 750,USR042350,2026-02-28,2026-03-14,Online,194,90,44,61,Completed
BAT000751,ENT00332,CRS047772,Corporate Training Batch 751,USR034974,2026-04-07,2026-06-06,Hybrid,499,72,88,70,Planned
BAT000752,ENT00266,CRS037017,Corporate Training Batch 752,USR000230,2025-12-07,2025-12-21,Hybrid,277,82,89,27,Running
BAT000753,ENT00346,CRS015115,Corporate Training Batch 753,USR003690,2026-02-04,2026-03-06,Online,276,68,73,88,Running
BAT000754,ENT00332,CRS006436,Corporate Training Batch 754,USR028907,2025-11-23,2025-12-23,Hybrid,221,55,27,85,Running
BAT000755,ENT00194,CRS014928,Corporate Training Batch 755,USR034201,2026-03-04,2026-05-03,Offline,438,62,58,87,Running
BAT000756,ENT00132,CRS048812,Corporate Training Batch 756,USR025945,2025-12-30,2026-03-30,Hybrid,459,77,46,65,Running
BAT000757,ENT00456,CRS004290,Corporate Training Batch 757,USR011958,2026-02-09,2026-04-10,Hybrid,303,94,44,27,Completed
BAT000758,ENT00164,CRS025255,Corporate Training Batch 758,USR027873,2026-03-01,2026-04-15,Hybrid,425,75,86,47,Completed
BAT000759,ENT00442,CRS019837,Corporate Training Batch 759,USR034241,2026-03-09,2026-06-07,Online,480,81,29,89,Completed
BAT000760,ENT00061,CRS014068,Corporate Training Batch 760,USR040356,2026-01-30,2026-03-31,Offline,204,69,23,91,Running
BAT000761,ENT00463,CRS017396,Corporate Training Batch 761,USR021826,2026-04-28,2026-05-05,Offline,139,55,21,87,Planned
BAT000762,ENT00454,CRS010210,Corporate Training Batch 762,USR044742,2026-04-17,2026-06-16,Online,298,100,74,78,Running
BAT000763,ENT00375,CRS033023,Corporate Training Batch 763,USR043319,2026-01-08,2026-03-09,Offline,228,89,55,90,Running
BAT000764,ENT00013,CRS041145,Corporate Training Batch 764,USR027644,2026-03-23,2026-03-30,Offline,391,74,73,98,On Hold
BAT000765,ENT00116,CRS014434,Corporate Training Batch 765,USR042128,2025-12-12,2026-01-26,Hybrid,317,64,91,93,On Hold
BAT000766,ENT00204,CRS029422,Corporate Training Batch 766,USR004693,2025-12-03,2025-12-10,Online,184,75,28,37,Completed
BAT000767,ENT00440,CRS032461,Corporate Training Batch 767,USR040971,2026-02-18,2026-03-04,Online,423,79,45,42,Completed
BAT000768,ENT00177,CRS041732,Corporate Training Batch 768,USR049728,2026-03-11,2026-03-25,Hybrid,102,77,94,60,On Hold
BAT000769,ENT00393,CRS036673,Corporate Training Batch 769,USR004641,2025-11-29,2026-02-27,Hybrid,494,95,45,45,On Hold
BAT000770,ENT00319,CRS034389,Corporate Training Batch 770,USR044446,2026-03-27,2026-04-10,Online,181,93,29,86,Planned
BAT000771,ENT00278,CRS049923,Corporate Training Batch 771,USR031467,2026-02-08,2026-05-09,Online,385,98,96,48,Planned
BAT000772,ENT00429,CRS023549,Corporate Training Batch 772,USR028430,2026-04-15,2026-07-14,Online,336,92,50,71,Planned
BAT000773,ENT00088,CRS024086,Corporate Training Batch 773,USR035921,2026-02-21,2026-03-23,Online,347,63,52,26,On Hold
BAT000774,ENT00343,CRS041443,Corporate Training Batch 774,USR033227,2026-02-23,2026-05-24,Hybrid,396,56,67,71,Planned
BAT000775,ENT00088,CRS041539,Corporate Training Batch 775,USR025099,2026-02-23,2026-03-02,Hybrid,174,98,68,62,On Hold
BAT000776,ENT00268,CRS038007,Corporate Training Batch 776,USR042081,2025-12-25,2026-01-01,Offline,172,81,59,97,Running
BAT000777,ENT00184,CRS018147,Corporate Training Batch 777,USR045283,2026-01-03,2026-03-04,Hybrid,327,58,58,45,Running
BAT000778,ENT00474,CRS008109,Corporate Training Batch 778,USR036432,2026-05-06,2026-06-20,Offline,126,60,92,21,Planned
BAT000779,ENT00132,CRS046023,Corporate Training Batch 779,USR042370,2025-12-26,2026-02-24,Offline,211,59,59,33,Running
BAT000780,ENT00012,CRS007955,Corporate Training Batch 780,USR014364,2025-12-12,2026-01-26,Hybrid,157,84,94,58,Running
BAT000781,ENT00474,CRS033988,Corporate Training Batch 781,USR008208,2026-04-21,2026-04-28,Offline,224,97,61,86,Planned
BAT000782,ENT00204,CRS036217,Corporate Training Batch 782,USR005507,2026-01-04,2026-02-03,Hybrid,483,86,66,43,On Hold
BAT000783,ENT00235,CRS047500,Corporate Training Batch 783,USR004493,2026-04-30,2026-07-29,Hybrid,448,57,31,25,Completed
BAT000784,ENT00389,CRS014017,Corporate Training Batch 784,USR045667,2026-02-23,2026-03-02,Hybrid,378,83,78,23,Running
BAT000785,ENT00257,CRS016537,Corporate Training Batch 785,USR008384,2026-03-01,2026-04-15,Offline,300,64,23,71,Completed
BAT000786,ENT00246,CRS034270,Corporate Training Batch 786,USR014346,2026-02-01,2026-02-15,Hybrid,258,67,24,62,On Hold
BAT000787,ENT00260,CRS032695,Corporate Training Batch 787,USR025309,2026-01-24,2026-03-10,Hybrid,437,92,89,61,Running
BAT000788,ENT00249,CRS025930,Corporate Training Batch 788,USR024301,2025-12-27,2026-03-27,Online,457,70,45,85,Running
BAT000789,ENT00322,CRS021154,Corporate Training Batch 789,USR005914,2026-03-29,2026-05-13,Online,436,95,96,51,Planned
BAT000790,ENT00488,CRS009387,Corporate Training Batch 790,USR031413,2026-04-29,2026-06-13,Hybrid,176,60,98,28,On Hold
BAT000791,ENT00018,CRS038015,Corporate Training Batch 791,USR027351,2026-01-29,2026-02-28,Hybrid,418,55,54,46,On Hold
BAT000792,ENT00399,CRS033725,Corporate Training Batch 792,USR028934,2026-04-20,2026-06-04,Hybrid,191,55,86,62,On Hold
BAT000793,ENT00284,CRS026354,Corporate Training Batch 793,USR029465,2026-04-14,2026-04-21,Online,63,79,100,23,Running
BAT000794,ENT00036,CRS018075,Corporate Training Batch 794,USR033617,2026-04-05,2026-07-04,Hybrid,235,66,56,87,On Hold
BAT000795,ENT00216,CRS037751,Corporate Training Batch 795,USR022616,2026-01-18,2026-03-04,Hybrid,327,72,20,36,Completed
BAT000796,ENT00201,CRS029482,Corporate Training Batch 796,USR040983,2026-04-16,2026-07-15,Hybrid,465,81,79,75,Running
BAT000797,ENT00028,CRS035601,Corporate Training Batch 797,USR032604,2025-12-30,2026-01-06,Online,283,69,99,74,Running
BAT000798,ENT00071,CRS013930,Corporate Training Batch 798,USR037292,2026-03-29,2026-04-05,Hybrid,500,71,28,96,Completed
BAT000799,ENT00177,CRS032613,Corporate Training Batch 799,USR028357,2026-01-05,2026-01-19,Hybrid,434,89,69,63,Completed
BAT000800,ENT00394,CRS022887,Corporate Training Batch 800,USR014252,2026-01-28,2026-03-14,Online,424,59,79,64,Completed
BAT000801,ENT00284,CRS004521,Corporate Training Batch 801,USR041946,2026-03-02,2026-05-01,Hybrid,148,63,45,75,Running
BAT000802,ENT00370,CRS018487,Corporate Training Batch 802,USR003385,2026-03-17,2026-04-16,Offline,220,89,79,33,Running
BAT000803,ENT00069,CRS019361,Corporate Training Batch 803,USR001989,2026-03-29,2026-06-27,Online,198,69,63,54,On Hold
BAT000804,ENT00285,CRS036040,Corporate Training Batch 804,USR016770,2025-12-13,2026-01-12,Online,148,71,80,95,Running
BAT000805,ENT00293,CRS032100,Corporate Training Batch 805,USR002453,2026-01-18,2026-01-25,Hybrid,414,57,55,83,Planned
BAT000806,ENT00303,CRS010236,Corporate Training Batch 806,USR034273,2026-03-09,2026-03-16,Online,160,56,69,49,Planned
BAT000807,ENT00004,CRS019638,Corporate Training Batch 807,USR002993,2026-05-09,2026-07-08,Online,249,85,23,64,Running
BAT000808,ENT00137,CRS045505,Corporate Training Batch 808,USR045817,2026-04-21,2026-06-20,Hybrid,312,94,100,88,Running
BAT000809,ENT00387,CRS007757,Corporate Training Batch 809,USR036303,2026-03-07,2026-03-14,Online,101,71,25,79,Planned
BAT000810,ENT00028,CRS010243,Corporate Training Batch 810,USR032448,2026-02-14,2026-02-28,Online,257,94,74,68,Running
BAT000811,ENT00306,CRS038980,Corporate Training Batch 811,USR025985,2026-04-04,2026-05-19,Online,98,72,59,49,Completed
BAT000812,ENT00058,CRS034717,Corporate Training Batch 812,USR025293,2025-12-16,2026-01-30,Offline,229,99,24,88,Planned
BAT000813,ENT00436,CRS009011,Corporate Training Batch 813,USR019436,2026-02-02,2026-04-03,Online,25,65,24,27,Completed
BAT000814,ENT00076,CRS021116,Corporate Training Batch 814,USR025546,2026-01-02,2026-02-01,Hybrid,178,56,88,87,On Hold
BAT000815,ENT00215,CRS012261,Corporate Training Batch 815,USR040240,2026-03-09,2026-03-23,Offline,187,62,79,66,Running
BAT000816,ENT00009,CRS021196,Corporate Training Batch 816,USR035415,2026-04-21,2026-07-20,Offline,429,85,38,73,Completed
BAT000817,ENT00295,CRS047812,Corporate Training Batch 817,USR047082,2025-12-22,2026-03-22,Hybrid,435,76,25,40,Planned
BAT000818,ENT00420,CRS047190,Corporate Training Batch 818,USR033818,2025-12-10,2026-02-08,Hybrid,101,96,55,33,Planned
BAT000819,ENT00399,CRS003913,Corporate Training Batch 819,USR009580,2026-01-31,2026-02-14,Online,113,72,98,81,Running
BAT000820,ENT00170,CRS025281,Corporate Training Batch 820,USR027146,2026-01-04,2026-01-11,Hybrid,121,95,98,72,Completed
BAT000821,ENT00127,CRS026131,Corporate Training Batch 821,USR042950,2026-01-14,2026-01-28,Hybrid,175,80,22,80,Running
BAT000822,ENT00089,CRS048340,Corporate Training Batch 822,USR003706,2025-12-09,2026-01-08,Online,318,79,31,60,Completed
BAT000823,ENT00499,CRS008197,Corporate Training Batch 823,USR035860,2026-02-25,2026-03-11,Online,493,77,31,47,Running
BAT000824,ENT00305,CRS048906,Corporate Training Batch 824,USR020558,2026-04-22,2026-06-21,Offline,447,77,93,81,Running
BAT000825,ENT00389,CRS037489,Corporate Training Batch 825,USR020475,2026-01-12,2026-04-12,Online,106,91,40,73,Running
BAT000826,ENT00325,CRS042267,Corporate Training Batch 826,USR043400,2026-01-02,2026-01-09,Hybrid,72,75,48,91,On Hold
BAT000827,ENT00080,CRS023089,Corporate Training Batch 827,USR020661,2026-03-26,2026-05-10,Offline,469,62,46,57,On Hold
BAT000828,ENT00136,CRS001170,Corporate Training Batch 828,USR021789,2026-02-01,2026-03-03,Offline,13,68,71,62,On Hold
BAT000829,ENT00174,CRS028758,Corporate Training Batch 829,USR012672,2026-03-11,2026-04-10,Online,333,55,73,59,Completed
BAT000830,ENT00245,CRS037865,Corporate Training Batch 830,USR045664,2026-03-17,2026-06-15,Online,132,80,56,58,Running
BAT000831,ENT00201,CRS032636,Corporate Training Batch 831,USR029891,2026-03-18,2026-05-02,Hybrid,468,71,67,79,Running
BAT000832,ENT00202,CRS013990,Corporate Training Batch 832,USR007507,2025-12-11,2026-01-10,Online,19,69,55,85,Running
BAT000833,ENT00302,CRS040851,Corporate Training Batch 833,USR011186,2026-01-29,2026-02-05,Offline,231,61,63,66,On Hold
BAT000834,ENT00330,CRS003068,Corporate Training Batch 834,USR034169,2026-04-21,2026-05-21,Hybrid,326,79,68,32,Completed
BAT000835,ENT00094,CRS028529,Corporate Training Batch 835,USR009068,2026-03-10,2026-04-09,Hybrid,259,94,44,62,Running
BAT000836,ENT00321,CRS034201,Corporate Training Batch 836,USR032502,2025-12-21,2026-01-20,Offline,369,99,96,90,Running
BAT000837,ENT00084,CRS036463,Corporate Training Batch 837,USR006193,2025-12-26,2026-03-26,Hybrid,467,71,43,72,Completed
BAT000838,ENT00463,CRS033320,Corporate Training Batch 838,USR004716,2025-11-14,2025-11-21,Hybrid,477,77,39,89,On Hold
BAT000839,ENT00057,CRS012054,Corporate Training Batch 839,USR040468,2025-12-19,2026-02-17,Offline,253,56,63,84,Completed
BAT000840,ENT00107,CRS044843,Corporate Training Batch 840,USR029914,2026-02-04,2026-02-11,Offline,182,64,99,83,Completed
BAT000841,ENT00116,CRS033241,Corporate Training Batch 841,USR027605,2025-12-14,2025-12-21,Hybrid,337,95,78,61,Planned
BAT000842,ENT00288,CRS013842,Corporate Training Batch 842,USR013442,2026-01-01,2026-01-08,Hybrid,65,65,43,67,Completed
BAT000843,ENT00229,CRS045991,Corporate Training Batch 843,USR029255,2026-05-10,2026-08-08,Online,244,81,98,20,Planned
BAT000844,ENT00418,CRS000244,Corporate Training Batch 844,USR032793,2025-12-22,2025-12-29,Online,301,65,80,28,Completed
BAT000845,ENT00195,CRS035127,Corporate Training Batch 845,USR005480,2026-03-21,2026-04-04,Online,431,61,65,27,On Hold
BAT000846,ENT00227,CRS004154,Corporate Training Batch 846,USR041959,2026-02-10,2026-02-24,Online,272,84,84,58,Running
BAT000847,ENT00275,CRS006844,Corporate Training Batch 847,USR048605,2026-04-24,2026-07-23,Online,101,64,99,37,On Hold
BAT000848,ENT00308,CRS015541,Corporate Training Batch 848,USR035466,2025-12-04,2026-02-02,Hybrid,32,84,36,74,Completed
BAT000849,ENT00417,CRS024680,Corporate Training Batch 849,USR020806,2025-12-16,2026-01-30,Online,499,92,27,25,Running
BAT000850,ENT00282,CRS020495,Corporate Training Batch 850,USR005483,2026-03-27,2026-04-26,Hybrid,360,71,71,57,Running
BAT000851,ENT00441,CRS003490,Corporate Training Batch 851,USR044345,2026-03-16,2026-03-23,Online,270,84,34,78,Running
BAT000852,ENT00333,CRS045148,Corporate Training Batch 852,USR032176,2026-02-16,2026-02-23,Hybrid,321,81,66,97,Completed
BAT000853,ENT00318,CRS004490,Corporate Training Batch 853,USR011983,2026-03-03,2026-03-17,Offline,40,56,42,51,On Hold
BAT000854,ENT00395,CRS026965,Corporate Training Batch 854,USR046590,2026-05-13,2026-06-27,Online,373,60,41,93,Running
BAT000855,ENT00303,CRS015617,Corporate Training Batch 855,USR038100,2026-02-27,2026-05-28,Hybrid,222,78,59,87,On Hold
BAT000856,ENT00001,CRS046519,Corporate Training Batch 856,USR000194,2026-02-08,2026-03-25,Hybrid,209,68,27,87,Completed
BAT000857,ENT00254,CRS028739,Corporate Training Batch 857,USR048245,2025-12-23,2026-02-21,Online,234,69,76,47,Completed
BAT000858,ENT00081,CRS021817,Corporate Training Batch 858,USR031209,2026-03-15,2026-04-14,Hybrid,176,77,62,38,Planned
BAT000859,ENT00398,CRS038082,Corporate Training Batch 859,USR025703,2026-02-24,2026-05-25,Offline,392,95,54,49,Running
BAT000860,ENT00150,CRS029321,Corporate Training Batch 860,USR001151,2026-03-22,2026-05-21,Hybrid,301,81,31,23,Running
BAT000861,ENT00243,CRS010268,Corporate Training Batch 861,USR035783,2026-01-11,2026-02-10,Hybrid,446,78,95,68,On Hold
BAT000862,ENT00408,CRS012730,Corporate Training Batch 862,USR031758,2025-11-23,2026-01-22,Online,197,76,84,45,Planned
BAT000863,ENT00140,CRS026803,Corporate Training Batch 863,USR029246,2026-02-01,2026-03-18,Offline,103,97,52,96,Running
BAT000864,ENT00278,CRS027226,Corporate Training Batch 864,USR035672,2026-02-14,2026-02-21,Offline,164,58,43,67,Completed
BAT000865,ENT00028,CRS012176,Corporate Training Batch 865,USR048894,2025-11-25,2025-12-25,Offline,479,100,79,92,Planned
BAT000866,ENT00415,CRS005750,Corporate Training Batch 866,USR035839,2026-03-27,2026-04-10,Offline,296,82,65,39,Completed
BAT000867,ENT00368,CRS043901,Corporate Training Batch 867,USR013068,2026-03-09,2026-06-07,Hybrid,196,57,94,58,On Hold
BAT000868,ENT00208,CRS028966,Corporate Training Batch 868,USR017385,2026-04-29,2026-06-13,Hybrid,121,56,78,64,Running
BAT000869,ENT00134,CRS037291,Corporate Training Batch 869,USR040659,2026-03-07,2026-03-21,Online,326,88,64,71,Planned
BAT000870,ENT00295,CRS042124,Corporate Training Batch 870,USR003483,2026-03-04,2026-04-18,Hybrid,291,91,52,65,Running
BAT000871,ENT00331,CRS034892,Corporate Training Batch 871,USR028001,2026-04-13,2026-04-20,Offline,360,90,64,63,On Hold
BAT000872,ENT00291,CRS045266,Corporate Training Batch 872,USR047255,2026-04-05,2026-07-04,Offline,378,92,100,43,Planned
BAT000873,ENT00357,CRS015814,Corporate Training Batch 873,USR025861,2026-04-22,2026-04-29,Hybrid,333,87,47,30,Planned
BAT000874,ENT00488,CRS018100,Corporate Training Batch 874,USR007436,2026-02-23,2026-04-09,Hybrid,436,91,37,84,Planned
BAT000875,ENT00234,CRS021537,Corporate Training Batch 875,USR009935,2026-04-07,2026-05-07,Hybrid,326,71,73,31,Completed
BAT000876,ENT00114,CRS031544,Corporate Training Batch 876,USR047285,2025-12-31,2026-03-01,Online,14,90,28,59,Running
BAT000877,ENT00438,CRS030297,Corporate Training Batch 877,USR013943,2026-04-30,2026-06-14,Hybrid,450,71,95,89,Planned
BAT000878,ENT00309,CRS041040,Corporate Training Batch 878,USR045121,2026-01-31,2026-03-02,Hybrid,111,85,90,67,Running
BAT000879,ENT00083,CRS003605,Corporate Training Batch 879,USR033850,2025-12-11,2026-01-10,Online,146,81,93,30,Completed
BAT000880,ENT00469,CRS012706,Corporate Training Batch 880,USR044515,2025-12-19,2026-01-18,Online,316,70,98,95,Running
BAT000881,ENT00311,CRS032002,Corporate Training Batch 881,USR041741,2026-02-21,2026-03-07,Online,370,57,56,96,Running
BAT000882,ENT00171,CRS039941,Corporate Training Batch 882,USR022725,2026-04-25,2026-05-02,Offline,423,95,80,74,Planned
BAT000883,ENT00469,CRS037808,Corporate Training Batch 883,USR021168,2026-02-18,2026-03-04,Hybrid,381,75,84,24,On Hold
BAT000884,ENT00051,CRS046719,Corporate Training Batch 884,USR036769,2026-04-27,2026-05-04,Hybrid,179,99,85,44,Running
BAT000885,ENT00459,CRS041023,Corporate Training Batch 885,USR038666,2025-11-19,2025-11-26,Hybrid,246,77,42,36,Completed
BAT000886,ENT00044,CRS005817,Corporate Training Batch 886,USR020689,2026-01-24,2026-01-31,Online,253,78,46,25,Planned
BAT000887,ENT00139,CRS033218,Corporate Training Batch 887,USR048511,2026-02-20,2026-03-06,Online,292,99,77,95,Running
BAT000888,ENT00013,CRS013542,Corporate Training Batch 888,USR005470,2026-01-03,2026-03-04,Offline,118,81,85,49,On Hold
BAT000889,ENT00405,CRS024401,Corporate Training Batch 889,USR016308,2026-05-09,2026-08-07,Offline,238,95,44,26,Completed
BAT000890,ENT00221,CRS035926,Corporate Training Batch 890,USR041676,2026-02-09,2026-05-10,Hybrid,484,66,78,38,Running
BAT000891,ENT00248,CRS040199,Corporate Training Batch 891,USR037915,2026-05-02,2026-06-01,Offline,267,87,24,85,Running
BAT000892,ENT00302,CRS017337,Corporate Training Batch 892,USR017500,2026-03-13,2026-04-27,Offline,214,67,33,23,Completed
BAT000893,ENT00253,CRS029121,Corporate Training Batch 893,USR027432,2026-03-15,2026-05-14,Online,59,70,84,29,Planned
BAT000894,ENT00097,CRS015545,Corporate Training Batch 894,USR017539,2026-01-29,2026-02-28,Hybrid,251,86,81,63,Running
BAT000895,ENT00079,CRS008654,Corporate Training Batch 895,USR029288,2026-05-12,2026-05-26,Offline,364,71,57,89,On Hold
BAT000896,ENT00275,CRS044210,Corporate Training Batch 896,USR004884,2026-02-05,2026-03-07,Offline,487,87,76,31,On Hold
BAT000897,ENT00108,CRS043622,Corporate Training Batch 897,USR018348,2026-04-24,2026-05-24,Offline,328,95,92,97,On Hold
BAT000898,ENT00264,CRS003103,Corporate Training Batch 898,USR025899,2026-03-03,2026-06-01,Offline,223,65,37,43,Completed
BAT000899,ENT00223,CRS040618,Corporate Training Batch 899,USR044262,2025-11-16,2025-11-23,Online,399,73,60,24,Running
BAT000900,ENT00460,CRS037621,Corporate Training Batch 900,USR041732,2026-01-20,2026-03-21,Offline,404,76,79,96,Running
BAT000901,ENT00131,CRS042103,Corporate Training Batch 901,USR001692,2026-02-24,2026-04-25,Offline,405,67,64,84,Completed
BAT000902,ENT00174,CRS029300,Corporate Training Batch 902,USR038556,2026-01-21,2026-04-21,Online,405,67,77,37,Planned
BAT000903,ENT00183,CRS009145,Corporate Training Batch 903,USR021278,2026-03-15,2026-04-14,Offline,17,82,52,43,Running
BAT000904,ENT00232,CRS045487,Corporate Training Batch 904,USR038583,2026-03-28,2026-04-04,Hybrid,308,59,49,22,On Hold
BAT000905,ENT00078,CRS026665,Corporate Training Batch 905,USR008216,2026-01-09,2026-04-09,Offline,136,56,22,97,Planned
BAT000906,ENT00030,CRS037588,Corporate Training Batch 906,USR013326,2026-01-21,2026-02-20,Offline,257,68,75,55,Planned
BAT000907,ENT00241,CRS028766,Corporate Training Batch 907,USR021089,2025-11-15,2025-12-30,Online,31,71,30,22,Planned
BAT000908,ENT00266,CRS043923,Corporate Training Batch 908,USR024873,2026-05-01,2026-05-15,Hybrid,231,77,25,41,Completed
BAT000909,ENT00201,CRS038534,Corporate Training Batch 909,USR048782,2025-12-26,2026-02-24,Offline,137,100,70,74,On Hold
BAT000910,ENT00268,CRS016862,Corporate Training Batch 910,USR008905,2026-04-28,2026-05-28,Offline,169,96,65,31,Completed
BAT000911,ENT00038,CRS034261,Corporate Training Batch 911,USR037888,2026-05-13,2026-08-11,Online,107,98,26,50,Completed
BAT000912,ENT00134,CRS011458,Corporate Training Batch 912,USR025609,2025-11-15,2026-02-13,Online,66,72,77,62,On Hold
BAT000913,ENT00293,CRS008805,Corporate Training Batch 913,USR024344,2026-03-27,2026-04-26,Online,359,84,23,66,Planned
BAT000914,ENT00288,CRS031201,Corporate Training Batch 914,USR030164,2026-01-13,2026-01-27,Online,53,84,69,71,On Hold
BAT000915,ENT00044,CRS018465,Corporate Training Batch 915,USR014059,2026-01-09,2026-03-10,Online,488,71,36,57,Planned
BAT000916,ENT00252,CRS043816,Corporate Training Batch 916,USR034371,2026-05-12,2026-06-26,Offline,384,76,84,53,Running
BAT000917,ENT00035,CRS025218,Corporate Training Batch 917,USR029414,2025-12-09,2026-01-08,Hybrid,34,65,30,68,On Hold
BAT000918,ENT00124,CRS035015,Corporate Training Batch 918,USR030094,2026-02-15,2026-04-01,Offline,342,98,82,26,On Hold
BAT000919,ENT00095,CRS036125,Corporate Training Batch 919,USR006052,2026-04-04,2026-04-18,Hybrid,346,87,69,63,Planned
BAT000920,ENT00211,CRS032832,Corporate Training Batch 920,USR015062,2025-12-30,2026-02-13,Offline,430,62,49,38,Running
BAT000921,ENT00156,CRS048198,Corporate Training Batch 921,USR019218,2026-04-19,2026-05-03,Online,222,71,45,35,Planned
BAT000922,ENT00108,CRS020009,Corporate Training Batch 922,USR011617,2026-05-06,2026-07-05,Offline,482,79,46,72,Planned
BAT000923,ENT00370,CRS001484,Corporate Training Batch 923,USR025773,2026-03-19,2026-04-02,Online,398,65,35,92,Planned
BAT000924,ENT00228,CRS016366,Corporate Training Batch 924,USR018683,2026-01-19,2026-02-18,Hybrid,364,91,25,52,On Hold
BAT000925,ENT00273,CRS045646,Corporate Training Batch 925,USR030414,2026-04-25,2026-06-09,Online,44,77,44,58,Planned
BAT000926,ENT00248,CRS033384,Corporate Training Batch 926,USR005034,2026-02-13,2026-04-14,Online,161,90,48,86,On Hold
BAT000927,ENT00069,CRS010748,Corporate Training Batch 927,USR028638,2026-03-24,2026-04-07,Hybrid,152,71,35,32,On Hold
BAT000928,ENT00491,CRS001554,Corporate Training Batch 928,USR032816,2025-11-26,2026-02-24,Online,23,69,35,59,Planned
BAT000929,ENT00409,CRS039060,Corporate Training Batch 929,USR014897,2026-04-26,2026-05-10,Offline,100,62,61,79,Planned
BAT000930,ENT00010,CRS034956,Corporate Training Batch 930,USR005170,2026-01-20,2026-02-19,Offline,172,96,44,92,On Hold
BAT000931,ENT00214,CRS040034,Corporate Training Batch 931,USR045365,2026-02-27,2026-03-29,Hybrid,235,92,83,20,Planned
BAT000932,ENT00141,CRS026500,Corporate Training Batch 932,USR012444,2026-04-08,2026-07-07,Hybrid,228,85,27,34,Completed
BAT000933,ENT00384,CRS029881,Corporate Training Batch 933,USR011575,2026-01-22,2026-04-22,Hybrid,473,72,21,56,On Hold
BAT000934,ENT00226,CRS013452,Corporate Training Batch 934,USR028498,2026-02-28,2026-04-29,Hybrid,318,88,57,70,On Hold
BAT000935,ENT00471,CRS014108,Corporate Training Batch 935,USR027649,2026-02-15,2026-02-22,Hybrid,330,67,59,78,On Hold
BAT000936,ENT00198,CRS037862,Corporate Training Batch 936,USR015421,2026-01-26,2026-02-09,Online,412,66,55,88,Running
BAT000937,ENT00169,CRS021328,Corporate Training Batch 937,USR038172,2025-12-02,2026-01-31,Hybrid,274,68,30,67,Planned
BAT000938,ENT00312,CRS030799,Corporate Training Batch 938,USR030863,2026-03-10,2026-04-24,Online,287,87,82,73,Running
BAT000939,ENT00123,CRS043476,Corporate Training Batch 939,USR010329,2026-01-09,2026-01-16,Hybrid,150,58,79,81,Planned
BAT000940,ENT00435,CRS023031,Corporate Training Batch 940,USR021679,2025-11-15,2026-01-14,Online,129,74,97,61,On Hold
BAT000941,ENT00459,CRS006686,Corporate Training Batch 941,USR029350,2026-03-13,2026-03-20,Hybrid,385,65,76,52,On Hold
BAT000942,ENT00115,CRS025555,Corporate Training Batch 942,USR040248,2026-03-02,2026-04-16,Online,217,89,24,96,On Hold
BAT000943,ENT00383,CRS006508,Corporate Training Batch 943,USR018372,2026-04-16,2026-05-16,Offline,238,65,38,47,Planned
BAT000944,ENT00432,CRS025791,Corporate Training Batch 944,USR036515,2026-01-01,2026-01-08,Online,35,71,29,77,On Hold
BAT000945,ENT00260,CRS046713,Corporate Training Batch 945,USR033376,2026-03-03,2026-04-02,Online,206,62,77,44,On Hold
BAT000946,ENT00030,CRS019811,Corporate Training Batch 946,USR016095,2025-11-23,2025-11-30,Online,494,98,78,61,Running
BAT000947,ENT00344,CRS045412,Corporate Training Batch 947,USR005579,2026-02-02,2026-04-03,Hybrid,280,99,59,54,Running
BAT000948,ENT00196,CRS011083,Corporate Training Batch 948,USR006442,2026-02-09,2026-03-26,Hybrid,418,96,50,44,Completed
BAT000949,ENT00463,CRS004401,Corporate Training Batch 949,USR023872,2025-12-06,2025-12-13,Hybrid,262,66,30,55,Running
BAT000950,ENT00155,CRS006873,Corporate Training Batch 950,USR005495,2025-12-01,2025-12-08,Hybrid,82,59,61,89,On Hold
BAT000951,ENT00307,CRS003323,Corporate Training Batch 951,USR033978,2026-03-14,2026-06-12,Offline,286,84,35,35,Running
BAT000952,ENT00237,CRS043241,Corporate Training Batch 952,USR038550,2026-04-30,2026-06-14,Online,86,79,37,76,Completed
BAT000953,ENT00248,CRS026144,Corporate Training Batch 953,USR013098,2026-02-07,2026-02-14,Online,436,86,80,20,On Hold
BAT000954,ENT00320,CRS000565,Corporate Training Batch 954,USR019235,2026-05-10,2026-05-17,Hybrid,278,100,57,24,Planned
BAT000955,ENT00306,CRS022369,Corporate Training Batch 955,USR001103,2026-04-19,2026-04-26,Offline,347,74,88,75,Completed
BAT000956,ENT00077,CRS038245,Corporate Training Batch 956,USR035298,2025-12-10,2026-02-08,Offline,433,96,36,61,Running
BAT000957,ENT00068,CRS039331,Corporate Training Batch 957,USR034244,2026-01-17,2026-03-03,Offline,266,55,41,37,Planned
BAT000958,ENT00141,CRS019145,Corporate Training Batch 958,USR035223,2026-05-07,2026-07-06,Online,247,58,29,34,Completed
BAT000959,ENT00388,CRS016700,Corporate Training Batch 959,USR023460,2026-01-17,2026-01-24,Hybrid,387,66,97,74,Running
BAT000960,ENT00233,CRS002991,Corporate Training Batch 960,USR047826,2026-03-07,2026-04-06,Online,228,78,20,25,On Hold
BAT000961,ENT00320,CRS029375,Corporate Training Batch 961,USR024389,2026-03-08,2026-04-07,Offline,123,55,50,29,Planned
BAT000962,ENT00044,CRS008807,Corporate Training Batch 962,USR022002,2026-04-15,2026-07-14,Hybrid,495,66,37,91,Planned
BAT000963,ENT00417,CRS045442,Corporate Training Batch 963,USR009175,2025-12-11,2025-12-18,Hybrid,370,87,73,83,Running
BAT000964,ENT00238,CRS029242,Corporate Training Batch 964,USR035203,2026-01-22,2026-03-08,Offline,143,58,68,78,Running
BAT000965,ENT00001,CRS024372,Corporate Training Batch 965,USR031354,2026-02-23,2026-03-02,Hybrid,226,61,87,41,On Hold
BAT000966,ENT00004,CRS040037,Corporate Training Batch 966,USR046306,2025-11-14,2025-12-29,Online,367,87,52,66,Running
BAT000967,ENT00359,CRS013782,Corporate Training Batch 967,USR025160,2025-12-27,2026-02-25,Online,434,98,52,38,On Hold
BAT000968,ENT00036,CRS013063,Corporate Training Batch 968,USR015248,2025-12-12,2025-12-19,Offline,451,84,55,36,Running
BAT000969,ENT00429,CRS013280,Corporate Training Batch 969,USR026836,2025-11-29,2025-12-13,Offline,480,99,59,96,Completed
BAT000970,ENT00416,CRS016805,Corporate Training Batch 970,USR045897,2026-03-13,2026-03-20,Online,175,76,33,37,On Hold
BAT000971,ENT00494,CRS020737,Corporate Training Batch 971,USR017510,2026-01-28,2026-04-28,Online,285,91,38,23,Completed
BAT000972,ENT00422,CRS004234,Corporate Training Batch 972,USR003145,2026-01-12,2026-02-26,Online,265,64,39,68,Planned
BAT000973,ENT00172,CRS016648,Corporate Training Batch 973,USR028759,2026-03-03,2026-04-17,Offline,25,83,63,91,Running
BAT000974,ENT00443,CRS039740,Corporate Training Batch 974,USR020108,2026-04-06,2026-04-20,Online,150,63,93,60,Running
BAT000975,ENT00218,CRS042736,Corporate Training Batch 975,USR049282,2026-03-29,2026-06-27,Offline,312,88,50,100,Planned
BAT000976,ENT00194,CRS041068,Corporate Training Batch 976,USR021666,2025-12-31,2026-03-01,Offline,276,87,43,91,On Hold
BAT000977,ENT00258,CRS038683,Corporate Training Batch 977,USR002419,2026-03-05,2026-04-04,Offline,293,76,80,24,On Hold
BAT000978,ENT00034,CRS015751,Corporate Training Batch 978,USR034838,2026-01-18,2026-02-17,Offline,469,89,53,81,Planned
BAT000979,ENT00246,CRS019138,Corporate Training Batch 979,USR022090,2026-03-18,2026-05-02,Hybrid,403,68,98,54,Completed
BAT000980,ENT00378,CRS008566,Corporate Training Batch 980,USR013717,2025-11-30,2025-12-14,Hybrid,212,77,97,99,Running
BAT000981,ENT00361,CRS025739,Corporate Training Batch 981,USR014923,2026-01-11,2026-02-25,Online,299,65,78,59,Running
BAT000982,ENT00441,CRS011518,Corporate Training Batch 982,USR017309,2026-02-22,2026-03-01,Online,483,64,80,91,Completed
BAT000983,ENT00289,CRS030398,Corporate Training Batch 983,USR037716,2026-04-18,2026-05-18,Online,81,78,94,20,Running
BAT000984,ENT00468,CRS017196,Corporate Training Batch 984,USR020527,2025-12-11,2026-01-25,Offline,484,77,70,34,On Hold
BAT000985,ENT00243,CRS002599,Corporate Training Batch 985,USR016824,2026-03-10,2026-04-24,Offline,230,89,30,37,Planned
BAT000986,ENT00176,CRS049804,Corporate Training Batch 986,USR023677,2025-11-15,2025-12-30,Hybrid,101,93,74,38,On Hold
BAT000987,ENT00463,CRS048964,Corporate Training Batch 987,USR035467,2026-04-09,2026-05-24,Hybrid,352,93,78,45,Completed
BAT000988,ENT00103,CRS005770,Corporate Training Batch 988,USR019497,2026-02-28,2026-04-29,Online,129,99,45,67,Completed
BAT000989,ENT00278,CRS028214,Corporate Training Batch 989,USR009039,2026-02-05,2026-02-12,Offline,114,94,57,92,On Hold
BAT000990,ENT00022,CRS026779,Corporate Training Batch 990,USR022740,2026-02-25,2026-03-04,Online,10,74,84,86,Running
BAT000991,ENT00067,CRS015311,Corporate Training Batch 991,USR044536,2026-01-01,2026-01-15,Offline,449,79,85,54,Running
BAT000992,ENT00453,CRS009713,Corporate Training Batch 992,USR010156,2026-04-15,2026-06-14,Online,32,96,35,24,Running
BAT000993,ENT00114,CRS012883,Corporate Training Batch 993,USR046855,2026-01-26,2026-02-09,Online,370,81,67,62,Running
BAT000994,ENT00354,CRS038687,Corporate Training Batch 994,USR032858,2026-04-27,2026-05-27,Online,140,96,98,27,Completed
BAT000995,ENT00325,CRS042246,Corporate Training Batch 995,USR030499,2026-01-10,2026-01-17,Offline,35,79,54,36,Completed
BAT000996,ENT00186,CRS017745,Corporate Training Batch 996,USR031993,2026-01-03,2026-02-02,Hybrid,373,61,37,31,Running
BAT000997,ENT00085,CRS001954,Corporate Training Batch 997,USR030741,2025-11-21,2026-01-20,Hybrid,190,71,56,38,On Hold
BAT000998,ENT00431,CRS031055,Corporate Training Batch 998,USR031203,2025-12-20,2026-03-20,Hybrid,328,100,22,25,On Hold
BAT000999,ENT00310,CRS017023,Corporate Training Batch 999,USR045136,2026-03-23,2026-04-22,Hybrid,98,91,47,31,On Hold
BAT001000,ENT00223,CRS015439,Corporate Training Batch 1000,USR022097,2026-05-11,2026-05-25,Offline,16,94,35,49,Planned
BAT001001,ENT00205,CRS011670,Corporate Training Batch 1001,USR043533,2026-01-06,2026-01-13,Hybrid,476,58,69,70,Completed
BAT001002,ENT00140,CRS035931,Corporate Training Batch 1002,USR041182,2026-02-05,2026-04-06,Hybrid,427,86,46,40,Planned
BAT001003,ENT00408,CRS042980,Corporate Training Batch 1003,USR011410,2026-03-17,2026-06-15,Offline,350,59,49,37,On Hold
BAT001004,ENT00398,CRS023796,Corporate Training Batch 1004,USR048092,2025-12-08,2025-12-15,Offline,387,61,47,43,Planned
BAT001005,ENT00176,CRS007806,Corporate Training Batch 1005,USR013962,2026-03-27,2026-04-26,Hybrid,322,58,87,30,Running
BAT001006,ENT00360,CRS009375,Corporate Training Batch 1006,USR009899,2025-12-28,2026-03-28,Hybrid,315,86,77,39,Completed
BAT001007,ENT00325,CRS029867,Corporate Training Batch 1007,USR015324,2025-12-21,2025-12-28,Hybrid,419,66,58,71,Planned
BAT001008,ENT00467,CRS003791,Corporate Training Batch 1008,USR031395,2026-01-28,2026-02-04,Online,206,86,42,50,Completed
BAT001009,ENT00459,CRS001963,Corporate Training Batch 1009,USR040084,2026-03-14,2026-03-28,Hybrid,179,74,45,87,Running
BAT001010,ENT00124,CRS034841,Corporate Training Batch 1010,USR005286,2026-03-06,2026-04-20,Online,44,71,20,75,Planned
BAT001011,ENT00258,CRS025072,Corporate Training Batch 1011,USR007625,2025-12-14,2025-12-28,Offline,170,58,43,20,On Hold
BAT001012,ENT00334,CRS015428,Corporate Training Batch 1012,USR044074,2026-01-08,2026-02-22,Online,225,100,53,98,Planned
BAT001013,ENT00332,CRS039685,Corporate Training Batch 1013,USR041100,2026-02-07,2026-02-14,Online,152,95,84,70,On Hold
BAT001014,ENT00447,CRS002433,Corporate Training Batch 1014,USR003723,2026-03-10,2026-03-17,Online,128,91,51,84,Running
BAT001015,ENT00461,CRS020962,Corporate Training Batch 1015,USR001029,2026-01-22,2026-01-29,Offline,174,98,58,52,Running
BAT001016,ENT00489,CRS048112,Corporate Training Batch 1016,USR029351,2026-05-11,2026-07-10,Offline,80,95,80,41,On Hold
BAT001017,ENT00486,CRS045511,Corporate Training Batch 1017,USR035434,2026-01-03,2026-02-17,Online,212,70,76,31,Completed
BAT001018,ENT00388,CRS015050,Corporate Training Batch 1018,USR005460,2025-12-08,2026-02-06,Offline,160,57,67,42,On Hold
BAT001019,ENT00270,CRS033684,Corporate Training Batch 1019,USR006879,2025-12-14,2026-03-14,Hybrid,135,74,49,94,Completed
BAT001020,ENT00098,CRS049636,Corporate Training Batch 1020,USR027621,2025-12-05,2026-01-19,Hybrid,161,99,89,21,Running
BAT001021,ENT00260,CRS005236,Corporate Training Batch 1021,USR049541,2026-01-19,2026-03-20,Online,239,86,58,38,Planned
BAT001022,ENT00437,CRS042657,Corporate Training Batch 1022,USR007346,2026-04-09,2026-05-09,Hybrid,476,83,44,35,On Hold
BAT001023,ENT00028,CRS022130,Corporate Training Batch 1023,USR009988,2026-05-09,2026-05-23,Offline,130,81,49,44,On Hold
BAT001024,ENT00469,CRS036847,Corporate Training Batch 1024,USR009245,2026-04-27,2026-06-11,Hybrid,68,89,32,25,Running
BAT001025,ENT00427,CRS049736,Corporate Training Batch 1025,USR021823,2026-03-15,2026-06-13,Offline,419,92,50,59,Completed
BAT001026,ENT00076,CRS016055,Corporate Training Batch 1026,USR007717,2026-04-03,2026-04-10,Hybrid,457,75,72,20,Completed
BAT001027,ENT00304,CRS047692,Corporate Training Batch 1027,USR023221,2025-11-19,2026-02-17,Hybrid,247,55,100,23,Completed
BAT001028,ENT00261,CRS028870,Corporate Training Batch 1028,USR023148,2025-12-13,2025-12-27,Hybrid,402,94,80,29,Running
BAT001029,ENT00144,CRS019098,Corporate Training Batch 1029,USR031549,2026-01-03,2026-04-03,Online,492,98,32,87,Completed
BAT001030,ENT00290,CRS024986,Corporate Training Batch 1030,USR032104,2026-03-09,2026-03-23,Online,40,88,80,43,On Hold
BAT001031,ENT00258,CRS032597,Corporate Training Batch 1031,USR047065,2025-12-08,2026-01-07,Online,84,93,72,70,On Hold
BAT001032,ENT00307,CRS017860,Corporate Training Batch 1032,USR049167,2026-01-31,2026-05-01,Offline,339,91,100,65,Completed
BAT001033,ENT00042,CRS013955,Corporate Training Batch 1033,USR007763,2026-03-15,2026-04-29,Offline,123,96,65,52,Completed
BAT001034,ENT00111,CRS031654,Corporate Training Batch 1034,USR048332,2026-02-17,2026-05-18,Online,346,83,31,48,On Hold
BAT001035,ENT00412,CRS006986,Corporate Training Batch 1035,USR033136,2026-04-06,2026-07-05,Hybrid,446,62,82,36,On Hold
BAT001036,ENT00346,CRS037934,Corporate Training Batch 1036,USR002775,2026-01-13,2026-01-20,Offline,49,74,60,34,Planned
BAT001037,ENT00205,CRS009390,Corporate Training Batch 1037,USR003285,2026-02-19,2026-04-05,Online,135,82,47,39,On Hold
BAT001038,ENT00151,CRS013909,Corporate Training Batch 1038,USR024304,2025-12-20,2026-02-03,Offline,12,62,59,71,Planned
BAT001039,ENT00362,CRS024214,Corporate Training Batch 1039,USR031429,2026-04-08,2026-06-07,Hybrid,190,64,81,80,Planned
BAT001040,ENT00420,CRS023038,Corporate Training Batch 1040,USR001260,2025-11-20,2025-11-27,Offline,316,86,24,35,Planned
BAT001041,ENT00486,CRS042048,Corporate Training Batch 1041,USR029815,2026-04-30,2026-05-30,Hybrid,436,87,24,28,Completed
BAT001042,ENT00031,CRS035709,Corporate Training Batch 1042,USR031627,2026-02-15,2026-04-16,Offline,197,91,92,46,Planned
BAT001043,ENT00068,CRS007094,Corporate Training Batch 1043,USR031205,2026-02-05,2026-03-22,Hybrid,141,59,50,46,Running
BAT001044,ENT00102,CRS020768,Corporate Training Batch 1044,USR008057,2026-03-08,2026-03-15,Hybrid,68,55,95,26,Running
BAT001045,ENT00074,CRS034329,Corporate Training Batch 1045,USR041336,2026-03-15,2026-03-29,Hybrid,441,80,78,62,Planned
BAT001046,ENT00159,CRS019647,Corporate Training Batch 1046,USR038887,2026-02-12,2026-05-13,Hybrid,494,58,41,69,On Hold
BAT001047,ENT00242,CRS036839,Corporate Training Batch 1047,USR036033,2026-03-29,2026-06-27,Online,256,71,81,57,Running
BAT001048,ENT00211,CRS040730,Corporate Training Batch 1048,USR001578,2026-03-15,2026-03-22,Hybrid,88,71,92,55,Planned
BAT001049,ENT00029,CRS028346,Corporate Training Batch 1049,USR019129,2026-04-02,2026-07-01,Offline,389,96,95,21,Running
BAT001050,ENT00359,CRS032172,Corporate Training Batch 1050,USR027441,2026-04-19,2026-06-03,Offline,468,96,83,39,Completed
BAT001051,ENT00131,CRS045577,Corporate Training Batch 1051,USR030804,2026-02-19,2026-03-05,Offline,276,84,59,76,Completed
BAT001052,ENT00481,CRS031600,Corporate Training Batch 1052,USR011028,2026-02-24,2026-03-10,Hybrid,457,81,87,27,Planned
BAT001053,ENT00128,CRS016835,Corporate Training Batch 1053,USR043690,2026-05-04,2026-07-03,Online,191,76,25,92,Planned
BAT001054,ENT00099,CRS023535,Corporate Training Batch 1054,USR042632,2026-01-05,2026-01-12,Hybrid,446,80,94,49,Running
BAT001055,ENT00339,CRS000490,Corporate Training Batch 1055,USR005889,2026-02-18,2026-04-04,Hybrid,474,86,25,27,Planned
BAT001056,ENT00422,CRS014677,Corporate Training Batch 1056,USR016054,2026-03-26,2026-05-25,Online,279,82,92,40,On Hold
BAT001057,ENT00387,CRS048203,Corporate Training Batch 1057,USR007510,2026-03-21,2026-05-05,Online,371,60,45,99,Completed
BAT001058,ENT00060,CRS014874,Corporate Training Batch 1058,USR013482,2025-12-10,2025-12-17,Hybrid,168,94,32,51,Completed
BAT001059,ENT00386,CRS023614,Corporate Training Batch 1059,USR033693,2026-03-22,2026-04-05,Hybrid,286,64,66,70,On Hold
BAT001060,ENT00357,CRS022627,Corporate Training Batch 1060,USR049036,2026-04-05,2026-04-19,Hybrid,406,55,29,28,Planned
BAT001061,ENT00442,CRS012353,Corporate Training Batch 1061,USR005303,2026-01-29,2026-03-30,Hybrid,42,81,93,81,On Hold
BAT001062,ENT00462,CRS034153,Corporate Training Batch 1062,USR024203,2026-04-09,2026-07-08,Hybrid,243,92,75,55,On Hold
BAT001063,ENT00099,CRS033042,Corporate Training Batch 1063,USR005282,2026-02-01,2026-02-08,Hybrid,471,95,99,77,Running
BAT001064,ENT00491,CRS012285,Corporate Training Batch 1064,USR011711,2025-12-11,2025-12-18,Online,366,81,52,73,On Hold
BAT001065,ENT00062,CRS032369,Corporate Training Batch 1065,USR005658,2026-02-02,2026-02-09,Online,21,100,91,24,Completed
BAT001066,ENT00468,CRS000941,Corporate Training Batch 1066,USR039063,2026-04-11,2026-05-11,Online,85,70,38,68,Completed
BAT001067,ENT00107,CRS009014,Corporate Training Batch 1067,USR039215,2025-12-15,2025-12-29,Hybrid,239,63,49,64,Completed
BAT001068,ENT00192,CRS012409,Corporate Training Batch 1068,USR039108,2026-04-07,2026-06-06,Offline,438,94,98,87,Planned
BAT001069,ENT00018,CRS032497,Corporate Training Batch 1069,USR031612,2026-01-24,2026-04-24,Offline,363,74,72,77,Running
BAT001070,ENT00306,CRS012949,Corporate Training Batch 1070,USR019951,2026-03-21,2026-04-20,Offline,54,56,59,45,Planned
BAT001071,ENT00203,CRS045438,Corporate Training Batch 1071,USR041584,2025-12-22,2026-01-05,Offline,477,70,69,73,Planned
BAT001072,ENT00094,CRS016455,Corporate Training Batch 1072,USR009097,2025-11-27,2026-01-11,Online,384,100,72,94,Running
BAT001073,ENT00225,CRS034010,Corporate Training Batch 1073,USR025037,2026-02-17,2026-02-24,Online,221,63,52,37,Completed
BAT001074,ENT00129,CRS034940,Corporate Training Batch 1074,USR043289,2025-12-16,2025-12-30,Online,294,76,30,53,Completed
BAT001075,ENT00139,CRS016617,Corporate Training Batch 1075,USR010701,2025-11-25,2025-12-09,Online,409,80,71,88,Running
BAT001076,ENT00093,CRS047516,Corporate Training Batch 1076,USR012912,2026-03-21,2026-04-04,Online,147,83,53,85,Completed
BAT001077,ENT00030,CRS004909,Corporate Training Batch 1077,USR027651,2026-02-01,2026-02-08,Offline,389,92,87,99,Planned
BAT001078,ENT00042,CRS030491,Corporate Training Batch 1078,USR038774,2026-02-18,2026-04-04,Offline,363,73,76,53,On Hold
BAT001079,ENT00195,CRS000953,Corporate Training Batch 1079,USR012438,2026-04-19,2026-04-26,Online,133,63,36,73,Running
BAT001080,ENT00068,CRS007622,Corporate Training Batch 1080,USR003419,2025-12-03,2026-01-17,Offline,404,95,71,73,Running
BAT001081,ENT00021,CRS036198,Corporate Training Batch 1081,USR008856,2026-04-15,2026-05-30,Offline,457,94,36,74,Completed
BAT001082,ENT00080,CRS014763,Corporate Training Batch 1082,USR034872,2025-11-25,2026-01-24,Online,300,81,99,88,Completed
BAT001083,ENT00093,CRS047098,Corporate Training Batch 1083,USR005616,2025-11-18,2026-01-17,Online,416,57,42,99,Completed
BAT001084,ENT00124,CRS037099,Corporate Training Batch 1084,USR041463,2026-03-17,2026-04-16,Hybrid,456,70,66,96,On Hold
BAT001085,ENT00121,CRS029725,Corporate Training Batch 1085,USR027875,2025-12-07,2026-01-21,Hybrid,38,77,83,49,Planned
BAT001086,ENT00026,CRS002525,Corporate Training Batch 1086,USR025599,2025-11-19,2025-12-19,Offline,15,80,71,65,Running
BAT001087,ENT00088,CRS038248,Corporate Training Batch 1087,USR010642,2025-12-25,2026-01-24,Hybrid,187,92,80,72,Running
BAT001088,ENT00001,CRS044454,Corporate Training Batch 1088,USR008874,2026-04-26,2026-05-26,Offline,374,56,96,27,Running
BAT001089,ENT00027,CRS029319,Corporate Training Batch 1089,USR008411,2026-05-03,2026-05-17,Offline,260,94,39,88,On Hold
BAT001090,ENT00192,CRS000745,Corporate Training Batch 1090,USR015940,2026-04-30,2026-06-29,Hybrid,316,62,86,55,Planned
BAT001091,ENT00304,CRS036933,Corporate Training Batch 1091,USR024017,2025-12-19,2026-01-18,Offline,132,79,94,74,Running
BAT001092,ENT00049,CRS005679,Corporate Training Batch 1092,USR035189,2026-02-05,2026-02-12,Hybrid,257,68,20,100,On Hold
BAT001093,ENT00301,CRS042263,Corporate Training Batch 1093,USR048680,2026-01-04,2026-01-18,Hybrid,449,100,40,78,On Hold
BAT001094,ENT00383,CRS038408,Corporate Training Batch 1094,USR042229,2025-11-21,2025-11-28,Online,128,65,96,89,Completed
BAT001095,ENT00028,CRS027538,Corporate Training Batch 1095,USR044007,2026-01-23,2026-03-09,Online,309,59,83,98,On Hold
BAT001096,ENT00122,CRS047296,Corporate Training Batch 1096,USR025691,2026-03-16,2026-04-15,Online,319,68,30,76,Running
BAT001097,ENT00228,CRS013132,Corporate Training Batch 1097,USR021483,2025-12-19,2026-01-18,Offline,363,65,24,50,Running
BAT001098,ENT00162,CRS007528,Corporate Training Batch 1098,USR040844,2026-04-17,2026-07-16,Online,457,58,54,93,On Hold
BAT001099,ENT00424,CRS005075,Corporate Training Batch 1099,USR004363,2025-12-28,2026-02-26,Offline,85,88,29,60,Running
BAT001100,ENT00470,CRS041993,Corporate Training Batch 1100,USR030934,2026-03-19,2026-04-02,Online,89,90,36,72,Planned
BAT001101,ENT00095,CRS022385,Corporate Training Batch 1101,USR039489,2025-11-17,2025-11-24,Online,280,83,68,82,Completed
BAT001102,ENT00093,CRS032144,Corporate Training Batch 1102,USR036637,2026-05-08,2026-08-06,Online,105,97,59,66,On Hold
BAT001103,ENT00098,CRS036230,Corporate Training Batch 1103,USR047309,2026-01-06,2026-01-20,Offline,354,89,94,79,Completed
BAT001104,ENT00106,CRS016296,Corporate Training Batch 1104,USR048476,2026-01-28,2026-02-11,Online,228,100,26,41,Completed
BAT001105,ENT00069,CRS030533,Corporate Training Batch 1105,USR013633,2026-04-26,2026-05-10,Online,287,100,67,26,Completed
BAT001106,ENT00352,CRS031644,Corporate Training Batch 1106,USR019069,2025-12-18,2026-03-18,Hybrid,194,64,74,25,Completed
BAT001107,ENT00256,CRS048152,Corporate Training Batch 1107,USR025684,2026-02-10,2026-04-11,Online,283,96,46,65,Planned
BAT001108,ENT00445,CRS021638,Corporate Training Batch 1108,USR000886,2026-01-01,2026-01-08,Hybrid,67,96,51,84,Running
BAT001109,ENT00233,CRS002806,Corporate Training Batch 1109,USR004884,2025-12-26,2026-03-26,Hybrid,464,94,36,45,Planned
BAT001110,ENT00153,CRS003372,Corporate Training Batch 1110,USR003212,2026-04-08,2026-06-07,Hybrid,349,71,68,82,Planned
BAT001111,ENT00086,CRS000463,Corporate Training Batch 1111,USR013881,2026-05-09,2026-06-08,Offline,100,67,90,28,On Hold
BAT001112,ENT00100,CRS036259,Corporate Training Batch 1112,USR012685,2026-01-31,2026-03-02,Online,471,84,24,38,Planned
BAT001113,ENT00035,CRS038360,Corporate Training Batch 1113,USR018361,2025-12-16,2026-03-16,Offline,206,80,25,83,Completed
BAT001114,ENT00485,CRS019770,Corporate Training Batch 1114,USR039352,2026-04-24,2026-05-24,Online,107,72,96,91,On Hold
BAT001115,ENT00002,CRS010028,Corporate Training Batch 1115,USR009621,2026-02-04,2026-03-06,Hybrid,232,89,86,63,Completed
BAT001116,ENT00436,CRS015859,Corporate Training Batch 1116,USR015856,2025-12-10,2026-01-09,Online,361,88,37,28,On Hold
BAT001117,ENT00139,CRS013379,Corporate Training Batch 1117,USR044105,2026-04-12,2026-05-27,Offline,290,83,77,56,On Hold
BAT001118,ENT00400,CRS025214,Corporate Training Batch 1118,USR046547,2026-04-15,2026-05-15,Offline,245,80,92,45,On Hold
BAT001119,ENT00236,CRS011359,Corporate Training Batch 1119,USR020366,2025-12-23,2026-01-06,Online,221,87,44,49,Completed
BAT001120,ENT00328,CRS041101,Corporate Training Batch 1120,USR047202,2026-03-15,2026-03-29,Offline,73,65,20,30,Running
BAT001121,ENT00226,CRS018737,Corporate Training Batch 1121,USR014427,2026-02-07,2026-02-14,Online,294,82,71,29,Completed
BAT001122,ENT00099,CRS036810,Corporate Training Batch 1122,USR049996,2026-03-13,2026-04-12,Offline,214,81,85,58,Planned
BAT001123,ENT00388,CRS048313,Corporate Training Batch 1123,USR003373,2025-11-15,2026-01-14,Hybrid,32,60,85,41,Completed
BAT001124,ENT00409,CRS027680,Corporate Training Batch 1124,USR046219,2025-11-16,2025-12-31,Hybrid,26,68,27,75,Completed
BAT001125,ENT00079,CRS004638,Corporate Training Batch 1125,USR001243,2025-12-29,2026-01-28,Online,221,98,78,64,Completed
BAT001126,ENT00498,CRS015744,Corporate Training Batch 1126,USR002730,2025-12-26,2026-02-09,Hybrid,189,92,76,79,On Hold
BAT001127,ENT00403,CRS017044,Corporate Training Batch 1127,USR006927,2026-01-10,2026-02-09,Hybrid,308,62,65,35,On Hold
BAT001128,ENT00088,CRS044003,Corporate Training Batch 1128,USR048552,2025-12-21,2026-02-04,Hybrid,62,84,83,30,Completed
BAT001129,ENT00221,CRS002818,Corporate Training Batch 1129,USR039140,2025-11-23,2026-01-22,Hybrid,77,90,90,88,Running
BAT001130,ENT00033,CRS010275,Corporate Training Batch 1130,USR041442,2026-01-07,2026-02-06,Offline,87,100,28,66,On Hold
BAT001131,ENT00208,CRS011946,Corporate Training Batch 1131,USR027601,2026-01-04,2026-02-18,Offline,224,76,63,55,Completed
BAT001132,ENT00446,CRS032429,Corporate Training Batch 1132,USR021192,2026-04-01,2026-04-08,Hybrid,212,63,77,77,Running
BAT001133,ENT00382,CRS033606,Corporate Training Batch 1133,USR017684,2026-03-19,2026-05-03,Hybrid,218,93,54,59,Planned
BAT001134,ENT00451,CRS007130,Corporate Training Batch 1134,USR032773,2025-11-19,2025-12-03,Offline,320,64,68,79,Planned
BAT001135,ENT00051,CRS047365,Corporate Training Batch 1135,USR035058,2026-01-04,2026-02-18,Offline,370,63,95,93,Running
BAT001136,ENT00102,CRS011859,Corporate Training Batch 1136,USR012605,2025-12-13,2026-03-13,Offline,331,85,85,94,Planned
BAT001137,ENT00146,CRS010234,Corporate Training Batch 1137,USR038910,2025-12-30,2026-01-06,Hybrid,410,61,64,89,Running
BAT001138,ENT00447,CRS013020,Corporate Training Batch 1138,USR030360,2026-01-21,2026-03-22,Online,472,93,56,74,Planned
BAT001139,ENT00234,CRS002002,Corporate Training Batch 1139,USR001675,2025-11-30,2026-02-28,Offline,93,100,50,54,Completed
BAT001140,ENT00156,CRS041624,Corporate Training Batch 1140,USR048940,2026-02-05,2026-02-12,Online,17,100,24,30,Completed
BAT001141,ENT00376,CRS003989,Corporate Training Batch 1141,USR016558,2026-05-11,2026-05-18,Hybrid,164,76,52,72,On Hold
BAT001142,ENT00451,CRS024005,Corporate Training Batch 1142,USR020128,2026-03-07,2026-03-21,Offline,335,69,96,99,Completed
BAT001143,ENT00082,CRS046214,Corporate Training Batch 1143,USR030539,2026-01-02,2026-02-16,Offline,326,84,34,87,Planned
BAT001144,ENT00485,CRS016993,Corporate Training Batch 1144,USR031349,2026-03-25,2026-04-01,Offline,153,69,51,84,On Hold
BAT001145,ENT00035,CRS001001,Corporate Training Batch 1145,USR006321,2026-04-22,2026-06-06,Offline,51,58,48,39,Completed
BAT001146,ENT00370,CRS047458,Corporate Training Batch 1146,USR012714,2026-02-08,2026-02-22,Offline,361,72,77,88,Planned
BAT001147,ENT00430,CRS001855,Corporate Training Batch 1147,USR017947,2026-02-21,2026-04-07,Online,157,64,21,47,Planned
BAT001148,ENT00347,CRS009457,Corporate Training Batch 1148,USR032256,2026-02-24,2026-03-03,Hybrid,82,90,56,57,Running
BAT001149,ENT00207,CRS012853,Corporate Training Batch 1149,USR019522,2026-01-08,2026-01-15,Hybrid,143,58,76,27,On Hold
BAT001150,ENT00055,CRS034874,Corporate Training Batch 1150,USR001061,2026-03-27,2026-05-26,Offline,89,60,100,60,Running
BAT001151,ENT00427,CRS000599,Corporate Training Batch 1151,USR030761,2026-03-11,2026-05-10,Offline,262,77,50,41,Running
BAT001152,ENT00055,CRS017077,Corporate Training Batch 1152,USR019649,2026-01-28,2026-02-11,Hybrid,491,58,93,34,Planned
BAT001153,ENT00009,CRS034058,Corporate Training Batch 1153,USR029726,2026-04-09,2026-06-08,Offline,226,90,61,82,Planned
BAT001154,ENT00352,CRS047799,Corporate Training Batch 1154,USR048285,2026-01-03,2026-02-02,Online,467,77,45,37,On Hold
BAT001155,ENT00369,CRS029177,Corporate Training Batch 1155,USR005786,2026-01-28,2026-04-28,Offline,36,60,78,70,Planned
BAT001156,ENT00396,CRS034372,Corporate Training Batch 1156,USR020129,2025-12-12,2026-01-11,Offline,389,81,46,88,Completed
BAT001157,ENT00343,CRS037741,Corporate Training Batch 1157,USR001591,2025-11-27,2025-12-27,Online,307,60,59,97,Planned
BAT001158,ENT00322,CRS008091,Corporate Training Batch 1158,USR036237,2026-04-14,2026-05-29,Online,360,81,60,37,Running
BAT001159,ENT00400,CRS026691,Corporate Training Batch 1159,USR027822,2026-02-11,2026-03-28,Hybrid,38,86,35,84,Running
BAT001160,ENT00100,CRS023416,Corporate Training Batch 1160,USR015055,2025-11-18,2026-01-02,Hybrid,315,70,62,35,Completed
BAT001161,ENT00019,CRS006695,Corporate Training Batch 1161,USR037981,2026-02-07,2026-03-09,Online,169,63,34,80,Running
BAT001162,ENT00447,CRS023924,Corporate Training Batch 1162,USR003771,2025-12-07,2026-01-06,Online,227,94,52,88,Planned
BAT001163,ENT00412,CRS026257,Corporate Training Batch 1163,USR017797,2026-01-07,2026-01-14,Hybrid,336,62,64,92,Running
BAT001164,ENT00121,CRS018697,Corporate Training Batch 1164,USR006753,2025-12-31,2026-01-14,Offline,481,59,97,76,Completed
BAT001165,ENT00262,CRS020222,Corporate Training Batch 1165,USR045291,2025-12-16,2026-01-15,Hybrid,461,65,91,27,Planned
BAT001166,ENT00343,CRS021115,Corporate Training Batch 1166,USR034266,2026-04-09,2026-04-16,Online,133,95,25,34,On Hold
BAT001167,ENT00135,CRS000152,Corporate Training Batch 1167,USR001183,2025-11-26,2025-12-10,Hybrid,17,83,83,84,On Hold
BAT001168,ENT00089,CRS044535,Corporate Training Batch 1168,USR046230,2026-01-19,2026-04-19,Hybrid,120,95,31,67,On Hold
BAT001169,ENT00230,CRS010857,Corporate Training Batch 1169,USR005884,2025-12-12,2026-01-11,Offline,413,74,85,60,On Hold
BAT001170,ENT00053,CRS046535,Corporate Training Batch 1170,USR024025,2026-04-21,2026-06-05,Offline,436,95,92,30,Planned
BAT001171,ENT00026,CRS029018,Corporate Training Batch 1171,USR017838,2026-03-15,2026-06-13,Hybrid,92,89,58,38,Running
BAT001172,ENT00367,CRS019307,Corporate Training Batch 1172,USR042632,2026-04-15,2026-06-14,Hybrid,195,92,87,76,Running
BAT001173,ENT00377,CRS007027,Corporate Training Batch 1173,USR041471,2026-01-18,2026-02-01,Online,129,68,24,86,Planned
BAT001174,ENT00344,CRS036241,Corporate Training Batch 1174,USR004221,2025-11-28,2025-12-05,Offline,452,57,68,76,Running
BAT001175,ENT00105,CRS025798,Corporate Training Batch 1175,USR041527,2026-03-07,2026-06-05,Offline,323,83,42,61,Completed
BAT001176,ENT00281,CRS030418,Corporate Training Batch 1176,USR022572,2025-12-31,2026-01-14,Offline,141,74,77,77,Planned
BAT001177,ENT00342,CRS045236,Corporate Training Batch 1177,USR030009,2026-03-22,2026-04-05,Online,387,82,36,80,Running
BAT001178,ENT00402,CRS049372,Corporate Training Batch 1178,USR006109,2026-04-01,2026-04-15,Offline,331,74,50,40,On Hold
BAT001179,ENT00199,CRS009978,Corporate Training Batch 1179,USR037314,2026-05-07,2026-06-21,Offline,362,79,56,49,Completed
BAT001180,ENT00306,CRS015007,Corporate Training Batch 1180,USR018386,2026-01-13,2026-03-14,Offline,365,87,54,74,On Hold
BAT001181,ENT00306,CRS030949,Corporate Training Batch 1181,USR042277,2025-12-28,2026-01-04,Hybrid,71,91,77,21,On Hold
BAT001182,ENT00296,CRS044682,Corporate Training Batch 1182,USR018718,2026-03-17,2026-04-16,Online,294,97,83,25,Running
BAT001183,ENT00184,CRS020474,Corporate Training Batch 1183,USR039998,2026-04-23,2026-05-23,Hybrid,65,55,24,96,Planned
BAT001184,ENT00191,CRS013908,Corporate Training Batch 1184,USR027799,2026-04-28,2026-05-12,Hybrid,16,72,59,89,On Hold
BAT001185,ENT00157,CRS036782,Corporate Training Batch 1185,USR010083,2025-12-15,2026-02-13,Offline,152,55,22,92,Completed
BAT001186,ENT00451,CRS018621,Corporate Training Batch 1186,USR001738,2026-04-16,2026-07-15,Hybrid,395,82,35,68,Running
BAT001187,ENT00442,CRS013835,Corporate Training Batch 1187,USR039826,2026-02-27,2026-03-06,Hybrid,49,98,60,73,Completed
BAT001188,ENT00429,CRS024701,Corporate Training Batch 1188,USR001645,2026-05-03,2026-06-02,Online,368,82,62,48,On Hold
BAT001189,ENT00438,CRS010947,Corporate Training Batch 1189,USR048724,2026-03-27,2026-04-26,Hybrid,477,64,79,32,Planned
BAT001190,ENT00395,CRS037095,Corporate Training Batch 1190,USR024618,2026-03-17,2026-06-15,Hybrid,47,57,97,62,Running
BAT001191,ENT00148,CRS033938,Corporate Training Batch 1191,USR013969,2026-04-01,2026-04-08,Online,94,78,93,82,On Hold
BAT001192,ENT00295,CRS018780,Corporate Training Batch 1192,USR049376,2026-03-17,2026-03-31,Online,268,85,42,76,Completed
BAT001193,ENT00274,CRS048234,Corporate Training Batch 1193,USR024292,2026-03-15,2026-04-29,Hybrid,260,86,55,38,Running
BAT001194,ENT00070,CRS001993,Corporate Training Batch 1194,USR043337,2026-03-30,2026-04-06,Online,190,74,89,59,Planned
BAT001195,ENT00067,CRS019497,Corporate Training Batch 1195,USR046885,2026-03-29,2026-05-13,Hybrid,451,69,71,24,Running
BAT001196,ENT00153,CRS010277,Corporate Training Batch 1196,USR017039,2026-04-22,2026-06-21,Offline,55,70,27,20,Running
BAT001197,ENT00093,CRS036330,Corporate Training Batch 1197,USR018028,2025-11-23,2025-12-23,Offline,393,92,54,70,Completed
BAT001198,ENT00309,CRS045661,Corporate Training Batch 1198,USR007013,2026-05-11,2026-07-10,Offline,299,62,96,100,Completed
BAT001199,ENT00210,CRS041792,Corporate Training Batch 1199,USR028204,2026-03-07,2026-04-06,Online,19,69,27,85,On Hold
BAT001200,ENT00330,CRS006495,Corporate Training Batch 1200,USR045172,2026-03-02,2026-03-16,Offline,131,80,48,80,Completed
BAT001201,ENT00448,CRS039415,Corporate Training Batch 1201,USR005604,2025-12-24,2026-02-07,Online,132,90,43,57,Running
BAT001202,ENT00140,CRS047875,Corporate Training Batch 1202,USR039202,2026-02-22,2026-03-08,Offline,280,69,83,32,On Hold
BAT001203,ENT00474,CRS028776,Corporate Training Batch 1203,USR031795,2026-03-11,2026-05-10,Offline,128,83,25,98,On Hold
BAT001204,ENT00476,CRS008120,Corporate Training Batch 1204,USR043192,2025-11-21,2025-12-05,Online,159,74,62,42,Completed
BAT001205,ENT00263,CRS041802,Corporate Training Batch 1205,USR003653,2026-02-22,2026-03-24,Hybrid,334,84,23,80,Planned
BAT001206,ENT00203,CRS019942,Corporate Training Batch 1206,USR041170,2026-01-09,2026-01-23,Hybrid,13,64,46,99,Planned
BAT001207,ENT00182,CRS001001,Corporate Training Batch 1207,USR040465,2026-04-03,2026-04-10,Offline,406,79,34,66,Running
BAT001208,ENT00012,CRS049895,Corporate Training Batch 1208,USR022329,2026-02-28,2026-03-14,Offline,191,91,79,62,Completed
BAT001209,ENT00478,CRS011534,Corporate Training Batch 1209,USR018047,2026-04-30,2026-06-14,Offline,268,81,25,67,Planned
BAT001210,ENT00018,CRS028194,Corporate Training Batch 1210,USR047502,2026-04-02,2026-07-01,Offline,490,56,96,20,Running
BAT001211,ENT00454,CRS001038,Corporate Training Batch 1211,USR031797,2026-04-20,2026-06-04,Offline,442,84,28,45,Planned
BAT001212,ENT00343,CRS002210,Corporate Training Batch 1212,USR047453,2025-12-10,2026-02-08,Hybrid,229,91,75,70,Running
BAT001213,ENT00334,CRS044189,Corporate Training Batch 1213,USR017634,2025-12-13,2025-12-27,Offline,495,70,89,51,Planned
BAT001214,ENT00177,CRS046463,Corporate Training Batch 1214,USR017916,2026-03-02,2026-05-01,Online,320,68,69,59,Planned
BAT001215,ENT00126,CRS003662,Corporate Training Batch 1215,USR038805,2026-04-28,2026-06-12,Online,461,65,37,55,Completed
BAT001216,ENT00262,CRS015429,Corporate Training Batch 1216,USR009460,2025-12-08,2025-12-22,Online,44,58,92,100,Planned
BAT001217,ENT00080,CRS014519,Corporate Training Batch 1217,USR042031,2026-01-30,2026-04-30,Online,287,83,48,98,Running
BAT001218,ENT00475,CRS042213,Corporate Training Batch 1218,USR005916,2025-12-14,2026-03-14,Offline,210,55,50,39,Planned
BAT001219,ENT00474,CRS043863,Corporate Training Batch 1219,USR022800,2026-02-24,2026-04-25,Hybrid,174,96,40,49,Running
BAT001220,ENT00013,CRS031437,Corporate Training Batch 1220,USR036322,2026-02-17,2026-04-18,Offline,219,84,38,59,Running
BAT001221,ENT00139,CRS030657,Corporate Training Batch 1221,USR033727,2026-04-16,2026-07-15,Hybrid,185,82,99,39,Running
BAT001222,ENT00167,CRS009832,Corporate Training Batch 1222,USR043224,2026-03-06,2026-06-04,Offline,278,92,92,57,On Hold
BAT001223,ENT00011,CRS007845,Corporate Training Batch 1223,USR013445,2026-03-25,2026-04-01,Online,154,72,84,99,Planned
BAT001224,ENT00480,CRS017193,Corporate Training Batch 1224,USR024866,2025-11-18,2026-02-16,Hybrid,365,87,23,40,Completed
BAT001225,ENT00266,CRS023111,Corporate Training Batch 1225,USR034131,2026-05-09,2026-06-08,Offline,263,58,80,90,On Hold
BAT001226,ENT00409,CRS018867,Corporate Training Batch 1226,USR028178,2026-03-24,2026-05-23,Offline,170,61,77,31,On Hold
BAT001227,ENT00170,CRS007452,Corporate Training Batch 1227,USR024144,2026-02-14,2026-05-15,Hybrid,291,91,50,44,Running
BAT001228,ENT00383,CRS039179,Corporate Training Batch 1228,USR037250,2026-04-23,2026-07-22,Online,128,84,71,74,Running
BAT001229,ENT00411,CRS043670,Corporate Training Batch 1229,USR030980,2025-12-02,2025-12-16,Hybrid,141,83,75,96,On Hold
BAT001230,ENT00284,CRS008318,Corporate Training Batch 1230,USR014701,2026-03-05,2026-04-04,Hybrid,89,68,79,80,On Hold
BAT001231,ENT00268,CRS029338,Corporate Training Batch 1231,USR005599,2026-01-08,2026-04-08,Online,431,66,76,94,Running
BAT001232,ENT00255,CRS016021,Corporate Training Batch 1232,USR000750,2025-12-05,2026-01-19,Online,238,70,84,62,Running
BAT001233,ENT00411,CRS027421,Corporate Training Batch 1233,USR010387,2025-12-08,2026-01-22,Online,160,75,54,36,On Hold
BAT001234,ENT00450,CRS013865,Corporate Training Batch 1234,USR030557,2025-11-17,2025-12-17,Online,222,88,90,99,On Hold
BAT001235,ENT00020,CRS036609,Corporate Training Batch 1235,USR005073,2026-03-16,2026-03-23,Offline,397,100,83,63,Running
BAT001236,ENT00045,CRS045067,Corporate Training Batch 1236,USR045747,2026-02-05,2026-02-19,Online,496,90,28,39,Completed
BAT001237,ENT00038,CRS045241,Corporate Training Batch 1237,USR022899,2025-12-01,2026-01-30,Online,397,81,52,30,Running
BAT001238,ENT00058,CRS010955,Corporate Training Batch 1238,USR045580,2026-03-18,2026-04-01,Hybrid,134,88,95,100,Planned
BAT001239,ENT00161,CRS020102,Corporate Training Batch 1239,USR037405,2026-02-11,2026-02-25,Offline,365,96,27,58,Running
BAT001240,ENT00235,CRS030644,Corporate Training Batch 1240,USR038759,2026-03-05,2026-03-12,Offline,230,57,39,84,Planned
BAT001241,ENT00265,CRS040540,Corporate Training Batch 1241,USR021579,2025-12-20,2026-01-19,Online,177,81,94,74,On Hold
BAT001242,ENT00270,CRS043006,Corporate Training Batch 1242,USR019412,2025-11-30,2025-12-07,Online,40,83,21,96,On Hold
BAT001243,ENT00304,CRS004053,Corporate Training Batch 1243,USR040347,2026-04-25,2026-07-24,Online,475,68,73,43,Planned
BAT001244,ENT00147,CRS048865,Corporate Training Batch 1244,USR004882,2026-02-04,2026-02-11,Hybrid,92,97,44,46,On Hold
BAT001245,ENT00370,CRS026264,Corporate Training Batch 1245,USR013958,2026-02-10,2026-04-11,Offline,400,95,71,92,Running
BAT001246,ENT00292,CRS003571,Corporate Training Batch 1246,USR036309,2026-04-30,2026-05-14,Offline,425,55,65,47,Planned
BAT001247,ENT00241,CRS004859,Corporate Training Batch 1247,USR029754,2026-04-19,2026-05-03,Online,448,90,85,94,On Hold
BAT001248,ENT00122,CRS006452,Corporate Training Batch 1248,USR048970,2026-01-15,2026-03-01,Hybrid,257,56,41,86,On Hold
BAT001249,ENT00134,CRS021900,Corporate Training Batch 1249,USR033365,2025-12-01,2025-12-15,Hybrid,220,77,73,82,Completed
BAT001250,ENT00169,CRS031986,Corporate Training Batch 1250,USR008453,2026-01-29,2026-03-30,Offline,103,81,67,71,Planned
BAT001251,ENT00024,CRS007349,Corporate Training Batch 1251,USR000814,2026-04-28,2026-07-27,Offline,169,84,52,63,Running
BAT001252,ENT00133,CRS025868,Corporate Training Batch 1252,USR005311,2026-04-07,2026-06-06,Hybrid,465,66,26,58,Running
BAT001253,ENT00402,CRS032052,Corporate Training Batch 1253,USR040174,2026-03-16,2026-05-15,Online,120,63,20,83,Completed
BAT001254,ENT00496,CRS015338,Corporate Training Batch 1254,USR028040,2026-05-06,2026-06-20,Hybrid,357,61,44,56,Planned
BAT001255,ENT00105,CRS013016,Corporate Training Batch 1255,USR016301,2026-01-14,2026-04-14,Offline,118,59,57,28,Completed
BAT001256,ENT00407,CRS021182,Corporate Training Batch 1256,USR007993,2026-05-03,2026-08-01,Hybrid,64,93,66,99,Running
BAT001257,ENT00080,CRS046334,Corporate Training Batch 1257,USR025433,2025-12-22,2025-12-29,Online,159,79,87,24,Running
BAT001258,ENT00031,CRS017157,Corporate Training Batch 1258,USR023672,2025-12-31,2026-03-01,Online,380,76,56,91,Running
BAT001259,ENT00286,CRS025988,Corporate Training Batch 1259,USR035945,2025-11-15,2025-11-22,Offline,359,90,83,41,On Hold
BAT001260,ENT00350,CRS004621,Corporate Training Batch 1260,USR018202,2026-02-27,2026-03-29,Offline,488,56,82,37,Completed
BAT001261,ENT00425,CRS040079,Corporate Training Batch 1261,USR043314,2026-02-04,2026-02-11,Offline,482,64,67,73,Completed
BAT001262,ENT00306,CRS040976,Corporate Training Batch 1262,USR006711,2025-12-05,2026-01-19,Online,132,87,27,47,Running
BAT001263,ENT00477,CRS046635,Corporate Training Batch 1263,USR040805,2026-03-26,2026-06-24,Hybrid,399,76,28,71,Planned
BAT001264,ENT00020,CRS028659,Corporate Training Batch 1264,USR017815,2026-03-30,2026-04-29,Online,493,67,28,79,On Hold
BAT001265,ENT00050,CRS048225,Corporate Training Batch 1265,USR041055,2026-04-28,2026-05-05,Hybrid,237,60,44,55,On Hold
BAT001266,ENT00095,CRS003942,Corporate Training Batch 1266,USR002236,2026-05-12,2026-08-10,Offline,447,91,31,33,Planned
BAT001267,ENT00146,CRS048291,Corporate Training Batch 1267,USR000912,2026-04-22,2026-04-29,Online,367,65,82,25,On Hold
BAT001268,ENT00387,CRS000380,Corporate Training Batch 1268,USR014498,2026-02-19,2026-05-20,Hybrid,65,80,89,60,On Hold
BAT001269,ENT00231,CRS030810,Corporate Training Batch 1269,USR019367,2026-02-27,2026-03-29,Offline,402,70,25,63,Completed
BAT001270,ENT00229,CRS041553,Corporate Training Batch 1270,USR025796,2026-05-06,2026-06-05,Offline,466,87,84,49,Running
BAT001271,ENT00033,CRS009436,Corporate Training Batch 1271,USR037289,2026-02-13,2026-02-27,Offline,294,55,86,21,On Hold
BAT001272,ENT00202,CRS033530,Corporate Training Batch 1272,USR043901,2026-02-26,2026-03-28,Hybrid,30,82,35,49,Running
BAT001273,ENT00034,CRS001109,Corporate Training Batch 1273,USR046152,2026-04-09,2026-06-08,Hybrid,257,61,54,66,Completed
BAT001274,ENT00370,CRS026171,Corporate Training Batch 1274,USR001882,2025-11-28,2026-01-12,Online,415,69,90,90,On Hold
BAT001275,ENT00461,CRS013098,Corporate Training Batch 1275,USR001894,2026-04-24,2026-05-08,Offline,275,68,50,21,Planned
BAT001276,ENT00148,CRS026219,Corporate Training Batch 1276,USR026857,2026-05-13,2026-05-27,Offline,239,95,39,51,On Hold
BAT001277,ENT00127,CRS047787,Corporate Training Batch 1277,USR033705,2026-04-18,2026-07-17,Hybrid,293,67,67,48,Planned
BAT001278,ENT00259,CRS012312,Corporate Training Batch 1278,USR003525,2025-12-10,2026-01-09,Online,159,91,79,95,On Hold
BAT001279,ENT00053,CRS025417,Corporate Training Batch 1279,USR039409,2026-05-12,2026-06-11,Offline,464,79,25,82,Planned
BAT001280,ENT00422,CRS027127,Corporate Training Batch 1280,USR021278,2026-01-11,2026-04-11,Hybrid,458,96,54,58,Running
BAT001281,ENT00197,CRS010593,Corporate Training Batch 1281,USR037948,2026-04-04,2026-04-11,Offline,288,83,91,26,Planned
BAT001282,ENT00045,CRS007765,Corporate Training Batch 1282,USR012898,2026-05-09,2026-06-08,Offline,36,86,70,40,On Hold
BAT001283,ENT00415,CRS035358,Corporate Training Batch 1283,USR042350,2026-01-19,2026-02-18,Online,240,84,48,60,Running
BAT001284,ENT00484,CRS007781,Corporate Training Batch 1284,USR003968,2026-01-23,2026-03-09,Hybrid,109,84,62,54,Planned
BAT001285,ENT00031,CRS002914,Corporate Training Batch 1285,USR045876,2025-12-15,2026-01-14,Hybrid,272,76,99,64,On Hold
BAT001286,ENT00468,CRS016440,Corporate Training Batch 1286,USR044139,2025-11-15,2025-11-22,Hybrid,13,93,90,45,On Hold
BAT001287,ENT00162,CRS038018,Corporate Training Batch 1287,USR006754,2025-11-23,2026-01-22,Hybrid,276,56,30,58,On Hold
BAT001288,ENT00438,CRS012780,Corporate Training Batch 1288,USR000173,2026-01-30,2026-02-13,Offline,155,90,85,78,Planned
BAT001289,ENT00308,CRS043242,Corporate Training Batch 1289,USR037488,2025-12-30,2026-02-13,Offline,483,91,41,79,Running
BAT001290,ENT00216,CRS016697,Corporate Training Batch 1290,USR003520,2025-12-12,2025-12-26,Online,393,71,71,30,On Hold
BAT001291,ENT00355,CRS042287,Corporate Training Batch 1291,USR000009,2025-12-20,2026-01-19,Offline,300,81,62,51,On Hold
BAT001292,ENT00471,CRS037724,Corporate Training Batch 1292,USR048111,2026-05-08,2026-07-07,Hybrid,187,91,73,44,Completed
BAT001293,ENT00215,CRS021539,Corporate Training Batch 1293,USR019287,2025-12-10,2026-03-10,Offline,129,68,37,68,Completed
BAT001294,ENT00292,CRS020056,Corporate Training Batch 1294,USR021197,2026-01-02,2026-04-02,Hybrid,190,89,82,42,Completed
BAT001295,ENT00046,CRS002938,Corporate Training Batch 1295,USR044521,2026-04-16,2026-04-30,Online,288,79,25,77,Planned
BAT001296,ENT00407,CRS030364,Corporate Training Batch 1296,USR034205,2026-01-21,2026-02-04,Offline,56,97,27,100,Planned
BAT001297,ENT00054,CRS038310,Corporate Training Batch 1297,USR030884,2025-12-15,2026-01-14,Offline,237,91,49,22,On Hold
BAT001298,ENT00238,CRS031097,Corporate Training Batch 1298,USR045993,2026-02-14,2026-02-28,Online,233,88,88,83,On Hold
BAT001299,ENT00019,CRS020038,Corporate Training Batch 1299,USR005084,2026-03-15,2026-03-22,Online,37,85,93,70,On Hold
BAT001300,ENT00327,CRS044127,Corporate Training Batch 1300,USR020849,2026-02-03,2026-05-04,Offline,229,84,38,52,Running
BAT001301,ENT00430,CRS027220,Corporate Training Batch 1301,USR046670,2026-04-07,2026-06-06,Offline,55,79,79,80,On Hold
BAT001302,ENT00424,CRS007200,Corporate Training Batch 1302,USR049985,2026-01-21,2026-02-20,Online,382,89,47,59,On Hold
BAT001303,ENT00216,CRS027105,Corporate Training Batch 1303,USR024268,2026-02-28,2026-03-14,Online,206,60,38,41,On Hold
BAT001304,ENT00120,CRS016129,Corporate Training Batch 1304,USR007125,2025-12-13,2025-12-27,Offline,496,58,98,80,Planned
BAT001305,ENT00348,CRS000711,Corporate Training Batch 1305,USR013782,2026-02-19,2026-03-05,Hybrid,198,95,41,76,Running
BAT001306,ENT00395,CRS010690,Corporate Training Batch 1306,USR008678,2026-05-13,2026-05-27,Offline,265,72,50,65,Running
BAT001307,ENT00118,CRS017955,Corporate Training Batch 1307,USR021524,2026-02-04,2026-04-05,Online,185,82,70,51,On Hold
BAT001308,ENT00481,CRS015277,Corporate Training Batch 1308,USR042812,2025-11-30,2025-12-14,Online,124,95,62,21,Running
BAT001309,ENT00458,CRS014786,Corporate Training Batch 1309,USR026888,2026-02-03,2026-03-05,Hybrid,177,58,87,90,Completed
BAT001310,ENT00174,CRS044798,Corporate Training Batch 1310,USR022842,2026-01-29,2026-03-30,Hybrid,49,64,97,30,Running
BAT001311,ENT00112,CRS016682,Corporate Training Batch 1311,USR045736,2025-11-26,2026-01-25,Offline,154,85,82,42,On Hold
BAT001312,ENT00366,CRS021690,Corporate Training Batch 1312,USR047079,2026-04-22,2026-05-06,Offline,342,92,45,89,Planned
BAT001313,ENT00239,CRS039458,Corporate Training Batch 1313,USR007718,2025-12-30,2026-01-06,Offline,378,55,30,91,Planned
BAT001314,ENT00459,CRS028322,Corporate Training Batch 1314,USR008656,2026-01-11,2026-01-18,Offline,367,63,96,77,Planned
BAT001315,ENT00253,CRS037975,Corporate Training Batch 1315,USR002893,2025-11-29,2026-01-13,Offline,61,92,98,21,Running
BAT001316,ENT00465,CRS035939,Corporate Training Batch 1316,USR001692,2026-02-22,2026-04-08,Offline,145,77,53,97,Running
BAT001317,ENT00202,CRS010154,Corporate Training Batch 1317,USR002454,2026-03-06,2026-05-05,Online,30,82,23,41,On Hold
BAT001318,ENT00279,CRS035243,Corporate Training Batch 1318,USR035589,2026-02-16,2026-04-02,Online,397,78,64,69,Running
BAT001319,ENT00137,CRS031648,Corporate Training Batch 1319,USR029408,2026-01-01,2026-03-02,Hybrid,404,76,78,73,Completed
BAT001320,ENT00318,CRS028329,Corporate Training Batch 1320,USR047632,2026-02-10,2026-04-11,Hybrid,358,78,68,75,Running
BAT001321,ENT00127,CRS023981,Corporate Training Batch 1321,USR028233,2026-01-05,2026-02-19,Offline,52,66,86,41,Running
BAT001322,ENT00225,CRS002294,Corporate Training Batch 1322,USR005242,2025-12-12,2025-12-19,Online,32,87,71,30,Completed
BAT001323,ENT00183,CRS048034,Corporate Training Batch 1323,USR002445,2025-11-18,2025-11-25,Hybrid,147,89,69,61,Planned
BAT001324,ENT00429,CRS031529,Corporate Training Batch 1324,USR048549,2026-04-12,2026-07-11,Offline,388,63,27,73,Completed
BAT001325,ENT00227,CRS029343,Corporate Training Batch 1325,USR033142,2026-02-23,2026-03-09,Offline,126,63,46,51,Planned
BAT001326,ENT00003,CRS000187,Corporate Training Batch 1326,USR046023,2026-01-11,2026-01-25,Hybrid,299,77,81,50,Planned
BAT001327,ENT00263,CRS013741,Corporate Training Batch 1327,USR038566,2025-11-15,2025-11-29,Offline,127,88,41,52,Running
BAT001328,ENT00243,CRS018973,Corporate Training Batch 1328,USR034433,2026-04-22,2026-05-22,Hybrid,486,95,60,47,Completed
BAT001329,ENT00105,CRS012238,Corporate Training Batch 1329,USR013834,2026-03-01,2026-03-15,Online,127,66,90,95,Completed
BAT001330,ENT00369,CRS018641,Corporate Training Batch 1330,USR013652,2025-11-25,2026-01-09,Hybrid,84,98,32,21,Running
BAT001331,ENT00399,CRS017114,Corporate Training Batch 1331,USR038415,2026-03-30,2026-04-29,Online,448,82,71,72,Completed
BAT001332,ENT00214,CRS019285,Corporate Training Batch 1332,USR029434,2026-04-17,2026-07-16,Online,372,62,36,70,On Hold
BAT001333,ENT00374,CRS036840,Corporate Training Batch 1333,USR017127,2025-12-17,2025-12-31,Online,115,60,55,77,Completed
BAT001334,ENT00481,CRS015125,Corporate Training Batch 1334,USR042808,2026-03-04,2026-05-03,Offline,233,92,22,36,On Hold
BAT001335,ENT00142,CRS030769,Corporate Training Batch 1335,USR033875,2026-04-20,2026-05-04,Hybrid,95,63,61,60,Completed
BAT001336,ENT00123,CRS039144,Corporate Training Batch 1336,USR011892,2026-03-17,2026-03-31,Online,24,57,25,54,Completed
BAT001337,ENT00481,CRS007832,Corporate Training Batch 1337,USR001082,2026-03-07,2026-04-21,Hybrid,334,68,70,48,Running
BAT001338,ENT00124,CRS029781,Corporate Training Batch 1338,USR048261,2026-02-21,2026-02-28,Offline,172,90,90,84,Planned
BAT001339,ENT00174,CRS014169,Corporate Training Batch 1339,USR012983,2026-05-10,2026-05-24,Offline,346,92,82,27,Completed
BAT001340,ENT00029,CRS007409,Corporate Training Batch 1340,USR013656,2025-12-10,2026-02-08,Offline,28,63,84,80,Planned
BAT001341,ENT00344,CRS010723,Corporate Training Batch 1341,USR029423,2025-12-28,2026-02-26,Online,380,81,24,27,Completed
BAT001342,ENT00482,CRS039306,Corporate Training Batch 1342,USR017201,2026-01-30,2026-03-16,Hybrid,334,98,34,44,Running
BAT001343,ENT00442,CRS014885,Corporate Training Batch 1343,USR046231,2026-04-29,2026-06-13,Offline,72,93,51,41,On Hold
BAT001344,ENT00237,CRS027419,Corporate Training Batch 1344,USR032449,2026-05-03,2026-07-02,Offline,229,76,67,62,Completed
BAT001345,ENT00407,CRS016323,Corporate Training Batch 1345,USR020112,2025-12-15,2025-12-29,Online,449,71,26,86,On Hold
BAT001346,ENT00484,CRS042312,Corporate Training Batch 1346,USR024192,2026-04-19,2026-05-03,Offline,256,61,23,40,Completed
BAT001347,ENT00423,CRS038803,Corporate Training Batch 1347,USR027444,2026-03-04,2026-04-18,Hybrid,459,94,53,97,Running
BAT001348,ENT00491,CRS013909,Corporate Training Batch 1348,USR043307,2025-12-23,2026-03-23,Hybrid,246,93,83,51,Completed
BAT001349,ENT00171,CRS021107,Corporate Training Batch 1349,USR003503,2026-04-07,2026-05-22,Offline,347,70,50,77,On Hold
BAT001350,ENT00275,CRS029552,Corporate Training Batch 1350,USR024952,2026-04-20,2026-04-27,Hybrid,230,73,82,31,On Hold
BAT001351,ENT00148,CRS035510,Corporate Training Batch 1351,USR030430,2026-01-24,2026-02-23,Offline,59,58,35,65,Running
BAT001352,ENT00125,CRS022933,Corporate Training Batch 1352,USR038236,2026-04-15,2026-07-14,Offline,451,71,57,71,On Hold
BAT001353,ENT00112,CRS020012,Corporate Training Batch 1353,USR018337,2026-02-28,2026-03-07,Offline,405,84,54,20,Running
BAT001354,ENT00018,CRS004483,Corporate Training Batch 1354,USR000420,2026-04-11,2026-04-18,Online,139,60,84,84,On Hold
BAT001355,ENT00098,CRS003008,Corporate Training Batch 1355,USR002640,2025-12-29,2026-01-12,Hybrid,259,64,75,94,Planned
BAT001356,ENT00297,CRS029836,Corporate Training Batch 1356,USR004274,2026-04-10,2026-04-24,Online,116,79,77,25,Completed
BAT001357,ENT00127,CRS038507,Corporate Training Batch 1357,USR039094,2025-12-16,2026-03-16,Hybrid,371,71,80,98,Planned
BAT001358,ENT00464,CRS018697,Corporate Training Batch 1358,USR004162,2026-02-09,2026-03-11,Online,31,79,21,71,Completed
BAT001359,ENT00336,CRS005405,Corporate Training Batch 1359,USR028049,2025-12-23,2026-02-21,Online,249,73,49,85,Running
BAT001360,ENT00118,CRS041231,Corporate Training Batch 1360,USR017920,2026-01-29,2026-03-30,Hybrid,265,94,24,29,Completed
BAT001361,ENT00371,CRS048755,Corporate Training Batch 1361,USR016418,2026-04-18,2026-06-02,Online,31,88,87,41,On Hold
BAT001362,ENT00324,CRS007278,Corporate Training Batch 1362,USR019861,2026-03-17,2026-04-16,Offline,19,70,49,23,Completed
BAT001363,ENT00165,CRS034812,Corporate Training Batch 1363,USR017839,2026-05-10,2026-06-09,Online,464,92,93,68,On Hold
BAT001364,ENT00071,CRS028651,Corporate Training Batch 1364,USR023688,2026-03-03,2026-05-02,Offline,367,73,61,76,Completed
BAT001365,ENT00018,CRS036557,Corporate Training Batch 1365,USR007969,2026-04-24,2026-06-23,Online,360,97,83,100,Completed
BAT001366,ENT00018,CRS044990,Corporate Training Batch 1366,USR000016,2025-12-11,2026-01-10,Online,60,57,35,91,Planned
BAT001367,ENT00127,CRS026437,Corporate Training Batch 1367,USR028174,2026-03-12,2026-05-11,Online,469,87,95,71,Planned
BAT001368,ENT00327,CRS014636,Corporate Training Batch 1368,USR000811,2025-12-03,2025-12-17,Online,184,80,20,38,Planned
BAT001369,ENT00151,CRS006913,Corporate Training Batch 1369,USR022070,2025-12-27,2026-01-03,Hybrid,55,67,70,77,Completed
BAT001370,ENT00399,CRS041781,Corporate Training Batch 1370,USR046680,2025-11-30,2025-12-14,Offline,450,97,99,68,On Hold
BAT001371,ENT00187,CRS038737,Corporate Training Batch 1371,USR023589,2026-01-27,2026-03-13,Online,399,82,48,81,Running
BAT001372,ENT00100,CRS011912,Corporate Training Batch 1372,USR010352,2026-04-25,2026-06-09,Offline,300,82,79,44,Completed
BAT001373,ENT00142,CRS046476,Corporate Training Batch 1373,USR023888,2026-04-25,2026-05-02,Offline,249,88,60,95,Running
BAT001374,ENT00370,CRS048796,Corporate Training Batch 1374,USR013587,2025-12-14,2025-12-21,Hybrid,111,55,28,24,Running
BAT001375,ENT00107,CRS007871,Corporate Training Batch 1375,USR040267,2026-04-13,2026-07-12,Online,446,85,66,90,On Hold
BAT001376,ENT00494,CRS040166,Corporate Training Batch 1376,USR013703,2026-05-05,2026-07-04,Hybrid,432,67,97,64,Planned
BAT001377,ENT00396,CRS015146,Corporate Training Batch 1377,USR033976,2025-12-31,2026-02-14,Hybrid,215,58,90,93,Running
BAT001378,ENT00079,CRS028448,Corporate Training Batch 1378,USR027348,2026-02-02,2026-02-16,Offline,437,65,24,85,Running
BAT001379,ENT00121,CRS035867,Corporate Training Batch 1379,USR048016,2026-03-20,2026-05-04,Online,250,91,72,80,Completed
BAT001380,ENT00391,CRS047919,Corporate Training Batch 1380,USR022381,2026-04-18,2026-04-25,Offline,389,76,92,44,Planned
BAT001381,ENT00224,CRS030821,Corporate Training Batch 1381,USR016946,2026-03-11,2026-03-18,Online,211,87,27,82,Running
BAT001382,ENT00299,CRS009102,Corporate Training Batch 1382,USR033428,2026-03-03,2026-04-17,Hybrid,230,71,69,60,Running
BAT001383,ENT00221,CRS035686,Corporate Training Batch 1383,USR028251,2025-11-30,2026-01-29,Online,301,90,92,20,On Hold
BAT001384,ENT00158,CRS033012,Corporate Training Batch 1384,USR004970,2026-01-14,2026-02-13,Offline,123,88,86,39,Running
BAT001385,ENT00211,CRS001789,Corporate Training Batch 1385,USR007507,2026-01-10,2026-04-10,Hybrid,285,97,36,75,On Hold
BAT001386,ENT00025,CRS029126,Corporate Training Batch 1386,USR022912,2026-01-30,2026-03-01,Online,367,100,92,56,Planned
BAT001387,ENT00390,CRS037848,Corporate Training Batch 1387,USR025837,2026-01-15,2026-02-14,Offline,349,97,69,85,Completed
BAT001388,ENT00050,CRS032718,Corporate Training Batch 1388,USR040347,2026-04-01,2026-06-30,Online,144,100,57,38,Running
BAT001389,ENT00305,CRS017662,Corporate Training Batch 1389,USR002044,2026-04-18,2026-06-02,Hybrid,323,72,39,38,Planned
BAT001390,ENT00142,CRS012016,Corporate Training Batch 1390,USR014699,2026-04-16,2026-04-30,Online,327,88,99,70,Running
BAT001391,ENT00274,CRS036332,Corporate Training Batch 1391,USR013810,2026-01-04,2026-04-04,Online,91,79,81,77,On Hold
BAT001392,ENT00491,CRS044307,Corporate Training Batch 1392,USR016941,2025-12-24,2025-12-31,Online,90,61,31,57,Completed
BAT001393,ENT00173,CRS047961,Corporate Training Batch 1393,USR037736,2025-11-30,2025-12-30,Online,133,80,99,85,Planned
BAT001394,ENT00463,CRS041090,Corporate Training Batch 1394,USR036639,2026-03-03,2026-06-01,Online,320,87,43,50,Planned
BAT001395,ENT00236,CRS023753,Corporate Training Batch 1395,USR047025,2026-02-28,2026-03-14,Hybrid,296,95,43,66,Running
BAT001396,ENT00120,CRS044107,Corporate Training Batch 1396,USR006689,2026-03-03,2026-06-01,Online,148,77,59,97,Running
BAT001397,ENT00182,CRS018726,Corporate Training Batch 1397,USR039765,2026-03-04,2026-04-18,Offline,219,61,58,35,Completed
BAT001398,ENT00135,CRS032001,Corporate Training Batch 1398,USR047114,2025-12-04,2026-01-03,Offline,141,92,56,27,Completed
BAT001399,ENT00258,CRS030222,Corporate Training Batch 1399,USR023616,2026-01-13,2026-03-14,Offline,135,64,67,72,Completed
BAT001400,ENT00493,CRS035247,Corporate Training Batch 1400,USR016495,2025-12-28,2026-02-26,Hybrid,488,91,20,72,On Hold
BAT001401,ENT00235,CRS018853,Corporate Training Batch 1401,USR044635,2025-12-18,2026-01-01,Offline,453,88,62,51,Completed
BAT001402,ENT00113,CRS041579,Corporate Training Batch 1402,USR040389,2026-02-04,2026-02-11,Online,397,70,54,63,Running
BAT001403,ENT00070,CRS040065,Corporate Training Batch 1403,USR019498,2025-12-24,2026-01-07,Offline,468,74,82,48,Running
BAT001404,ENT00038,CRS012723,Corporate Training Batch 1404,USR021796,2026-02-19,2026-04-05,Online,194,95,45,56,On Hold
BAT001405,ENT00117,CRS007947,Corporate Training Batch 1405,USR034113,2025-12-19,2025-12-26,Online,296,94,51,67,Planned
BAT001406,ENT00419,CRS015986,Corporate Training Batch 1406,USR037624,2025-11-17,2026-01-16,Online,37,67,49,35,Planned
BAT001407,ENT00479,CRS016348,Corporate Training Batch 1407,USR009134,2026-05-07,2026-05-14,Hybrid,410,73,83,34,On Hold
BAT001408,ENT00021,CRS042060,Corporate Training Batch 1408,USR016168,2025-12-31,2026-01-14,Offline,283,65,37,62,On Hold
BAT001409,ENT00473,CRS022471,Corporate Training Batch 1409,USR004293,2026-01-02,2026-04-02,Offline,218,86,33,84,Running
BAT001410,ENT00077,CRS015184,Corporate Training Batch 1410,USR003705,2026-05-11,2026-06-25,Offline,241,69,22,69,On Hold
BAT001411,ENT00453,CRS010916,Corporate Training Batch 1411,USR003737,2026-02-21,2026-03-23,Offline,248,67,95,32,Completed
BAT001412,ENT00211,CRS026688,Corporate Training Batch 1412,USR016872,2026-01-02,2026-02-01,Offline,82,71,83,31,Completed
BAT001413,ENT00154,CRS004825,Corporate Training Batch 1413,USR019999,2026-03-23,2026-05-07,Online,146,86,85,24,Completed
BAT001414,ENT00390,CRS003221,Corporate Training Batch 1414,USR009311,2025-12-14,2026-03-14,Online,12,85,100,83,Completed
BAT001415,ENT00056,CRS028411,Corporate Training Batch 1415,USR048469,2026-02-09,2026-03-26,Online,211,96,54,45,Running
BAT001416,ENT00254,CRS036916,Corporate Training Batch 1416,USR020955,2025-11-22,2025-12-22,Hybrid,34,83,56,41,Running
BAT001417,ENT00224,CRS028650,Corporate Training Batch 1417,USR029466,2025-12-25,2026-01-01,Hybrid,345,96,96,63,Completed
BAT001418,ENT00132,CRS009869,Corporate Training Batch 1418,USR042194,2025-12-14,2025-12-21,Offline,223,56,44,60,Running
BAT001419,ENT00292,CRS039411,Corporate Training Batch 1419,USR017122,2025-12-23,2026-03-23,Offline,238,59,80,35,Completed
BAT001420,ENT00005,CRS022559,Corporate Training Batch 1420,USR039178,2025-11-26,2025-12-03,Offline,428,91,38,51,Planned
BAT001421,ENT00059,CRS028742,Corporate Training Batch 1421,USR043797,2026-02-23,2026-04-24,Online,488,90,80,21,On Hold
BAT001422,ENT00283,CRS012206,Corporate Training Batch 1422,USR008781,2026-01-27,2026-02-10,Online,290,75,49,39,Running
BAT001423,ENT00382,CRS046120,Corporate Training Batch 1423,USR017668,2025-11-23,2026-01-22,Offline,43,99,24,72,Running
BAT001424,ENT00426,CRS040598,Corporate Training Batch 1424,USR025346,2026-04-30,2026-07-29,Hybrid,22,82,80,40,Running
BAT001425,ENT00412,CRS030466,Corporate Training Batch 1425,USR024665,2026-02-08,2026-02-22,Hybrid,244,79,91,26,On Hold
BAT001426,ENT00284,CRS043202,Corporate Training Batch 1426,USR019234,2025-12-30,2026-01-29,Offline,136,93,67,98,Planned
BAT001427,ENT00280,CRS018633,Corporate Training Batch 1427,USR008527,2025-11-29,2026-01-13,Hybrid,186,87,69,95,On Hold
BAT001428,ENT00246,CRS017165,Corporate Training Batch 1428,USR026738,2025-12-05,2026-03-05,Online,110,75,34,53,Completed
BAT001429,ENT00175,CRS006910,Corporate Training Batch 1429,USR025921,2026-04-14,2026-07-13,Offline,365,93,36,62,Running
BAT001430,ENT00313,CRS030530,Corporate Training Batch 1430,USR001755,2026-04-16,2026-06-15,Online,279,98,34,28,On Hold
BAT001431,ENT00360,CRS018460,Corporate Training Batch 1431,USR003742,2026-04-15,2026-05-30,Online,463,100,58,64,Planned
BAT001432,ENT00463,CRS002171,Corporate Training Batch 1432,USR027469,2026-03-20,2026-04-19,Offline,396,93,65,20,Completed
BAT001433,ENT00069,CRS033626,Corporate Training Batch 1433,USR046429,2026-04-25,2026-05-09,Online,202,93,78,57,On Hold
BAT001434,ENT00432,CRS030699,Corporate Training Batch 1434,USR034419,2026-01-21,2026-02-04,Offline,403,56,89,22,Running
BAT001435,ENT00183,CRS043662,Corporate Training Batch 1435,USR029582,2025-12-04,2026-01-03,Online,56,80,73,40,Completed
BAT001436,ENT00004,CRS018682,Corporate Training Batch 1436,USR034161,2026-03-29,2026-04-28,Hybrid,160,85,31,67,On Hold
BAT001437,ENT00186,CRS028708,Corporate Training Batch 1437,USR035137,2026-03-02,2026-03-09,Hybrid,105,76,50,75,On Hold
BAT001438,ENT00168,CRS031396,Corporate Training Batch 1438,USR046974,2026-03-08,2026-03-15,Online,277,93,46,62,Running
BAT001439,ENT00090,CRS034033,Corporate Training Batch 1439,USR020805,2026-01-15,2026-03-16,Online,115,81,68,78,Running
BAT001440,ENT00478,CRS041314,Corporate Training Batch 1440,USR030245,2026-02-22,2026-03-08,Offline,445,74,36,61,On Hold
BAT001441,ENT00288,CRS009924,Corporate Training Batch 1441,USR033491,2026-05-06,2026-05-13,Offline,500,68,94,20,Running
BAT001442,ENT00375,CRS033411,Corporate Training Batch 1442,USR022787,2026-02-16,2026-03-02,Offline,347,97,36,87,Planned
BAT001443,ENT00155,CRS030627,Corporate Training Batch 1443,USR008900,2025-11-17,2025-12-01,Online,254,65,54,91,Planned
BAT001444,ENT00102,CRS026929,Corporate Training Batch 1444,USR003580,2026-01-18,2026-04-18,Online,473,59,93,52,Running
BAT001445,ENT00462,CRS001020,Corporate Training Batch 1445,USR048597,2025-11-19,2025-12-03,Offline,361,88,96,98,Completed
BAT001446,ENT00175,CRS033354,Corporate Training Batch 1446,USR046685,2026-02-17,2026-04-03,Online,193,55,55,57,Running
BAT001447,ENT00350,CRS045075,Corporate Training Batch 1447,USR035276,2026-03-12,2026-04-11,Hybrid,483,72,55,70,Completed
BAT001448,ENT00476,CRS026324,Corporate Training Batch 1448,USR036729,2026-05-01,2026-07-30,Online,447,69,33,85,Planned
BAT001449,ENT00070,CRS020900,Corporate Training Batch 1449,USR025111,2026-01-25,2026-03-26,Online,108,78,59,81,Completed
BAT001450,ENT00327,CRS024677,Corporate Training Batch 1450,USR007382,2026-02-14,2026-03-31,Online,147,58,29,74,Completed
BAT001451,ENT00328,CRS010656,Corporate Training Batch 1451,USR044976,2026-05-08,2026-05-22,Online,382,57,78,60,Planned
BAT001452,ENT00042,CRS026693,Corporate Training Batch 1452,USR044482,2026-01-12,2026-01-26,Offline,34,99,22,85,Completed
BAT001453,ENT00235,CRS008860,Corporate Training Batch 1453,USR045609,2025-11-29,2026-01-13,Hybrid,390,58,46,74,Running
BAT001454,ENT00093,CRS005637,Corporate Training Batch 1454,USR011160,2026-04-05,2026-05-05,Hybrid,498,86,74,84,Completed
BAT001455,ENT00447,CRS038775,Corporate Training Batch 1455,USR005000,2025-11-26,2025-12-10,Offline,405,61,41,50,Completed
BAT001456,ENT00284,CRS013447,Corporate Training Batch 1456,USR020238,2026-02-16,2026-03-18,Hybrid,369,82,27,60,On Hold
BAT001457,ENT00134,CRS013224,Corporate Training Batch 1457,USR040533,2026-05-08,2026-05-22,Online,35,76,90,91,Completed
BAT001458,ENT00442,CRS015962,Corporate Training Batch 1458,USR032422,2025-12-15,2025-12-22,Online,280,99,41,72,Completed
BAT001459,ENT00221,CRS002847,Corporate Training Batch 1459,USR048455,2025-12-03,2026-03-03,Hybrid,456,57,73,32,Planned
BAT001460,ENT00383,CRS031393,Corporate Training Batch 1460,USR021793,2026-01-15,2026-03-16,Online,94,65,23,46,Completed
BAT001461,ENT00474,CRS029631,Corporate Training Batch 1461,USR026185,2026-04-02,2026-07-01,Offline,299,80,46,58,Planned
BAT001462,ENT00176,CRS033673,Corporate Training Batch 1462,USR029240,2026-04-30,2026-06-29,Hybrid,320,79,61,86,Running
BAT001463,ENT00471,CRS041638,Corporate Training Batch 1463,USR045743,2026-05-09,2026-05-23,Offline,122,67,28,95,Planned
BAT001464,ENT00267,CRS041816,Corporate Training Batch 1464,USR023827,2026-04-16,2026-04-23,Offline,245,90,29,31,Completed
BAT001465,ENT00319,CRS022115,Corporate Training Batch 1465,USR019271,2025-12-19,2026-03-19,Offline,85,98,95,41,Completed
BAT001466,ENT00265,CRS036244,Corporate Training Batch 1466,USR027044,2026-03-17,2026-05-01,Online,228,100,100,79,On Hold
BAT001467,ENT00005,CRS043726,Corporate Training Batch 1467,USR024889,2025-11-28,2026-01-12,Hybrid,360,99,82,57,On Hold
BAT001468,ENT00422,CRS012559,Corporate Training Batch 1468,USR034316,2026-02-01,2026-03-18,Online,241,81,32,48,Running
BAT001469,ENT00357,CRS040777,Corporate Training Batch 1469,USR012075,2025-12-09,2026-03-09,Hybrid,197,76,51,24,Running
BAT001470,ENT00469,CRS004590,Corporate Training Batch 1470,USR003389,2026-01-29,2026-02-12,Hybrid,29,76,47,20,Running
BAT001471,ENT00088,CRS023173,Corporate Training Batch 1471,USR026505,2025-12-13,2025-12-27,Hybrid,349,66,96,88,Running
BAT001472,ENT00246,CRS010813,Corporate Training Batch 1472,USR033510,2026-05-09,2026-05-16,Hybrid,322,94,80,82,Running
BAT001473,ENT00234,CRS000005,Corporate Training Batch 1473,USR049701,2025-12-22,2026-01-05,Offline,85,79,47,89,Planned
BAT001474,ENT00237,CRS023755,Corporate Training Batch 1474,USR016000,2025-12-24,2026-01-23,Offline,104,73,39,44,Planned
BAT001475,ENT00104,CRS019459,Corporate Training Batch 1475,USR019660,2026-03-20,2026-05-19,Offline,468,82,77,88,Completed
BAT001476,ENT00431,CRS022261,Corporate Training Batch 1476,USR047980,2026-04-19,2026-04-26,Offline,237,76,67,33,Running
BAT001477,ENT00195,CRS031275,Corporate Training Batch 1477,USR014479,2026-05-04,2026-05-18,Hybrid,99,62,52,45,Completed
BAT001478,ENT00015,CRS041186,Corporate Training Batch 1478,USR041354,2026-05-04,2026-07-03,Online,464,88,62,95,Completed
BAT001479,ENT00007,CRS022037,Corporate Training Batch 1479,USR034804,2026-04-04,2026-05-19,Online,50,75,71,43,Running
BAT001480,ENT00132,CRS007864,Corporate Training Batch 1480,USR027018,2026-04-15,2026-05-30,Hybrid,75,68,59,76,Planned
BAT001481,ENT00059,CRS005794,Corporate Training Batch 1481,USR002328,2026-01-14,2026-01-21,Hybrid,311,100,41,42,Completed
BAT001482,ENT00015,CRS044181,Corporate Training Batch 1482,USR011921,2026-03-19,2026-05-18,Offline,195,98,89,27,On Hold
BAT001483,ENT00105,CRS045938,Corporate Training Batch 1483,USR048604,2026-03-14,2026-04-13,Online,379,59,53,83,Running
BAT001484,ENT00455,CRS048049,Corporate Training Batch 1484,USR000557,2025-12-28,2026-02-26,Online,341,64,98,35,Completed
BAT001485,ENT00179,CRS032956,Corporate Training Batch 1485,USR013566,2026-05-08,2026-08-06,Hybrid,280,60,50,21,Running
BAT001486,ENT00268,CRS021851,Corporate Training Batch 1486,USR020197,2026-01-20,2026-04-20,Hybrid,309,88,69,84,Completed
BAT001487,ENT00232,CRS041290,Corporate Training Batch 1487,USR045117,2026-01-22,2026-04-22,Online,449,94,33,38,Running
BAT001488,ENT00223,CRS011575,Corporate Training Batch 1488,USR042945,2026-03-17,2026-03-24,Online,307,88,72,36,Planned
BAT001489,ENT00128,CRS011412,Corporate Training Batch 1489,USR028987,2026-03-22,2026-05-21,Offline,473,60,89,31,Running
BAT001490,ENT00182,CRS008483,Corporate Training Batch 1490,USR041230,2026-02-16,2026-03-18,Online,225,82,64,100,Running
BAT001491,ENT00287,CRS049905,Corporate Training Batch 1491,USR027563,2025-12-06,2026-03-06,Hybrid,182,66,28,76,Running
BAT001492,ENT00227,CRS028065,Corporate Training Batch 1492,USR004792,2026-02-24,2026-05-25,Online,304,90,20,36,Completed
BAT001493,ENT00064,CRS030866,Corporate Training Batch 1493,USR011074,2025-11-23,2026-02-21,Hybrid,77,97,85,83,Running
BAT001494,ENT00233,CRS030648,Corporate Training Batch 1494,USR026545,2026-01-13,2026-03-14,Online,369,63,31,75,Completed
BAT001495,ENT00298,CRS037475,Corporate Training Batch 1495,USR012178,2025-11-29,2025-12-06,Offline,241,57,79,34,Planned
BAT001496,ENT00156,CRS038719,Corporate Training Batch 1496,USR003222,2026-01-17,2026-01-24,Online,275,68,52,88,On Hold
BAT001497,ENT00295,CRS045043,Corporate Training Batch 1497,USR020802,2026-02-21,2026-04-07,Online,428,79,78,21,On Hold
BAT001498,ENT00153,CRS015462,Corporate Training Batch 1498,USR032226,2025-11-17,2025-12-01,Offline,42,94,36,83,Running
BAT001499,ENT00360,CRS002064,Corporate Training Batch 1499,USR038746,2026-02-07,2026-03-24,Hybrid,383,56,100,22,Completed
BAT001500,ENT00046,CRS045630,Corporate Training Batch 1500,USR035676,2025-12-29,2026-01-05,Online,38,74,34,80,Running
BAT001501,ENT00331,CRS005779,Corporate Training Batch 1501,USR014145,2026-03-29,2026-04-05,Hybrid,499,98,82,54,Planned
BAT001502,ENT00086,CRS010142,Corporate Training Batch 1502,USR001103,2026-04-27,2026-05-27,Online,157,77,87,34,Running
BAT001503,ENT00359,CRS043183,Corporate Training Batch 1503,USR024554,2026-03-13,2026-04-12,Hybrid,319,77,46,57,Running
BAT001504,ENT00478,CRS047004,Corporate Training Batch 1504,USR048064,2026-01-21,2026-03-22,Online,126,99,52,68,On Hold
BAT001505,ENT00261,CRS027915,Corporate Training Batch 1505,USR039056,2026-02-06,2026-02-20,Online,498,72,87,90,On Hold
BAT001506,ENT00179,CRS028118,Corporate Training Batch 1506,USR002750,2026-03-26,2026-04-02,Hybrid,351,98,33,41,Completed
BAT001507,ENT00089,CRS000105,Corporate Training Batch 1507,USR009177,2026-02-17,2026-04-18,Offline,158,84,61,30,On Hold
BAT001508,ENT00099,CRS022066,Corporate Training Batch 1508,USR043637,2026-02-10,2026-03-27,Hybrid,401,68,93,54,On Hold
BAT001509,ENT00480,CRS011701,Corporate Training Batch 1509,USR022945,2026-05-03,2026-07-02,Offline,137,78,27,30,Completed
BAT001510,ENT00496,CRS001013,Corporate Training Batch 1510,USR032210,2025-11-14,2025-11-28,Online,280,74,100,31,Completed
BAT001511,ENT00173,CRS049978,Corporate Training Batch 1511,USR017603,2025-12-15,2026-02-13,Offline,499,60,53,53,Running
BAT001512,ENT00198,CRS038096,Corporate Training Batch 1512,USR039688,2026-01-31,2026-05-01,Online,264,55,32,84,Running
BAT001513,ENT00283,CRS018003,Corporate Training Batch 1513,USR021052,2025-12-21,2026-03-21,Online,129,89,79,70,Running
BAT001514,ENT00164,CRS024268,Corporate Training Batch 1514,USR032538,2026-02-15,2026-05-16,Offline,346,82,25,59,On Hold
BAT001515,ENT00254,CRS033173,Corporate Training Batch 1515,USR026418,2026-03-25,2026-05-24,Online,351,65,42,100,Running
BAT001516,ENT00304,CRS012440,Corporate Training Batch 1516,USR004377,2026-02-21,2026-03-23,Hybrid,211,90,60,24,Completed
BAT001517,ENT00306,CRS025244,Corporate Training Batch 1517,USR026599,2026-02-08,2026-02-22,Online,208,95,90,95,On Hold
BAT001518,ENT00213,CRS004432,Corporate Training Batch 1518,USR019992,2025-12-12,2026-01-11,Offline,151,58,38,89,Running
BAT001519,ENT00136,CRS034390,Corporate Training Batch 1519,USR003189,2026-05-06,2026-07-05,Hybrid,40,63,27,82,Completed
BAT001520,ENT00097,CRS002070,Corporate Training Batch 1520,USR021195,2026-02-11,2026-02-25,Online,92,94,94,61,Completed
BAT001521,ENT00153,CRS037316,Corporate Training Batch 1521,USR004649,2025-11-28,2026-01-27,Hybrid,38,63,48,61,On Hold
BAT001522,ENT00065,CRS024494,Corporate Training Batch 1522,USR004246,2026-03-04,2026-03-18,Online,457,100,46,67,Completed
BAT001523,ENT00114,CRS021335,Corporate Training Batch 1523,USR040559,2025-12-08,2026-02-06,Offline,303,82,68,26,On Hold
BAT001524,ENT00379,CRS023013,Corporate Training Batch 1524,USR020640,2026-03-20,2026-03-27,Online,32,72,87,60,Running
BAT001525,ENT00007,CRS016603,Corporate Training Batch 1525,USR029426,2026-02-20,2026-02-27,Online,465,69,73,31,Completed
BAT001526,ENT00344,CRS036738,Corporate Training Batch 1526,USR024604,2026-01-17,2026-04-17,Online,337,83,32,23,On Hold
BAT001527,ENT00056,CRS042262,Corporate Training Batch 1527,USR037777,2026-02-25,2026-03-11,Online,179,62,100,58,On Hold
BAT001528,ENT00228,CRS038783,Corporate Training Batch 1528,USR000181,2026-02-06,2026-04-07,Hybrid,319,73,97,70,On Hold
BAT001529,ENT00156,CRS020371,Corporate Training Batch 1529,USR003598,2026-05-05,2026-05-19,Online,207,100,97,48,Planned
BAT001530,ENT00471,CRS012256,Corporate Training Batch 1530,USR017376,2026-01-14,2026-04-14,Offline,164,98,95,21,On Hold
BAT001531,ENT00183,CRS032199,Corporate Training Batch 1531,USR017059,2026-04-16,2026-04-30,Online,315,94,91,99,Running
BAT001532,ENT00145,CRS016039,Corporate Training Batch 1532,USR008817,2026-02-05,2026-03-22,Hybrid,432,83,64,96,Completed
BAT001533,ENT00112,CRS029073,Corporate Training Batch 1533,USR030082,2026-03-09,2026-06-07,Hybrid,55,75,94,81,Completed
BAT001534,ENT00292,CRS021568,Corporate Training Batch 1534,USR047645,2026-01-18,2026-03-04,Hybrid,215,91,48,97,On Hold
BAT001535,ENT00361,CRS020183,Corporate Training Batch 1535,USR005642,2025-12-27,2026-01-10,Offline,421,90,69,40,On Hold
BAT001536,ENT00467,CRS039409,Corporate Training Batch 1536,USR026174,2026-01-22,2026-03-08,Offline,168,91,42,33,On Hold
BAT001537,ENT00486,CRS031198,Corporate Training Batch 1537,USR048046,2026-02-10,2026-02-24,Online,16,89,82,28,Completed
BAT001538,ENT00269,CRS045824,Corporate Training Batch 1538,USR027205,2026-05-02,2026-07-01,Online,429,88,82,60,On Hold
BAT001539,ENT00166,CRS034698,Corporate Training Batch 1539,USR045144,2025-12-15,2025-12-29,Hybrid,412,97,32,58,On Hold
BAT001540,ENT00089,CRS031826,Corporate Training Batch 1540,USR040819,2025-11-21,2025-12-05,Hybrid,338,97,91,74,Planned
BAT001541,ENT00447,CRS002354,Corporate Training Batch 1541,USR018975,2026-03-07,2026-03-21,Offline,36,86,63,96,Completed
BAT001542,ENT00224,CRS002673,Corporate Training Batch 1542,USR038878,2025-12-05,2026-01-04,Hybrid,377,94,88,49,Running
BAT001543,ENT00337,CRS012376,Corporate Training Batch 1543,USR022141,2025-12-23,2026-02-06,Offline,229,58,40,39,Planned
BAT001544,ENT00194,CRS008368,Corporate Training Batch 1544,USR044008,2026-03-05,2026-03-12,Online,283,65,98,94,On Hold
BAT001545,ENT00032,CRS006775,Corporate Training Batch 1545,USR045764,2026-05-07,2026-06-06,Online,158,69,58,55,On Hold
BAT001546,ENT00160,CRS007150,Corporate Training Batch 1546,USR028631,2026-02-06,2026-03-08,Offline,120,74,79,93,On Hold
BAT001547,ENT00298,CRS009440,Corporate Training Batch 1547,USR029307,2026-03-28,2026-05-12,Offline,456,77,82,86,Completed
BAT001548,ENT00470,CRS010872,Corporate Training Batch 1548,USR026052,2026-01-04,2026-03-05,Offline,203,72,96,88,Planned
BAT001549,ENT00377,CRS029481,Corporate Training Batch 1549,USR028964,2026-04-05,2026-05-05,Hybrid,218,82,79,85,Running
BAT001550,ENT00121,CRS017553,Corporate Training Batch 1550,USR045010,2025-11-15,2025-12-30,Online,480,56,83,73,On Hold
BAT001551,ENT00024,CRS023903,Corporate Training Batch 1551,USR017938,2026-01-29,2026-04-29,Offline,403,66,44,35,Planned
BAT001552,ENT00485,CRS036556,Corporate Training Batch 1552,USR033563,2026-02-16,2026-04-17,Offline,408,81,87,66,On Hold
BAT001553,ENT00320,CRS049839,Corporate Training Batch 1553,USR002426,2026-01-01,2026-01-15,Offline,128,91,97,70,Completed
BAT001554,ENT00010,CRS037907,Corporate Training Batch 1554,USR046623,2025-12-14,2026-02-12,Offline,469,70,24,71,Completed
BAT001555,ENT00405,CRS023492,Corporate Training Batch 1555,USR012458,2025-12-30,2026-01-13,Hybrid,204,72,80,52,Completed
BAT001556,ENT00132,CRS033356,Corporate Training Batch 1556,USR049889,2026-04-14,2026-04-21,Offline,158,56,98,61,Running
BAT001557,ENT00153,CRS009931,Corporate Training Batch 1557,USR037459,2026-01-22,2026-01-29,Online,142,70,54,99,On Hold
BAT001558,ENT00123,CRS039066,Corporate Training Batch 1558,USR014751,2025-12-06,2026-03-06,Online,158,80,23,96,Running
BAT001559,ENT00035,CRS016585,Corporate Training Batch 1559,USR041849,2026-01-17,2026-03-18,Online,196,80,43,81,Completed
BAT001560,ENT00168,CRS017768,Corporate Training Batch 1560,USR021316,2026-01-25,2026-02-08,Offline,219,72,86,81,Running
BAT001561,ENT00260,CRS039626,Corporate Training Batch 1561,USR013589,2026-03-09,2026-04-08,Hybrid,13,95,76,20,Running
BAT001562,ENT00380,CRS021096,Corporate Training Batch 1562,USR025348,2025-12-05,2025-12-19,Online,110,73,45,36,On Hold
BAT001563,ENT00271,CRS011039,Corporate Training Batch 1563,USR044232,2026-04-22,2026-07-21,Offline,156,58,22,53,Running
BAT001564,ENT00304,CRS032393,Corporate Training Batch 1564,USR034070,2026-02-18,2026-04-19,Offline,222,60,91,45,On Hold
BAT001565,ENT00054,CRS027298,Corporate Training Batch 1565,USR020358,2026-02-14,2026-02-28,Offline,380,57,36,54,Running
BAT001566,ENT00364,CRS044090,Corporate Training Batch 1566,USR032078,2026-02-22,2026-03-24,Hybrid,469,93,99,32,Planned
BAT001567,ENT00448,CRS045202,Corporate Training Batch 1567,USR013732,2026-04-28,2026-05-05,Online,348,64,33,86,On Hold
BAT001568,ENT00179,CRS030040,Corporate Training Batch 1568,USR030696,2026-03-31,2026-05-30,Hybrid,311,99,54,51,Running
BAT001569,ENT00272,CRS019089,Corporate Training Batch 1569,USR036852,2026-02-24,2026-04-10,Offline,437,91,29,49,Running
BAT001570,ENT00394,CRS039292,Corporate Training Batch 1570,USR014571,2026-02-06,2026-02-20,Hybrid,230,91,27,23,Planned
BAT001571,ENT00069,CRS025764,Corporate Training Batch 1571,USR042830,2026-03-25,2026-06-23,Online,392,84,61,33,Completed
BAT001572,ENT00227,CRS010690,Corporate Training Batch 1572,USR046705,2025-12-01,2025-12-08,Offline,257,85,58,65,Completed
BAT001573,ENT00203,CRS039661,Corporate Training Batch 1573,USR028500,2026-04-15,2026-07-14,Offline,262,94,83,56,Completed
BAT001574,ENT00309,CRS011908,Corporate Training Batch 1574,USR039045,2026-04-25,2026-07-24,Offline,149,96,40,88,On Hold
BAT001575,ENT00419,CRS026137,Corporate Training Batch 1575,USR043269,2026-04-04,2026-06-03,Online,202,80,63,45,On Hold
BAT001576,ENT00271,CRS004991,Corporate Training Batch 1576,USR033346,2026-01-25,2026-04-25,Offline,46,83,68,69,Completed
BAT001577,ENT00378,CRS023766,Corporate Training Batch 1577,USR021065,2026-03-02,2026-03-16,Hybrid,52,87,28,44,Completed
BAT001578,ENT00500,CRS048455,Corporate Training Batch 1578,USR015405,2026-03-31,2026-06-29,Online,321,56,40,83,On Hold
BAT001579,ENT00457,CRS026445,Corporate Training Batch 1579,USR030770,2026-03-07,2026-05-06,Hybrid,102,65,38,52,Planned
BAT001580,ENT00292,CRS028247,Corporate Training Batch 1580,USR045355,2026-03-17,2026-05-16,Online,99,82,33,95,Planned
BAT001581,ENT00177,CRS003818,Corporate Training Batch 1581,USR049960,2026-04-23,2026-05-07,Offline,30,70,61,39,On Hold
BAT001582,ENT00041,CRS042427,Corporate Training Batch 1582,USR026649,2026-03-04,2026-04-18,Online,272,93,89,96,Running
BAT001583,ENT00225,CRS018279,Corporate Training Batch 1583,USR021703,2026-05-10,2026-08-08,Offline,312,85,32,67,Running
BAT001584,ENT00153,CRS037380,Corporate Training Batch 1584,USR040257,2025-12-08,2025-12-15,Online,14,60,84,50,On Hold
BAT001585,ENT00417,CRS000385,Corporate Training Batch 1585,USR000523,2026-01-24,2026-02-07,Hybrid,107,98,82,40,Planned
BAT001586,ENT00318,CRS003109,Corporate Training Batch 1586,USR029302,2026-05-12,2026-06-26,Offline,188,96,59,63,Planned
BAT001587,ENT00132,CRS025126,Corporate Training Batch 1587,USR039041,2026-02-25,2026-04-26,Hybrid,127,56,35,71,Planned
BAT001588,ENT00159,CRS011230,Corporate Training Batch 1588,USR025845,2026-04-03,2026-04-17,Hybrid,97,82,93,36,On Hold
BAT001589,ENT00270,CRS022678,Corporate Training Batch 1589,USR009624,2026-02-25,2026-03-27,Online,118,89,27,32,Planned
BAT001590,ENT00187,CRS019437,Corporate Training Batch 1590,USR028628,2026-03-02,2026-03-09,Offline,232,65,35,45,Running
BAT001591,ENT00461,CRS020850,Corporate Training Batch 1591,USR025597,2026-03-25,2026-06-23,Online,456,99,77,81,Planned
BAT001592,ENT00371,CRS006084,Corporate Training Batch 1592,USR047059,2026-02-07,2026-02-14,Online,410,81,40,56,On Hold
BAT001593,ENT00127,CRS025724,Corporate Training Batch 1593,USR005955,2026-05-13,2026-06-27,Offline,423,63,30,28,On Hold
BAT001594,ENT00340,CRS035878,Corporate Training Batch 1594,USR017182,2025-12-25,2026-01-08,Offline,437,86,29,70,Completed
BAT001595,ENT00058,CRS020563,Corporate Training Batch 1595,USR025724,2025-11-14,2026-01-13,Offline,282,88,96,25,On Hold
BAT001596,ENT00114,CRS027374,Corporate Training Batch 1596,USR044032,2026-02-21,2026-04-22,Online,423,73,35,37,Planned
BAT001597,ENT00229,CRS031528,Corporate Training Batch 1597,USR004682,2026-02-28,2026-03-30,Hybrid,114,70,97,61,Completed
BAT001598,ENT00452,CRS049800,Corporate Training Batch 1598,USR006807,2026-04-17,2026-07-16,Offline,441,100,100,24,Running
BAT001599,ENT00405,CRS009353,Corporate Training Batch 1599,USR027432,2026-01-20,2026-03-06,Offline,413,83,64,68,Running
BAT001600,ENT00131,CRS001207,Corporate Training Batch 1600,USR024425,2025-12-09,2026-01-23,Hybrid,332,94,61,48,Planned
BAT001601,ENT00298,CRS038900,Corporate Training Batch 1601,USR004426,2025-12-09,2026-01-23,Online,461,72,56,81,On Hold
BAT001602,ENT00275,CRS039052,Corporate Training Batch 1602,USR038730,2026-02-17,2026-04-03,Online,68,78,22,54,On Hold
BAT001603,ENT00307,CRS017764,Corporate Training Batch 1603,USR010418,2026-01-28,2026-02-11,Online,13,59,67,36,On Hold
BAT001604,ENT00068,CRS023556,Corporate Training Batch 1604,USR013547,2026-05-07,2026-06-06,Online,344,60,24,84,Completed
BAT001605,ENT00492,CRS043338,Corporate Training Batch 1605,USR012677,2025-11-23,2025-12-23,Online,212,98,86,64,Running
BAT001606,ENT00268,CRS030692,Corporate Training Batch 1606,USR006750,2026-03-20,2026-04-19,Hybrid,425,72,51,38,Completed
BAT001607,ENT00281,CRS001425,Corporate Training Batch 1607,USR031116,2025-11-29,2026-01-13,Hybrid,244,100,76,42,Running
BAT001608,ENT00268,CRS033373,Corporate Training Batch 1608,USR005217,2025-12-07,2026-01-06,Offline,409,75,42,27,Completed
BAT001609,ENT00121,CRS009996,Corporate Training Batch 1609,USR026683,2026-05-10,2026-05-24,Online,133,74,56,36,On Hold
BAT001610,ENT00015,CRS043481,Corporate Training Batch 1610,USR009896,2026-01-15,2026-01-29,Offline,385,91,34,48,Planned
BAT001611,ENT00363,CRS001825,Corporate Training Batch 1611,USR029219,2026-04-17,2026-05-01,Online,319,63,30,59,Planned
BAT001612,ENT00496,CRS037577,Corporate Training Batch 1612,USR029496,2026-03-03,2026-03-10,Hybrid,31,78,42,82,Planned
BAT001613,ENT00466,CRS040086,Corporate Training Batch 1613,USR007162,2025-12-20,2026-02-18,Hybrid,434,85,22,47,Running
BAT001614,ENT00494,CRS044829,Corporate Training Batch 1614,USR044159,2025-12-22,2026-02-20,Offline,188,76,55,64,Planned
BAT001615,ENT00131,CRS026827,Corporate Training Batch 1615,USR016184,2025-12-13,2026-01-27,Offline,500,64,62,98,Planned
BAT001616,ENT00346,CRS028040,Corporate Training Batch 1616,USR000961,2026-04-11,2026-05-26,Online,458,64,59,40,Completed
BAT001617,ENT00092,CRS039965,Corporate Training Batch 1617,USR026247,2026-03-06,2026-04-05,Offline,174,59,26,36,Completed
BAT001618,ENT00164,CRS036465,Corporate Training Batch 1618,USR004337,2025-11-26,2025-12-26,Online,317,99,31,100,Running
BAT001619,ENT00032,CRS037707,Corporate Training Batch 1619,USR018374,2026-05-01,2026-05-31,Offline,469,96,44,30,Running
BAT001620,ENT00120,CRS028016,Corporate Training Batch 1620,USR043769,2025-12-17,2025-12-24,Online,95,63,60,73,Planned
BAT001621,ENT00262,CRS002498,Corporate Training Batch 1621,USR033994,2026-02-13,2026-03-30,Hybrid,358,80,91,82,On Hold
BAT001622,ENT00424,CRS034016,Corporate Training Batch 1622,USR047429,2026-04-19,2026-06-03,Offline,106,65,61,88,Planned
BAT001623,ENT00499,CRS041925,Corporate Training Batch 1623,USR035666,2026-04-07,2026-04-14,Offline,234,90,75,76,Planned
BAT001624,ENT00403,CRS027354,Corporate Training Batch 1624,USR048030,2026-03-16,2026-05-15,Online,30,65,25,38,Running
BAT001625,ENT00168,CRS031158,Corporate Training Batch 1625,USR007325,2026-02-07,2026-04-08,Hybrid,24,79,62,90,Running
BAT001626,ENT00089,CRS034094,Corporate Training Batch 1626,USR036325,2026-04-04,2026-04-11,Hybrid,189,81,76,60,Planned
BAT001627,ENT00182,CRS017798,Corporate Training Batch 1627,USR033957,2026-05-07,2026-05-21,Hybrid,282,84,34,52,Running
BAT001628,ENT00165,CRS010687,Corporate Training Batch 1628,USR031404,2025-12-11,2025-12-25,Online,227,83,50,96,Completed
BAT001629,ENT00211,CRS019930,Corporate Training Batch 1629,USR045276,2026-01-23,2026-02-22,Offline,473,78,95,23,Completed
BAT001630,ENT00057,CRS020637,Corporate Training Batch 1630,USR046672,2026-04-23,2026-06-07,Online,108,60,49,34,Running
BAT001631,ENT00327,CRS032332,Corporate Training Batch 1631,USR000181,2025-11-26,2026-01-25,Hybrid,459,82,75,25,Running
BAT001632,ENT00333,CRS032075,Corporate Training Batch 1632,USR011345,2026-04-13,2026-04-27,Online,317,58,22,81,Planned
BAT001633,ENT00078,CRS022040,Corporate Training Batch 1633,USR046389,2026-03-09,2026-03-16,Offline,479,84,89,44,Completed
BAT001634,ENT00107,CRS025368,Corporate Training Batch 1634,USR034547,2026-03-24,2026-05-23,Hybrid,164,85,53,79,Completed
BAT001635,ENT00466,CRS002379,Corporate Training Batch 1635,USR008151,2026-02-03,2026-03-20,Online,477,80,37,82,Planned
BAT001636,ENT00382,CRS044787,Corporate Training Batch 1636,USR048184,2026-02-10,2026-02-17,Online,84,84,35,25,Planned
BAT001637,ENT00142,CRS043391,Corporate Training Batch 1637,USR005076,2026-01-25,2026-04-25,Online,160,93,51,52,Completed
BAT001638,ENT00206,CRS014559,Corporate Training Batch 1638,USR037421,2026-04-12,2026-04-19,Online,450,60,61,74,Running
BAT001639,ENT00107,CRS032547,Corporate Training Batch 1639,USR038791,2025-11-27,2025-12-04,Online,149,86,42,39,On Hold
BAT001640,ENT00295,CRS039401,Corporate Training Batch 1640,USR019498,2026-04-27,2026-05-04,Hybrid,491,86,70,68,Planned
BAT001641,ENT00063,CRS022663,Corporate Training Batch 1641,USR041156,2026-03-02,2026-05-01,Offline,309,83,92,61,Completed
BAT001642,ENT00355,CRS036399,Corporate Training Batch 1642,USR048202,2025-12-06,2026-02-04,Offline,192,83,30,78,On Hold
BAT001643,ENT00110,CRS047507,Corporate Training Batch 1643,USR006610,2026-04-03,2026-07-02,Online,481,89,93,31,On Hold
BAT001644,ENT00436,CRS040197,Corporate Training Batch 1644,USR019063,2026-02-21,2026-03-07,Online,394,90,68,38,Planned
BAT001645,ENT00041,CRS030006,Corporate Training Batch 1645,USR044796,2026-01-27,2026-03-13,Online,47,97,21,80,On Hold
BAT001646,ENT00498,CRS016165,Corporate Training Batch 1646,USR023460,2026-03-23,2026-03-30,Online,394,67,23,31,Completed
BAT001647,ENT00283,CRS040109,Corporate Training Batch 1647,USR028112,2026-05-12,2026-07-11,Online,71,73,94,29,On Hold
BAT001648,ENT00305,CRS018682,Corporate Training Batch 1648,USR037098,2026-04-22,2026-07-21,Hybrid,272,55,39,55,Completed
BAT001649,ENT00244,CRS017076,Corporate Training Batch 1649,USR017765,2026-01-29,2026-02-05,Offline,215,58,62,87,Completed
BAT001650,ENT00476,CRS034629,Corporate Training Batch 1650,USR034952,2026-01-21,2026-03-22,Hybrid,437,98,87,22,Completed
BAT001651,ENT00149,CRS045649,Corporate Training Batch 1651,USR022545,2026-04-05,2026-04-12,Online,16,91,21,40,Completed
BAT001652,ENT00385,CRS008464,Corporate Training Batch 1652,USR015092,2025-12-26,2026-01-02,Online,74,96,84,65,On Hold
BAT001653,ENT00431,CRS035823,Corporate Training Batch 1653,USR007272,2025-12-03,2025-12-17,Hybrid,50,70,100,81,Running
BAT001654,ENT00247,CRS000190,Corporate Training Batch 1654,USR014328,2026-02-05,2026-03-07,Online,458,90,29,86,On Hold
BAT001655,ENT00128,CRS033701,Corporate Training Batch 1655,USR020869,2026-04-04,2026-04-11,Offline,315,64,99,88,Running
BAT001656,ENT00412,CRS041867,Corporate Training Batch 1656,USR029287,2026-05-13,2026-07-12,Online,87,68,27,46,Completed
BAT001657,ENT00335,CRS003617,Corporate Training Batch 1657,USR039079,2026-03-08,2026-05-07,Online,129,92,90,21,Completed
BAT001658,ENT00040,CRS004325,Corporate Training Batch 1658,USR040525,2025-12-21,2026-01-04,Offline,498,88,46,73,On Hold
BAT001659,ENT00274,CRS024245,Corporate Training Batch 1659,USR012544,2026-02-02,2026-03-19,Offline,87,85,26,89,Completed
BAT001660,ENT00174,CRS044503,Corporate Training Batch 1660,USR029826,2026-02-23,2026-03-09,Hybrid,270,74,46,77,Completed
BAT001661,ENT00408,CRS004756,Corporate Training Batch 1661,USR013078,2026-05-06,2026-07-05,Online,177,70,91,32,On Hold
BAT001662,ENT00387,CRS026442,Corporate Training Batch 1662,USR028209,2025-12-17,2025-12-31,Online,189,95,70,37,On Hold
BAT001663,ENT00218,CRS012161,Corporate Training Batch 1663,USR027117,2026-02-22,2026-04-08,Offline,456,68,38,55,Completed
BAT001664,ENT00245,CRS029443,Corporate Training Batch 1664,USR017887,2025-11-14,2025-11-21,Online,455,60,25,83,Running
BAT001665,ENT00261,CRS023415,Corporate Training Batch 1665,USR010901,2025-12-14,2026-01-13,Hybrid,221,64,70,96,Planned
BAT001666,ENT00308,CRS037100,Corporate Training Batch 1666,USR031524,2026-05-02,2026-07-31,Online,113,56,81,68,On Hold
BAT001667,ENT00320,CRS000641,Corporate Training Batch 1667,USR036915,2026-01-13,2026-01-20,Offline,283,56,57,26,Completed
BAT001668,ENT00112,CRS003141,Corporate Training Batch 1668,USR039204,2026-01-14,2026-01-21,Hybrid,460,81,30,39,Planned
BAT001669,ENT00150,CRS003857,Corporate Training Batch 1669,USR004029,2026-01-25,2026-02-08,Offline,423,74,48,75,Running
BAT001670,ENT00468,CRS006314,Corporate Training Batch 1670,USR038850,2025-12-04,2026-03-04,Offline,216,68,80,93,Planned
BAT001671,ENT00014,CRS046430,Corporate Training Batch 1671,USR010822,2025-12-16,2026-01-15,Offline,41,96,87,93,On Hold
BAT001672,ENT00286,CRS007623,Corporate Training Batch 1672,USR028874,2026-01-22,2026-02-21,Offline,145,81,90,43,Running
BAT001673,ENT00333,CRS019538,Corporate Training Batch 1673,USR032665,2026-01-07,2026-04-07,Online,168,75,60,27,Planned
BAT001674,ENT00171,CRS031973,Corporate Training Batch 1674,USR030528,2026-02-04,2026-02-11,Hybrid,434,59,34,56,Completed
BAT001675,ENT00100,CRS005474,Corporate Training Batch 1675,USR027971,2026-03-08,2026-05-07,Offline,458,96,53,80,On Hold
BAT001676,ENT00226,CRS003030,Corporate Training Batch 1676,USR003019,2025-11-14,2025-12-29,Online,446,98,68,30,Running
BAT001677,ENT00056,CRS000415,Corporate Training Batch 1677,USR049434,2026-01-02,2026-01-09,Offline,346,82,85,61,On Hold
BAT001678,ENT00412,CRS016588,Corporate Training Batch 1678,USR031096,2025-11-27,2025-12-27,Online,76,73,54,79,Completed
BAT001679,ENT00209,CRS025987,Corporate Training Batch 1679,USR034946,2025-11-21,2025-12-05,Hybrid,493,63,61,79,Completed
BAT001680,ENT00318,CRS002877,Corporate Training Batch 1680,USR034233,2025-12-11,2026-01-25,Online,39,63,43,98,On Hold
BAT001681,ENT00083,CRS014519,Corporate Training Batch 1681,USR038523,2025-12-03,2025-12-17,Offline,12,87,51,48,Completed
BAT001682,ENT00279,CRS011886,Corporate Training Batch 1682,USR039556,2025-11-30,2026-02-28,Hybrid,231,59,62,24,Running
BAT001683,ENT00495,CRS042122,Corporate Training Batch 1683,USR016684,2025-12-26,2026-01-25,Online,218,95,85,49,Completed
BAT001684,ENT00003,CRS041772,Corporate Training Batch 1684,USR021908,2026-01-25,2026-02-08,Hybrid,96,65,91,63,Completed
BAT001685,ENT00044,CRS006878,Corporate Training Batch 1685,USR000674,2026-02-15,2026-03-01,Offline,256,71,77,67,Completed
BAT001686,ENT00345,CRS010565,Corporate Training Batch 1686,USR011270,2025-12-31,2026-02-14,Offline,88,93,38,84,Planned
BAT001687,ENT00401,CRS024607,Corporate Training Batch 1687,USR034380,2026-02-28,2026-03-07,Online,103,61,56,57,Running
BAT001688,ENT00183,CRS027596,Corporate Training Batch 1688,USR011555,2025-12-22,2026-01-21,Hybrid,498,97,43,50,Completed
BAT001689,ENT00485,CRS001436,Corporate Training Batch 1689,USR049082,2026-02-05,2026-05-06,Online,414,84,31,65,Completed
BAT001690,ENT00374,CRS003639,Corporate Training Batch 1690,USR021949,2026-03-17,2026-03-24,Online,427,64,71,27,Planned
BAT001691,ENT00037,CRS019803,Corporate Training Batch 1691,USR035970,2026-05-04,2026-08-02,Offline,158,66,44,29,Running
BAT001692,ENT00282,CRS024886,Corporate Training Batch 1692,USR030629,2025-12-10,2026-01-24,Online,305,81,76,54,Running
BAT001693,ENT00083,CRS017963,Corporate Training Batch 1693,USR017293,2026-02-19,2026-03-05,Hybrid,471,96,95,24,Running
BAT001694,ENT00001,CRS003243,Corporate Training Batch 1694,USR033514,2026-02-24,2026-03-03,Offline,265,83,28,22,Running
BAT001695,ENT00425,CRS045977,Corporate Training Batch 1695,USR011497,2026-03-15,2026-03-29,Hybrid,408,73,63,58,Completed
BAT001696,ENT00286,CRS019609,Corporate Training Batch 1696,USR019920,2026-03-28,2026-05-12,Hybrid,241,97,34,46,Planned
BAT001697,ENT00265,CRS020093,Corporate Training Batch 1697,USR000485,2026-04-13,2026-06-12,Hybrid,182,56,78,45,Completed
BAT001698,ENT00026,CRS019730,Corporate Training Batch 1698,USR000088,2026-04-15,2026-06-14,Online,63,97,39,31,On Hold
BAT001699,ENT00424,CRS023111,Corporate Training Batch 1699,USR033056,2025-11-14,2026-02-12,Hybrid,358,61,100,55,On Hold
BAT001700,ENT00130,CRS044741,Corporate Training Batch 1700,USR048864,2026-05-09,2026-07-08,Hybrid,307,96,29,67,On Hold
BAT001701,ENT00293,CRS018479,Corporate Training Batch 1701,USR019092,2026-02-03,2026-03-20,Online,434,100,41,90,Planned
BAT001702,ENT00081,CRS032080,Corporate Training Batch 1702,USR013046,2025-12-02,2026-01-31,Online,240,76,42,94,Planned
BAT001703,ENT00096,CRS028603,Corporate Training Batch 1703,USR011350,2025-12-22,2026-02-20,Offline,428,83,93,29,On Hold
BAT001704,ENT00024,CRS046010,Corporate Training Batch 1704,USR000517,2026-03-30,2026-06-28,Hybrid,182,55,89,66,Completed
BAT001705,ENT00128,CRS045522,Corporate Training Batch 1705,USR049019,2025-11-22,2026-01-21,Hybrid,245,80,56,42,On Hold
BAT001706,ENT00024,CRS036716,Corporate Training Batch 1706,USR024962,2026-02-05,2026-05-06,Hybrid,336,91,48,57,Completed
BAT001707,ENT00016,CRS020799,Corporate Training Batch 1707,USR038230,2026-04-11,2026-05-11,Online,312,81,44,76,Completed
BAT001708,ENT00062,CRS022276,Corporate Training Batch 1708,USR015887,2026-04-01,2026-06-30,Offline,229,56,52,80,On Hold
BAT001709,ENT00498,CRS026842,Corporate Training Batch 1709,USR031301,2025-12-31,2026-03-31,Hybrid,371,73,81,44,Planned
BAT001710,ENT00298,CRS033663,Corporate Training Batch 1710,USR003041,2026-02-18,2026-04-04,Hybrid,230,68,94,60,Running
BAT001711,ENT00385,CRS046338,Corporate Training Batch 1711,USR001903,2026-04-02,2026-05-17,Hybrid,55,65,84,80,Planned
BAT001712,ENT00147,CRS022753,Corporate Training Batch 1712,USR022113,2026-02-07,2026-04-08,Online,58,63,84,27,Completed
BAT001713,ENT00061,CRS036745,Corporate Training Batch 1713,USR032883,2026-02-09,2026-03-26,Online,343,59,78,77,On Hold
BAT001714,ENT00205,CRS026728,Corporate Training Batch 1714,USR030433,2025-12-16,2025-12-23,Offline,74,93,53,87,Running
BAT001715,ENT00187,CRS021204,Corporate Training Batch 1715,USR017928,2026-01-08,2026-02-22,Offline,348,75,50,88,Planned
BAT001716,ENT00048,CRS029717,Corporate Training Batch 1716,USR016852,2026-04-25,2026-05-25,Hybrid,137,71,74,61,Completed
BAT001717,ENT00355,CRS025282,Corporate Training Batch 1717,USR040620,2026-03-12,2026-04-26,Hybrid,378,63,96,70,Running
BAT001718,ENT00010,CRS046439,Corporate Training Batch 1718,USR020627,2026-02-11,2026-03-13,Online,375,81,67,35,Running
BAT001719,ENT00376,CRS030610,Corporate Training Batch 1719,USR037538,2026-01-17,2026-01-31,Online,437,70,91,67,Running
BAT001720,ENT00150,CRS044315,Corporate Training Batch 1720,USR011309,2026-02-12,2026-02-19,Offline,499,57,74,39,Running
BAT001721,ENT00431,CRS036743,Corporate Training Batch 1721,USR031647,2025-11-17,2025-12-17,Online,295,64,98,97,Completed
BAT001722,ENT00124,CRS016625,Corporate Training Batch 1722,USR015458,2026-02-02,2026-02-09,Offline,86,78,70,65,Planned
BAT001723,ENT00295,CRS001877,Corporate Training Batch 1723,USR002794,2026-04-24,2026-05-24,Hybrid,67,84,29,24,Completed
BAT001724,ENT00049,CRS023179,Corporate Training Batch 1724,USR027048,2026-01-25,2026-02-08,Hybrid,464,95,79,21,On Hold
BAT001725,ENT00028,CRS032164,Corporate Training Batch 1725,USR033755,2025-12-14,2025-12-21,Hybrid,302,93,41,24,Completed
BAT001726,ENT00210,CRS046083,Corporate Training Batch 1726,USR030323,2025-12-30,2026-01-06,Online,54,64,35,86,Completed
BAT001727,ENT00005,CRS048402,Corporate Training Batch 1727,USR046618,2026-03-01,2026-04-30,Offline,86,71,59,70,Planned
BAT001728,ENT00500,CRS003791,Corporate Training Batch 1728,USR033508,2025-12-30,2026-03-30,Hybrid,341,83,42,38,Planned
BAT001729,ENT00044,CRS010726,Corporate Training Batch 1729,USR022203,2025-11-16,2026-01-15,Offline,129,84,26,34,Running
BAT001730,ENT00101,CRS002476,Corporate Training Batch 1730,USR044184,2026-05-01,2026-05-08,Hybrid,151,69,91,45,Planned
BAT001731,ENT00461,CRS033280,Corporate Training Batch 1731,USR026294,2025-12-07,2025-12-14,Offline,165,76,75,97,On Hold
BAT001732,ENT00433,CRS045357,Corporate Training Batch 1732,USR010531,2026-05-12,2026-05-19,Online,409,55,79,91,Completed
BAT001733,ENT00141,CRS018783,Corporate Training Batch 1733,USR028235,2026-02-11,2026-05-12,Online,434,64,47,76,On Hold
BAT001734,ENT00334,CRS020146,Corporate Training Batch 1734,USR011766,2026-02-23,2026-03-25,Offline,250,61,61,21,On Hold
BAT001735,ENT00408,CRS048112,Corporate Training Batch 1735,USR005188,2025-12-20,2025-12-27,Offline,332,100,97,42,Running
BAT001736,ENT00466,CRS023351,Corporate Training Batch 1736,USR047805,2025-12-18,2026-02-01,Hybrid,56,91,75,57,On Hold
BAT001737,ENT00118,CRS014146,Corporate Training Batch 1737,USR037398,2025-11-23,2026-02-21,Hybrid,476,59,60,75,Planned
BAT001738,ENT00429,CRS016994,Corporate Training Batch 1738,USR036774,2026-02-02,2026-02-09,Offline,193,66,81,57,Completed
BAT001739,ENT00394,CRS018300,Corporate Training Batch 1739,USR035084,2026-01-27,2026-02-10,Online,250,69,50,70,Running
BAT001740,ENT00489,CRS005952,Corporate Training Batch 1740,USR026351,2025-12-25,2026-01-01,Online,74,81,59,55,On Hold
BAT001741,ENT00223,CRS006698,Corporate Training Batch 1741,USR009852,2026-03-21,2026-05-05,Online,351,74,66,75,Running
BAT001742,ENT00143,CRS025496,Corporate Training Batch 1742,USR005505,2026-04-27,2026-06-26,Hybrid,72,71,31,100,Completed
BAT001743,ENT00265,CRS025472,Corporate Training Batch 1743,USR017349,2026-03-03,2026-04-02,Offline,17,91,74,69,Running
BAT001744,ENT00057,CRS037379,Corporate Training Batch 1744,USR018919,2026-02-17,2026-04-03,Hybrid,228,89,92,22,Completed
BAT001745,ENT00080,CRS022670,Corporate Training Batch 1745,USR041204,2025-12-18,2025-12-25,Online,186,100,82,50,Running
BAT001746,ENT00352,CRS002430,Corporate Training Batch 1746,USR020354,2026-02-03,2026-03-20,Offline,38,67,39,58,Running
BAT001747,ENT00416,CRS010627,Corporate Training Batch 1747,USR047977,2026-02-06,2026-03-23,Offline,209,76,73,42,Planned
BAT001748,ENT00226,CRS030062,Corporate Training Batch 1748,USR015060,2026-02-05,2026-02-12,Hybrid,155,58,76,34,On Hold
BAT001749,ENT00449,CRS049074,Corporate Training Batch 1749,USR001099,2026-01-02,2026-02-01,Offline,474,66,40,30,Completed
BAT001750,ENT00212,CRS008042,Corporate Training Batch 1750,USR008668,2026-02-25,2026-05-26,Online,215,55,79,53,Running
BAT001751,ENT00001,CRS020129,Corporate Training Batch 1751,USR011723,2025-12-23,2026-01-06,Hybrid,94,87,49,54,Completed
BAT001752,ENT00027,CRS044226,Corporate Training Batch 1752,USR033091,2026-03-16,2026-04-15,Hybrid,143,66,65,54,Running
BAT001753,ENT00242,CRS008525,Corporate Training Batch 1753,USR025437,2026-04-30,2026-05-07,Offline,466,71,20,69,Completed
BAT001754,ENT00431,CRS031584,Corporate Training Batch 1754,USR034575,2026-03-26,2026-04-25,Hybrid,107,79,46,35,Completed
BAT001755,ENT00195,CRS035508,Corporate Training Batch 1755,USR020844,2025-11-22,2025-12-22,Offline,227,67,30,45,On Hold
BAT001756,ENT00420,CRS028822,Corporate Training Batch 1756,USR007377,2026-01-14,2026-04-14,Offline,47,95,74,37,Planned
BAT001757,ENT00229,CRS005144,Corporate Training Batch 1757,USR039473,2026-04-26,2026-05-03,Offline,381,85,26,27,Running
BAT001758,ENT00451,CRS014511,Corporate Training Batch 1758,USR047315,2026-01-29,2026-02-05,Hybrid,371,57,43,29,Completed
BAT001759,ENT00325,CRS002422,Corporate Training Batch 1759,USR027196,2026-03-20,2026-03-27,Hybrid,400,74,70,65,Planned
BAT001760,ENT00145,CRS006962,Corporate Training Batch 1760,USR024081,2026-01-22,2026-03-23,Online,227,62,62,38,Completed
BAT001761,ENT00448,CRS030776,Corporate Training Batch 1761,USR041224,2025-12-01,2026-03-01,Hybrid,496,82,55,79,Completed
BAT001762,ENT00063,CRS025299,Corporate Training Batch 1762,USR045545,2026-01-26,2026-04-26,Offline,277,91,66,58,Completed
BAT001763,ENT00460,CRS008537,Corporate Training Batch 1763,USR016781,2026-02-20,2026-04-06,Offline,369,60,37,61,Completed
BAT001764,ENT00322,CRS034241,Corporate Training Batch 1764,USR038530,2026-04-27,2026-06-26,Hybrid,461,72,74,79,On Hold
BAT001765,ENT00345,CRS005820,Corporate Training Batch 1765,USR017667,2026-05-13,2026-05-27,Online,144,58,23,57,Planned
BAT001766,ENT00390,CRS044508,Corporate Training Batch 1766,USR032740,2025-12-31,2026-01-30,Online,425,63,87,33,Running
BAT001767,ENT00475,CRS004804,Corporate Training Batch 1767,USR031453,2026-03-20,2026-04-03,Hybrid,228,82,77,70,Completed
BAT001768,ENT00016,CRS011311,Corporate Training Batch 1768,USR034138,2025-12-03,2025-12-17,Online,362,62,66,72,Completed
BAT001769,ENT00421,CRS035904,Corporate Training Batch 1769,USR037226,2026-01-30,2026-03-16,Offline,300,70,80,60,Completed
BAT001770,ENT00106,CRS040379,Corporate Training Batch 1770,USR022234,2026-04-17,2026-05-01,Hybrid,155,65,68,33,Running
BAT001771,ENT00387,CRS000597,Corporate Training Batch 1771,USR036258,2025-12-24,2026-01-07,Hybrid,327,56,63,33,Running
BAT001772,ENT00475,CRS030762,Corporate Training Batch 1772,USR000286,2026-03-12,2026-03-19,Hybrid,86,100,79,77,Running
BAT001773,ENT00130,CRS010265,Corporate Training Batch 1773,USR037053,2026-02-11,2026-03-13,Hybrid,242,60,41,87,Completed
BAT001774,ENT00062,CRS041877,Corporate Training Batch 1774,USR035978,2026-02-21,2026-02-28,Online,177,74,26,32,Planned
BAT001775,ENT00288,CRS004095,Corporate Training Batch 1775,USR006286,2026-05-02,2026-05-09,Hybrid,192,64,73,95,Planned
BAT001776,ENT00246,CRS023934,Corporate Training Batch 1776,USR013342,2025-11-17,2026-01-16,Online,292,86,93,83,On Hold
BAT001777,ENT00302,CRS020961,Corporate Training Batch 1777,USR029369,2026-02-15,2026-03-17,Hybrid,196,97,77,77,On Hold
BAT001778,ENT00458,CRS006168,Corporate Training Batch 1778,USR010214,2025-12-02,2026-03-02,Offline,132,55,56,67,Running
BAT001779,ENT00475,CRS004003,Corporate Training Batch 1779,USR020633,2026-03-16,2026-04-15,Hybrid,322,85,67,86,Running
BAT001780,ENT00324,CRS009941,Corporate Training Batch 1780,USR008605,2026-01-31,2026-03-17,Online,16,72,61,56,Completed
BAT001781,ENT00291,CRS047007,Corporate Training Batch 1781,USR038638,2025-12-06,2026-03-06,Online,305,60,70,74,On Hold
BAT001782,ENT00105,CRS032436,Corporate Training Batch 1782,USR006725,2026-05-04,2026-06-03,Offline,329,61,97,88,Planned
BAT001783,ENT00097,CRS020029,Corporate Training Batch 1783,USR016952,2025-12-13,2025-12-20,Offline,439,83,52,94,Completed
BAT001784,ENT00221,CRS021877,Corporate Training Batch 1784,USR032546,2026-04-09,2026-04-16,Offline,148,84,82,45,On Hold
BAT001785,ENT00388,CRS004756,Corporate Training Batch 1785,USR009241,2025-12-31,2026-02-14,Hybrid,201,90,44,44,Running
BAT001786,ENT00474,CRS009023,Corporate Training Batch 1786,USR012572,2025-12-12,2025-12-19,Online,472,74,40,31,Planned
BAT001787,ENT00122,CRS002508,Corporate Training Batch 1787,USR018808,2025-12-30,2026-02-28,Hybrid,42,86,52,78,Planned
BAT001788,ENT00008,CRS038292,Corporate Training Batch 1788,USR005438,2026-03-25,2026-05-24,Offline,139,76,71,73,Running
BAT001789,ENT00388,CRS022508,Corporate Training Batch 1789,USR045349,2025-12-08,2026-01-07,Hybrid,234,100,57,31,Completed
BAT001790,ENT00223,CRS030727,Corporate Training Batch 1790,USR028332,2026-01-27,2026-03-28,Hybrid,322,99,50,37,Planned
BAT001791,ENT00283,CRS028364,Corporate Training Batch 1791,USR002572,2026-03-13,2026-06-11,Offline,291,65,66,27,On Hold
BAT001792,ENT00393,CRS035799,Corporate Training Batch 1792,USR045666,2025-11-18,2025-11-25,Offline,442,74,25,30,On Hold
BAT001793,ENT00143,CRS002451,Corporate Training Batch 1793,USR014996,2025-11-19,2025-11-26,Online,459,75,61,29,Running
BAT001794,ENT00306,CRS020514,Corporate Training Batch 1794,USR041655,2026-04-07,2026-06-06,Online,492,84,79,58,Planned
BAT001795,ENT00301,CRS030306,Corporate Training Batch 1795,USR000830,2026-04-29,2026-06-28,Offline,486,79,92,53,Completed
BAT001796,ENT00130,CRS029123,Corporate Training Batch 1796,USR006343,2025-11-26,2026-02-24,Offline,316,78,55,26,Completed
BAT001797,ENT00310,CRS004726,Corporate Training Batch 1797,USR027932,2026-04-10,2026-07-09,Online,97,97,23,55,Running
BAT001798,ENT00405,CRS026377,Corporate Training Batch 1798,USR032309,2025-11-20,2026-01-04,Offline,314,62,32,96,Running
BAT001799,ENT00373,CRS037568,Corporate Training Batch 1799,USR023659,2026-01-25,2026-02-24,Online,271,78,67,63,Planned
BAT001800,ENT00002,CRS025898,Corporate Training Batch 1800,USR022230,2026-03-01,2026-04-30,Offline,390,81,77,99,Completed
BAT001801,ENT00155,CRS029002,Corporate Training Batch 1801,USR013596,2026-03-04,2026-04-03,Hybrid,29,97,67,93,Planned
BAT001802,ENT00033,CRS031732,Corporate Training Batch 1802,USR012400,2025-11-19,2026-02-17,Hybrid,16,88,24,44,Completed
BAT001803,ENT00293,CRS002950,Corporate Training Batch 1803,USR024692,2026-02-14,2026-03-16,Hybrid,283,56,33,40,Running
BAT001804,ENT00165,CRS008702,Corporate Training Batch 1804,USR044920,2026-05-09,2026-07-08,Online,334,90,81,90,Running
BAT001805,ENT00173,CRS042491,Corporate Training Batch 1805,USR040227,2026-01-21,2026-04-21,Hybrid,16,99,52,43,On Hold
BAT001806,ENT00187,CRS040134,Corporate Training Batch 1806,USR032424,2026-03-20,2026-04-19,Offline,238,91,22,49,Running
BAT001807,ENT00497,CRS010989,Corporate Training Batch 1807,USR001389,2026-03-11,2026-04-10,Offline,99,93,63,44,Planned
BAT001808,ENT00366,CRS033076,Corporate Training Batch 1808,USR008118,2026-03-02,2026-03-09,Offline,157,99,61,90,On Hold
BAT001809,ENT00326,CRS011234,Corporate Training Batch 1809,USR015311,2025-11-16,2025-12-16,Online,102,59,90,33,Running
BAT001810,ENT00074,CRS047916,Corporate Training Batch 1810,USR046947,2026-03-02,2026-05-31,Online,413,81,51,27,Running
BAT001811,ENT00395,CRS034857,Corporate Training Batch 1811,USR011271,2025-12-03,2026-02-01,Hybrid,81,96,73,45,Completed
BAT001812,ENT00018,CRS019493,Corporate Training Batch 1812,USR044755,2026-04-11,2026-04-18,Online,178,86,22,41,On Hold
BAT001813,ENT00015,CRS008774,Corporate Training Batch 1813,USR043406,2026-02-21,2026-02-28,Online,300,58,72,54,Completed
BAT001814,ENT00354,CRS042456,Corporate Training Batch 1814,USR023363,2025-11-15,2025-12-30,Online,37,70,64,27,On Hold
BAT001815,ENT00388,CRS012379,Corporate Training Batch 1815,USR015929,2026-01-06,2026-02-20,Offline,489,66,50,98,On Hold
BAT001816,ENT00321,CRS046044,Corporate Training Batch 1816,USR049802,2026-01-13,2026-04-13,Offline,37,65,75,20,Running
BAT001817,ENT00034,CRS031137,Corporate Training Batch 1817,USR010557,2026-02-11,2026-02-18,Offline,221,75,22,81,On Hold
BAT001818,ENT00326,CRS011654,Corporate Training Batch 1818,USR018447,2026-04-25,2026-05-09,Offline,112,72,98,59,Planned
BAT001819,ENT00375,CRS036592,Corporate Training Batch 1819,USR010352,2026-04-07,2026-06-06,Offline,111,80,20,50,Completed
BAT001820,ENT00138,CRS033139,Corporate Training Batch 1820,USR041783,2025-12-06,2026-01-05,Offline,94,82,59,63,On Hold
BAT001821,ENT00251,CRS027236,Corporate Training Batch 1821,USR005589,2026-04-27,2026-06-26,Offline,104,55,50,69,Planned
BAT001822,ENT00170,CRS017899,Corporate Training Batch 1822,USR014227,2026-02-08,2026-04-09,Hybrid,223,98,76,34,Running
BAT001823,ENT00491,CRS031301,Corporate Training Batch 1823,USR015354,2026-04-05,2026-06-04,Offline,498,87,25,42,Running
BAT001824,ENT00412,CRS024934,Corporate Training Batch 1824,USR043362,2026-02-22,2026-04-23,Online,177,77,78,71,Completed
BAT001825,ENT00354,CRS026698,Corporate Training Batch 1825,USR028324,2025-12-11,2026-02-09,Offline,289,66,85,73,Running
BAT001826,ENT00061,CRS035837,Corporate Training Batch 1826,USR046915,2026-04-18,2026-07-17,Online,229,59,58,73,On Hold
BAT001827,ENT00490,CRS043673,Corporate Training Batch 1827,USR018344,2026-02-02,2026-03-19,Offline,413,97,26,35,Planned
BAT001828,ENT00232,CRS024289,Corporate Training Batch 1828,USR024122,2025-12-23,2026-01-06,Hybrid,276,98,78,55,Planned
BAT001829,ENT00237,CRS021461,Corporate Training Batch 1829,USR002471,2025-12-26,2026-02-24,Online,113,65,61,34,Completed
BAT001830,ENT00079,CRS017808,Corporate Training Batch 1830,USR035157,2026-04-05,2026-04-12,Online,211,94,95,62,Running
BAT001831,ENT00275,CRS003776,Corporate Training Batch 1831,USR023908,2026-02-19,2026-03-21,Online,340,68,27,55,Completed
BAT001832,ENT00044,CRS023921,Corporate Training Batch 1832,USR018747,2026-03-22,2026-05-06,Hybrid,100,82,45,40,On Hold
BAT001833,ENT00286,CRS039425,Corporate Training Batch 1833,USR030562,2025-12-20,2025-12-27,Hybrid,331,96,30,77,Planned
BAT001834,ENT00068,CRS008487,Corporate Training Batch 1834,USR005928,2026-01-11,2026-02-10,Hybrid,236,81,80,95,Planned
BAT001835,ENT00189,CRS005854,Corporate Training Batch 1835,USR002237,2026-01-11,2026-02-10,Offline,490,97,34,44,Completed
BAT001836,ENT00344,CRS012066,Corporate Training Batch 1836,USR022540,2026-01-05,2026-02-04,Offline,431,98,63,52,Completed
BAT001837,ENT00223,CRS018120,Corporate Training Batch 1837,USR001701,2026-04-28,2026-05-12,Offline,198,73,34,65,Completed
BAT001838,ENT00050,CRS038039,Corporate Training Batch 1838,USR037397,2026-04-08,2026-07-07,Offline,135,75,24,91,Planned
BAT001839,ENT00372,CRS010768,Corporate Training Batch 1839,USR018509,2025-12-17,2026-01-31,Hybrid,115,98,27,61,Completed
BAT001840,ENT00368,CRS034093,Corporate Training Batch 1840,USR010757,2026-01-16,2026-04-16,Hybrid,475,100,59,55,Running
BAT001841,ENT00137,CRS044310,Corporate Training Batch 1841,USR043455,2026-01-28,2026-04-28,Online,149,70,96,96,On Hold
BAT001842,ENT00319,CRS044440,Corporate Training Batch 1842,USR023804,2026-04-03,2026-04-10,Hybrid,19,55,27,72,Running
BAT001843,ENT00473,CRS008021,Corporate Training Batch 1843,USR026843,2025-12-04,2026-03-04,Online,139,67,80,46,Planned
BAT001844,ENT00013,CRS002333,Corporate Training Batch 1844,USR024716,2026-03-10,2026-05-09,Online,366,98,64,66,Running
BAT001845,ENT00071,CRS015268,Corporate Training Batch 1845,USR035407,2025-12-29,2026-01-12,Online,41,67,38,37,Planned
BAT001846,ENT00110,CRS043232,Corporate Training Batch 1846,USR005471,2026-01-09,2026-04-09,Hybrid,394,65,95,97,Completed
BAT001847,ENT00117,CRS027979,Corporate Training Batch 1847,USR026736,2026-03-08,2026-03-22,Offline,99,80,100,77,Running
BAT001848,ENT00285,CRS017484,Corporate Training Batch 1848,USR006624,2026-05-08,2026-05-22,Online,343,75,52,97,On Hold
BAT001849,ENT00437,CRS041436,Corporate Training Batch 1849,USR035994,2026-01-06,2026-01-13,Offline,451,91,81,46,On Hold
BAT001850,ENT00495,CRS019597,Corporate Training Batch 1850,USR039010,2025-12-07,2026-02-05,Hybrid,427,68,43,27,Planned
BAT001851,ENT00475,CRS046401,Corporate Training Batch 1851,USR019722,2026-05-12,2026-06-11,Hybrid,359,100,86,88,Planned
BAT001852,ENT00154,CRS034901,Corporate Training Batch 1852,USR029127,2026-01-08,2026-02-07,Hybrid,341,89,100,100,Completed
BAT001853,ENT00329,CRS013510,Corporate Training Batch 1853,USR015547,2026-03-23,2026-03-30,Hybrid,347,89,66,98,Running
BAT001854,ENT00069,CRS019998,Corporate Training Batch 1854,USR042228,2026-01-17,2026-02-16,Online,439,59,33,79,On Hold
BAT001855,ENT00284,CRS026809,Corporate Training Batch 1855,USR047976,2026-03-12,2026-04-11,Online,214,62,99,58,Completed
BAT001856,ENT00325,CRS001932,Corporate Training Batch 1856,USR025777,2026-01-15,2026-04-15,Offline,477,100,48,48,On Hold
BAT001857,ENT00429,CRS048265,Corporate Training Batch 1857,USR028627,2026-05-12,2026-07-11,Offline,247,62,51,33,On Hold
BAT001858,ENT00075,CRS010932,Corporate Training Batch 1858,USR046356,2026-01-17,2026-01-31,Hybrid,213,87,31,32,Completed
BAT001859,ENT00396,CRS018563,Corporate Training Batch 1859,USR045564,2026-03-15,2026-04-29,Online,437,83,57,56,Planned
BAT001860,ENT00418,CRS003724,Corporate Training Batch 1860,USR025219,2025-12-06,2026-03-06,Offline,497,57,58,63,Completed
BAT001861,ENT00067,CRS027073,Corporate Training Batch 1861,USR023510,2026-01-06,2026-04-06,Online,89,96,57,49,Running
BAT001862,ENT00414,CRS014459,Corporate Training Batch 1862,USR001323,2026-03-06,2026-05-05,Online,127,75,71,46,Completed
BAT001863,ENT00304,CRS004751,Corporate Training Batch 1863,USR004049,2026-01-21,2026-02-20,Online,169,86,100,64,Running
BAT001864,ENT00307,CRS010604,Corporate Training Batch 1864,USR041072,2026-03-25,2026-06-23,Hybrid,215,87,84,38,On Hold
BAT001865,ENT00234,CRS017244,Corporate Training Batch 1865,USR030537,2026-05-13,2026-08-11,Hybrid,160,87,80,25,Completed
BAT001866,ENT00284,CRS044666,Corporate Training Batch 1866,USR011786,2026-01-06,2026-02-20,Hybrid,463,64,77,42,Running
BAT001867,ENT00392,CRS020201,Corporate Training Batch 1867,USR035622,2025-12-20,2026-02-18,Hybrid,195,69,51,99,Completed
BAT001868,ENT00160,CRS006408,Corporate Training Batch 1868,USR025239,2026-01-25,2026-02-24,Hybrid,24,83,75,58,Running
BAT001869,ENT00311,CRS038747,Corporate Training Batch 1869,USR012939,2026-01-10,2026-02-09,Offline,360,83,48,76,Running
BAT001870,ENT00436,CRS040413,Corporate Training Batch 1870,USR022384,2026-02-14,2026-04-15,Hybrid,179,66,45,55,Planned
BAT001871,ENT00355,CRS043861,Corporate Training Batch 1871,USR019903,2025-11-20,2025-12-20,Online,123,82,91,69,Running
BAT001872,ENT00043,CRS017709,Corporate Training Batch 1872,USR037033,2026-05-03,2026-08-01,Offline,173,70,84,40,Planned
BAT001873,ENT00188,CRS038077,Corporate Training Batch 1873,USR007300,2026-01-27,2026-04-27,Offline,437,87,81,26,Completed
BAT001874,ENT00013,CRS019719,Corporate Training Batch 1874,USR033813,2026-03-21,2026-06-19,Online,300,69,42,97,Running
BAT001875,ENT00177,CRS008181,Corporate Training Batch 1875,USR049583,2026-01-13,2026-01-20,Offline,150,66,41,55,Completed
BAT001876,ENT00436,CRS043522,Corporate Training Batch 1876,USR011884,2026-04-23,2026-05-23,Online,162,96,24,99,On Hold
BAT001877,ENT00342,CRS031535,Corporate Training Batch 1877,USR038590,2026-03-11,2026-04-10,Online,411,96,47,47,Completed
BAT001878,ENT00424,CRS032732,Corporate Training Batch 1878,USR006326,2026-02-06,2026-04-07,Hybrid,75,67,24,61,Planned
BAT001879,ENT00426,CRS036372,Corporate Training Batch 1879,USR021297,2026-03-31,2026-06-29,Offline,201,61,86,63,On Hold
BAT001880,ENT00213,CRS031970,Corporate Training Batch 1880,USR012498,2026-05-11,2026-06-25,Offline,139,90,41,84,On Hold
BAT001881,ENT00062,CRS034808,Corporate Training Batch 1881,USR036741,2026-04-24,2026-05-01,Online,137,70,29,22,Running
BAT001882,ENT00271,CRS003088,Corporate Training Batch 1882,USR013074,2025-12-23,2026-02-21,Online,390,66,66,95,On Hold
BAT001883,ENT00302,CRS019896,Corporate Training Batch 1883,USR033229,2026-01-20,2026-03-06,Hybrid,177,94,74,85,On Hold
BAT001884,ENT00027,CRS039377,Corporate Training Batch 1884,USR037179,2026-02-05,2026-05-06,Hybrid,380,90,51,20,Planned
BAT001885,ENT00459,CRS008681,Corporate Training Batch 1885,USR045247,2026-04-15,2026-05-30,Online,69,99,76,65,Running
BAT001886,ENT00447,CRS016818,Corporate Training Batch 1886,USR049969,2026-02-14,2026-05-15,Hybrid,120,65,74,45,On Hold
BAT001887,ENT00309,CRS049826,Corporate Training Batch 1887,USR008407,2026-04-20,2026-06-19,Online,396,57,38,76,Running
BAT001888,ENT00022,CRS034590,Corporate Training Batch 1888,USR032166,2025-11-15,2026-02-13,Hybrid,494,78,58,36,Running
BAT001889,ENT00250,CRS017665,Corporate Training Batch 1889,USR049247,2026-02-20,2026-05-21,Offline,434,96,21,61,On Hold
BAT001890,ENT00039,CRS039554,Corporate Training Batch 1890,USR027020,2026-02-24,2026-03-03,Offline,162,70,20,71,Completed
BAT001891,ENT00186,CRS017590,Corporate Training Batch 1891,USR016370,2026-05-06,2026-06-05,Online,472,85,97,24,Running
BAT001892,ENT00430,CRS006769,Corporate Training Batch 1892,USR025122,2026-03-20,2026-06-18,Hybrid,378,70,21,85,Completed
BAT001893,ENT00105,CRS037765,Corporate Training Batch 1893,USR026612,2025-12-01,2026-03-01,Online,351,99,72,64,Planned
BAT001894,ENT00219,CRS000803,Corporate Training Batch 1894,USR023674,2025-12-19,2026-03-19,Online,267,70,65,58,Running
BAT001895,ENT00193,CRS024144,Corporate Training Batch 1895,USR027757,2025-12-15,2025-12-29,Offline,72,72,75,97,Running
BAT001896,ENT00077,CRS011943,Corporate Training Batch 1896,USR013514,2026-03-08,2026-05-07,Online,451,71,90,42,Running
BAT001897,ENT00170,CRS004605,Corporate Training Batch 1897,USR023012,2026-01-03,2026-01-10,Online,219,66,89,69,On Hold
BAT001898,ENT00400,CRS040952,Corporate Training Batch 1898,USR031720,2025-12-17,2025-12-31,Offline,301,55,63,58,Completed
BAT001899,ENT00468,CRS039056,Corporate Training Batch 1899,USR034554,2026-04-19,2026-06-03,Offline,447,86,80,94,On Hold
BAT001900,ENT00257,CRS013506,Corporate Training Batch 1900,USR041684,2026-02-04,2026-04-05,Online,495,65,66,38,Planned
BAT001901,ENT00307,CRS021484,Corporate Training Batch 1901,USR023432,2026-03-09,2026-05-08,Hybrid,408,76,98,67,On Hold
BAT001902,ENT00335,CRS018178,Corporate Training Batch 1902,USR024787,2026-04-16,2026-05-16,Offline,122,67,45,25,Planned
BAT001903,ENT00132,CRS024067,Corporate Training Batch 1903,USR037223,2026-04-07,2026-07-06,Hybrid,317,98,70,97,Completed
BAT001904,ENT00386,CRS015856,Corporate Training Batch 1904,USR016093,2026-05-11,2026-07-10,Offline,124,65,100,58,Running
BAT001905,ENT00218,CRS023807,Corporate Training Batch 1905,USR005322,2025-12-26,2026-02-09,Hybrid,183,81,62,37,Completed
BAT001906,ENT00221,CRS041473,Corporate Training Batch 1906,USR021260,2026-04-24,2026-06-23,Online,211,81,97,67,Completed
BAT001907,ENT00215,CRS026673,Corporate Training Batch 1907,USR022937,2026-03-31,2026-04-14,Online,305,66,64,94,Completed
BAT001908,ENT00349,CRS019738,Corporate Training Batch 1908,USR016324,2026-01-06,2026-02-20,Hybrid,355,74,53,96,Planned
BAT001909,ENT00104,CRS028330,Corporate Training Batch 1909,USR046771,2026-02-22,2026-03-08,Offline,18,72,97,57,On Hold
BAT001910,ENT00334,CRS001104,Corporate Training Batch 1910,USR024408,2025-12-26,2026-01-02,Hybrid,338,86,88,24,On Hold
BAT001911,ENT00021,CRS032694,Corporate Training Batch 1911,USR013055,2026-04-25,2026-07-24,Hybrid,393,81,99,50,On Hold
BAT001912,ENT00233,CRS012944,Corporate Training Batch 1912,USR040263,2026-04-05,2026-05-20,Hybrid,410,88,80,76,Running
BAT001913,ENT00361,CRS007594,Corporate Training Batch 1913,USR009577,2026-01-04,2026-04-04,Online,140,66,29,39,On Hold
BAT001914,ENT00450,CRS004646,Corporate Training Batch 1914,USR031882,2025-11-29,2025-12-13,Online,381,73,62,85,Planned
BAT001915,ENT00383,CRS024389,Corporate Training Batch 1915,USR025806,2025-12-14,2026-03-14,Offline,70,76,43,73,Running
BAT001916,ENT00333,CRS024249,Corporate Training Batch 1916,USR023342,2026-02-12,2026-05-13,Offline,405,57,55,72,On Hold
BAT001917,ENT00330,CRS016211,Corporate Training Batch 1917,USR041480,2025-12-10,2025-12-24,Offline,463,55,24,92,Running
BAT001918,ENT00234,CRS023863,Corporate Training Batch 1918,USR001567,2026-02-14,2026-03-31,Hybrid,333,71,92,97,Completed
BAT001919,ENT00278,CRS031985,Corporate Training Batch 1919,USR022785,2026-03-19,2026-05-18,Offline,271,87,42,25,Planned
BAT001920,ENT00019,CRS044868,Corporate Training Batch 1920,USR032524,2025-11-19,2025-12-03,Hybrid,423,75,83,30,Planned
BAT001921,ENT00282,CRS013741,Corporate Training Batch 1921,USR021922,2026-02-10,2026-04-11,Offline,144,63,45,36,Planned
BAT001922,ENT00392,CRS023931,Corporate Training Batch 1922,USR018648,2026-04-19,2026-05-03,Online,391,97,80,62,Completed
BAT001923,ENT00436,CRS032573,Corporate Training Batch 1923,USR031246,2025-12-13,2026-03-13,Hybrid,112,56,30,31,Completed
BAT001924,ENT00122,CRS000968,Corporate Training Batch 1924,USR001006,2026-04-05,2026-05-05,Hybrid,394,66,76,97,On Hold
BAT001925,ENT00161,CRS023305,Corporate Training Batch 1925,USR019749,2025-12-27,2026-03-27,Online,291,59,54,81,Completed
BAT001926,ENT00294,CRS034661,Corporate Training Batch 1926,USR002603,2026-01-12,2026-01-26,Online,310,56,90,95,Running
BAT001927,ENT00247,CRS001602,Corporate Training Batch 1927,USR015416,2025-12-31,2026-01-07,Online,212,98,85,90,Planned
BAT001928,ENT00204,CRS006871,Corporate Training Batch 1928,USR038850,2026-01-03,2026-01-17,Online,399,55,28,70,Running
BAT001929,ENT00150,CRS017288,Corporate Training Batch 1929,USR047520,2026-03-07,2026-05-06,Online,368,93,71,94,Completed
BAT001930,ENT00214,CRS019620,Corporate Training Batch 1930,USR015219,2026-05-11,2026-05-25,Hybrid,493,100,90,37,Running
BAT001931,ENT00046,CRS040429,Corporate Training Batch 1931,USR009262,2026-01-01,2026-01-31,Online,161,98,27,65,Running
BAT001932,ENT00016,CRS008455,Corporate Training Batch 1932,USR048036,2026-03-26,2026-06-24,Hybrid,227,73,96,34,On Hold
BAT001933,ENT00225,CRS044492,Corporate Training Batch 1933,USR037271,2026-01-30,2026-03-16,Online,388,79,22,31,Running
BAT001934,ENT00184,CRS018809,Corporate Training Batch 1934,USR047758,2026-03-30,2026-04-06,Hybrid,303,67,74,65,Completed
BAT001935,ENT00028,CRS016913,Corporate Training Batch 1935,USR001392,2026-03-26,2026-04-09,Online,428,97,58,42,Completed
BAT001936,ENT00297,CRS015787,Corporate Training Batch 1936,USR048777,2025-12-03,2026-01-17,Offline,102,65,70,61,Running
BAT001937,ENT00010,CRS035256,Corporate Training Batch 1937,USR028328,2026-01-09,2026-01-23,Offline,493,78,32,66,Running
BAT001938,ENT00077,CRS015279,Corporate Training Batch 1938,USR010340,2026-04-27,2026-06-26,Offline,112,74,64,73,On Hold
BAT001939,ENT00269,CRS007397,Corporate Training Batch 1939,USR032108,2026-04-05,2026-04-19,Hybrid,386,94,39,77,Completed
BAT001940,ENT00478,CRS002776,Corporate Training Batch 1940,USR043749,2026-04-13,2026-06-12,Offline,256,69,39,58,Planned
BAT001941,ENT00357,CRS030866,Corporate Training Batch 1941,USR005242,2025-12-04,2026-01-18,Offline,195,85,51,40,Completed
BAT001942,ENT00193,CRS037111,Corporate Training Batch 1942,USR041482,2026-04-16,2026-04-23,Hybrid,181,56,38,84,Running
BAT001943,ENT00320,CRS025302,Corporate Training Batch 1943,USR004047,2026-04-23,2026-07-22,Offline,183,70,54,45,Planned
BAT001944,ENT00178,CRS030297,Corporate Training Batch 1944,USR048589,2025-11-26,2025-12-03,Online,150,89,96,89,Completed
BAT001945,ENT00255,CRS012345,Corporate Training Batch 1945,USR043789,2026-01-29,2026-02-05,Hybrid,413,89,74,52,Completed
BAT001946,ENT00166,CRS023635,Corporate Training Batch 1946,USR020313,2026-04-10,2026-05-10,Online,128,90,85,83,On Hold
BAT001947,ENT00011,CRS042647,Corporate Training Batch 1947,USR047060,2026-04-28,2026-06-27,Offline,170,63,86,41,Completed
BAT001948,ENT00255,CRS039911,Corporate Training Batch 1948,USR034518,2026-01-02,2026-01-16,Offline,358,63,68,63,Completed
BAT001949,ENT00153,CRS018466,Corporate Training Batch 1949,USR038013,2026-02-12,2026-02-26,Online,338,86,93,98,Planned
BAT001950,ENT00360,CRS034202,Corporate Training Batch 1950,USR031483,2026-04-15,2026-06-14,Online,139,72,50,62,On Hold
BAT001951,ENT00221,CRS040613,Corporate Training Batch 1951,USR017111,2025-12-15,2026-02-13,Hybrid,32,65,85,30,Running
BAT001952,ENT00133,CRS048095,Corporate Training Batch 1952,USR040086,2026-01-17,2026-02-16,Offline,408,62,37,39,Running
BAT001953,ENT00292,CRS027368,Corporate Training Batch 1953,USR038511,2026-05-04,2026-05-18,Offline,491,76,36,47,Completed
BAT001954,ENT00500,CRS008078,Corporate Training Batch 1954,USR042556,2025-12-18,2026-03-18,Hybrid,226,97,36,53,Running
BAT001955,ENT00386,CRS003430,Corporate Training Batch 1955,USR045910,2026-04-25,2026-06-09,Online,246,67,22,74,On Hold
BAT001956,ENT00365,CRS040403,Corporate Training Batch 1956,USR032411,2026-05-07,2026-06-21,Hybrid,96,61,24,53,Running
BAT001957,ENT00190,CRS015996,Corporate Training Batch 1957,USR031159,2026-05-05,2026-07-04,Hybrid,135,93,44,51,Running
BAT001958,ENT00114,CRS026531,Corporate Training Batch 1958,USR012209,2026-01-24,2026-03-25,Online,51,85,85,54,On Hold
BAT001959,ENT00165,CRS020667,Corporate Training Batch 1959,USR037352,2026-04-25,2026-07-24,Hybrid,151,100,32,70,On Hold
BAT001960,ENT00091,CRS038983,Corporate Training Batch 1960,USR013426,2026-04-22,2026-05-06,Online,155,67,92,77,On Hold
BAT001961,ENT00349,CRS007739,Corporate Training Batch 1961,USR047881,2026-04-14,2026-06-13,Hybrid,456,88,40,66,On Hold
BAT001962,ENT00259,CRS002318,Corporate Training Batch 1962,USR033170,2025-12-01,2026-01-15,Online,61,73,30,94,Completed
BAT001963,ENT00318,CRS027613,Corporate Training Batch 1963,USR049330,2026-03-15,2026-03-29,Offline,191,65,43,60,On Hold
BAT001964,ENT00171,CRS041891,Corporate Training Batch 1964,USR038523,2026-03-09,2026-04-23,Offline,33,99,59,59,Planned
BAT001965,ENT00425,CRS021974,Corporate Training Batch 1965,USR012397,2026-05-05,2026-07-04,Hybrid,468,87,33,33,On Hold
BAT001966,ENT00252,CRS025797,Corporate Training Batch 1966,USR033708,2025-11-22,2025-11-29,Offline,346,61,20,85,Completed
BAT001967,ENT00107,CRS022899,Corporate Training Batch 1967,USR027106,2026-02-05,2026-03-22,Offline,326,81,84,82,Planned
BAT001968,ENT00111,CRS037558,Corporate Training Batch 1968,USR034819,2025-12-20,2026-02-03,Hybrid,187,91,41,34,Completed
BAT001969,ENT00422,CRS042449,Corporate Training Batch 1969,USR008684,2026-02-11,2026-02-25,Online,337,61,26,72,Planned
BAT001970,ENT00236,CRS036717,Corporate Training Batch 1970,USR010919,2026-02-14,2026-04-15,Online,282,60,21,80,Planned
BAT001971,ENT00069,CRS037106,Corporate Training Batch 1971,USR042211,2025-12-23,2026-02-06,Hybrid,310,82,84,54,Running
BAT001972,ENT00333,CRS007207,Corporate Training Batch 1972,USR038090,2025-12-20,2026-03-20,Offline,290,91,34,70,Completed
BAT001973,ENT00339,CRS008850,Corporate Training Batch 1973,USR037395,2025-12-06,2026-02-04,Hybrid,234,75,44,26,Planned
BAT001974,ENT00387,CRS033618,Corporate Training Batch 1974,USR034327,2026-01-27,2026-04-27,Hybrid,206,87,91,99,Planned
BAT001975,ENT00015,CRS033282,Corporate Training Batch 1975,USR034746,2026-03-25,2026-04-24,Hybrid,477,78,91,73,Completed
BAT001976,ENT00056,CRS029502,Corporate Training Batch 1976,USR008024,2026-02-24,2026-04-25,Hybrid,479,81,72,42,On Hold
BAT001977,ENT00198,CRS046325,Corporate Training Batch 1977,USR045672,2026-04-30,2026-06-29,Hybrid,214,70,89,23,Planned
BAT001978,ENT00136,CRS023531,Corporate Training Batch 1978,USR028238,2025-11-17,2025-12-01,Hybrid,370,84,100,26,Planned
BAT001979,ENT00171,CRS041924,Corporate Training Batch 1979,USR031081,2026-03-27,2026-05-26,Offline,125,57,48,57,Planned
BAT001980,ENT00035,CRS036182,Corporate Training Batch 1980,USR021272,2025-12-06,2025-12-20,Offline,114,75,81,81,Running
BAT001981,ENT00455,CRS049597,Corporate Training Batch 1981,USR018997,2026-04-11,2026-05-26,Hybrid,35,88,36,29,Planned
BAT001982,ENT00308,CRS026256,Corporate Training Batch 1982,USR030447,2026-04-30,2026-05-30,Online,339,91,36,49,On Hold
BAT001983,ENT00133,CRS029416,Corporate Training Batch 1983,USR017183,2026-05-07,2026-08-05,Online,487,97,63,52,Completed
BAT001984,ENT00204,CRS035028,Corporate Training Batch 1984,USR048586,2025-12-08,2026-02-06,Hybrid,194,68,77,57,On Hold
BAT001985,ENT00401,CRS034102,Corporate Training Batch 1985,USR015221,2025-12-10,2026-03-10,Hybrid,232,78,20,100,On Hold
BAT001986,ENT00474,CRS025282,Corporate Training Batch 1986,USR037652,2026-02-26,2026-04-27,Online,368,67,74,33,On Hold
BAT001987,ENT00200,CRS018613,Corporate Training Batch 1987,USR047032,2026-01-11,2026-01-25,Hybrid,442,97,34,75,On Hold
BAT001988,ENT00195,CRS046975,Corporate Training Batch 1988,USR044888,2025-11-23,2026-01-22,Hybrid,107,92,64,35,On Hold
BAT001989,ENT00063,CRS014146,Corporate Training Batch 1989,USR019746,2026-05-05,2026-05-19,Online,95,85,95,49,Completed
BAT001990,ENT00392,CRS015145,Corporate Training Batch 1990,USR046485,2026-01-22,2026-03-23,Hybrid,185,68,56,77,Planned
BAT001991,ENT00124,CRS022599,Corporate Training Batch 1991,USR002669,2025-12-25,2026-03-25,Online,110,59,59,64,On Hold
BAT001992,ENT00334,CRS028822,Corporate Training Batch 1992,USR041239,2026-03-30,2026-05-14,Hybrid,84,64,54,76,Planned
BAT001993,ENT00320,CRS024543,Corporate Training Batch 1993,USR044297,2026-04-16,2026-04-30,Online,104,79,70,80,Running
BAT001994,ENT00269,CRS038732,Corporate Training Batch 1994,USR002179,2026-05-04,2026-05-11,Offline,306,61,82,48,On Hold
BAT001995,ENT00308,CRS043245,Corporate Training Batch 1995,USR039991,2026-04-23,2026-07-22,Hybrid,119,66,29,49,Planned
BAT001996,ENT00273,CRS006556,Corporate Training Batch 1996,USR048187,2026-03-04,2026-03-11,Offline,71,80,96,25,Running
BAT001997,ENT00340,CRS013294,Corporate Training Batch 1997,USR030129,2026-02-08,2026-05-09,Offline,103,93,52,67,Completed
BAT001998,ENT00329,CRS014337,Corporate Training Batch 1998,USR047428,2026-04-04,2026-05-04,Online,283,82,87,27,Planned
BAT001999,ENT00074,CRS006361,Corporate Training Batch 1999,USR008417,2026-04-12,2026-04-19,Offline,376,91,27,25,Running
BAT002000,ENT00120,CRS005949,Corporate Training Batch 2000,USR041652,2026-02-19,2026-03-05,Hybrid,156,72,94,43,Completed
BAT002001,ENT00217,CRS029546,Corporate Training Batch 2001,USR047951,2026-01-08,2026-02-22,Online,289,99,48,53,Completed
BAT002002,ENT00394,CRS037085,Corporate Training Batch 2002,USR038185,2026-04-24,2026-05-01,Hybrid,208,86,81,76,Planned
BAT002003,ENT00100,CRS005540,Corporate Training Batch 2003,USR014362,2026-02-04,2026-04-05,Hybrid,45,99,27,37,Planned
BAT002004,ENT00433,CRS006477,Corporate Training Batch 2004,USR043311,2026-04-22,2026-06-21,Online,451,62,44,76,Planned
BAT002005,ENT00498,CRS005199,Corporate Training Batch 2005,USR002855,2026-01-27,2026-02-10,Hybrid,142,97,69,29,On Hold
BAT002006,ENT00207,CRS014441,Corporate Training Batch 2006,USR021037,2026-03-01,2026-03-08,Hybrid,130,66,41,38,Completed
BAT002007,ENT00424,CRS036231,Corporate Training Batch 2007,USR034043,2026-02-11,2026-04-12,Online,173,91,78,64,Completed
BAT002008,ENT00337,CRS030958,Corporate Training Batch 2008,USR043885,2026-01-13,2026-02-12,Hybrid,435,75,93,51,On Hold
BAT002009,ENT00450,CRS012236,Corporate Training Batch 2009,USR023198,2025-12-13,2026-01-27,Offline,46,59,61,99,On Hold
BAT002010,ENT00183,CRS029331,Corporate Training Batch 2010,USR049672,2026-02-21,2026-03-23,Offline,283,69,80,67,Planned
BAT002011,ENT00149,CRS044207,Corporate Training Batch 2011,USR027594,2026-02-23,2026-04-24,Hybrid,414,77,68,36,Planned
BAT002012,ENT00107,CRS010646,Corporate Training Batch 2012,USR007963,2026-01-26,2026-04-26,Online,257,87,42,88,Planned
BAT002013,ENT00258,CRS020372,Corporate Training Batch 2013,USR017496,2026-02-25,2026-04-11,Offline,305,85,56,95,Running
BAT002014,ENT00263,CRS023653,Corporate Training Batch 2014,USR026983,2026-04-14,2026-05-29,Online,227,93,33,80,On Hold
BAT002015,ENT00243,CRS021376,Corporate Training Batch 2015,USR037293,2026-02-17,2026-03-03,Hybrid,496,89,79,60,On Hold
BAT002016,ENT00297,CRS002794,Corporate Training Batch 2016,USR024577,2026-01-18,2026-04-18,Offline,424,94,88,69,Running
BAT002017,ENT00184,CRS034794,Corporate Training Batch 2017,USR048614,2026-01-02,2026-02-01,Online,75,100,50,55,On Hold
BAT002018,ENT00346,CRS001578,Corporate Training Batch 2018,USR038366,2026-02-05,2026-03-07,Hybrid,459,57,25,54,Running
BAT002019,ENT00234,CRS028223,Corporate Training Batch 2019,USR037229,2026-04-07,2026-07-06,Online,340,68,97,93,Running
BAT002020,ENT00494,CRS048627,Corporate Training Batch 2020,USR037940,2025-11-22,2025-11-29,Hybrid,51,94,64,51,Completed
BAT002021,ENT00426,CRS005587,Corporate Training Batch 2021,USR019906,2026-04-23,2026-05-07,Hybrid,138,60,89,58,On Hold
BAT002022,ENT00186,CRS034855,Corporate Training Batch 2022,USR026038,2026-02-25,2026-03-11,Online,483,61,75,98,Running
BAT002023,ENT00095,CRS029261,Corporate Training Batch 2023,USR008427,2026-05-02,2026-07-31,Offline,370,76,88,64,On Hold
BAT002024,ENT00022,CRS018593,Corporate Training Batch 2024,USR002883,2026-03-15,2026-03-22,Hybrid,444,64,30,94,On Hold
BAT002025,ENT00147,CRS026285,Corporate Training Batch 2025,USR015384,2026-01-15,2026-03-01,Online,124,70,49,97,Planned
BAT002026,ENT00402,CRS034587,Corporate Training Batch 2026,USR049314,2026-02-23,2026-03-09,Online,364,98,25,61,Completed
BAT002027,ENT00040,CRS004343,Corporate Training Batch 2027,USR036430,2026-02-18,2026-05-19,Hybrid,63,57,39,28,Planned
BAT002028,ENT00450,CRS028137,Corporate Training Batch 2028,USR021658,2026-02-09,2026-05-10,Hybrid,471,78,54,35,On Hold
BAT002029,ENT00337,CRS014314,Corporate Training Batch 2029,USR032168,2026-02-15,2026-03-01,Hybrid,489,72,32,31,Planned
BAT002030,ENT00437,CRS011083,Corporate Training Batch 2030,USR023455,2026-04-22,2026-06-06,Offline,467,95,87,52,Completed
BAT002031,ENT00420,CRS043084,Corporate Training Batch 2031,USR005321,2025-12-24,2025-12-31,Hybrid,328,73,42,46,Completed
BAT002032,ENT00457,CRS020840,Corporate Training Batch 2032,USR029135,2026-03-29,2026-04-12,Online,201,60,25,50,Planned
BAT002033,ENT00406,CRS041778,Corporate Training Batch 2033,USR031915,2026-05-08,2026-06-07,Offline,127,60,78,88,Planned
BAT002034,ENT00321,CRS034753,Corporate Training Batch 2034,USR009036,2026-01-20,2026-02-03,Hybrid,258,90,73,49,Running
BAT002035,ENT00235,CRS015913,Corporate Training Batch 2035,USR037190,2026-04-05,2026-06-04,Online,240,77,21,98,Completed
BAT002036,ENT00096,CRS043527,Corporate Training Batch 2036,USR003469,2026-03-04,2026-06-02,Online,419,65,55,74,On Hold
BAT002037,ENT00421,CRS010059,Corporate Training Batch 2037,USR015565,2026-02-15,2026-04-01,Online,381,88,64,90,Planned
BAT002038,ENT00404,CRS045055,Corporate Training Batch 2038,USR049942,2026-03-04,2026-05-03,Offline,431,80,66,58,Completed
BAT002039,ENT00014,CRS014502,Corporate Training Batch 2039,USR002412,2026-02-02,2026-02-16,Online,166,84,69,53,Running
BAT002040,ENT00162,CRS001194,Corporate Training Batch 2040,USR028733,2026-05-06,2026-05-13,Hybrid,96,86,65,29,Running
BAT002041,ENT00465,CRS006288,Corporate Training Batch 2041,USR012585,2026-02-02,2026-03-04,Hybrid,472,100,53,37,Running
BAT002042,ENT00320,CRS028008,Corporate Training Batch 2042,USR004312,2025-12-21,2026-02-19,Hybrid,373,81,97,33,Planned
BAT002043,ENT00081,CRS037991,Corporate Training Batch 2043,USR010667,2026-03-06,2026-03-20,Hybrid,40,90,80,81,Completed
BAT002044,ENT00446,CRS044852,Corporate Training Batch 2044,USR021617,2026-04-17,2026-05-01,Online,386,81,43,78,Completed
BAT002045,ENT00162,CRS044673,Corporate Training Batch 2045,USR000646,2025-11-29,2026-02-27,Online,485,90,59,60,Planned
BAT002046,ENT00381,CRS036979,Corporate Training Batch 2046,USR020431,2026-04-03,2026-07-02,Offline,243,59,25,58,On Hold
BAT002047,ENT00228,CRS012251,Corporate Training Batch 2047,USR035713,2026-04-11,2026-05-11,Online,65,76,99,69,Completed
BAT002048,ENT00212,CRS012322,Corporate Training Batch 2048,USR031778,2026-05-08,2026-05-22,Hybrid,93,98,78,54,Running
BAT002049,ENT00158,CRS025286,Corporate Training Batch 2049,USR009743,2025-12-23,2026-02-06,Online,292,65,93,83,Running
BAT002050,ENT00410,CRS005188,Corporate Training Batch 2050,USR037953,2026-04-27,2026-06-26,Online,236,65,93,87,Completed
BAT002051,ENT00283,CRS014461,Corporate Training Batch 2051,USR014663,2026-01-03,2026-02-02,Offline,167,77,63,55,On Hold
BAT002052,ENT00119,CRS014507,Corporate Training Batch 2052,USR005767,2026-03-10,2026-06-08,Hybrid,407,99,49,50,On Hold
BAT002053,ENT00035,CRS014468,Corporate Training Batch 2053,USR029226,2026-02-05,2026-04-06,Online,389,79,90,84,Planned
BAT002054,ENT00158,CRS025954,Corporate Training Batch 2054,USR005153,2025-12-27,2026-01-26,Online,310,80,73,77,Planned
BAT002055,ENT00037,CRS022733,Corporate Training Batch 2055,USR015196,2026-03-02,2026-04-16,Offline,379,55,74,39,Planned
BAT002056,ENT00062,CRS036295,Corporate Training Batch 2056,USR025742,2026-03-20,2026-04-03,Hybrid,191,98,96,44,Planned
BAT002057,ENT00362,CRS033134,Corporate Training Batch 2057,USR000387,2025-12-28,2026-03-28,Hybrid,418,74,20,82,On Hold
BAT002058,ENT00097,CRS032348,Corporate Training Batch 2058,USR000998,2025-12-21,2026-01-04,Hybrid,261,78,98,56,Running
BAT002059,ENT00466,CRS045673,Corporate Training Batch 2059,USR007042,2026-04-06,2026-07-05,Hybrid,417,90,100,60,Planned
BAT002060,ENT00348,CRS014649,Corporate Training Batch 2060,USR012068,2026-03-15,2026-06-13,Online,305,74,61,79,Planned
BAT002061,ENT00284,CRS000965,Corporate Training Batch 2061,USR005014,2026-03-12,2026-04-26,Offline,225,72,63,99,Planned
BAT002062,ENT00204,CRS039750,Corporate Training Batch 2062,USR037529,2026-04-09,2026-07-08,Online,31,70,52,52,Planned
BAT002063,ENT00342,CRS023502,Corporate Training Batch 2063,USR037036,2026-01-07,2026-01-14,Online,276,97,79,44,Running
BAT002064,ENT00183,CRS041066,Corporate Training Batch 2064,USR023678,2025-12-25,2026-01-01,Hybrid,236,65,87,69,Running
BAT002065,ENT00037,CRS037859,Corporate Training Batch 2065,USR000316,2026-02-01,2026-04-02,Hybrid,82,60,85,21,Planned
BAT002066,ENT00150,CRS042173,Corporate Training Batch 2066,USR000073,2026-04-20,2026-06-04,Hybrid,10,87,96,79,Planned
BAT002067,ENT00059,CRS018741,Corporate Training Batch 2067,USR014563,2026-03-05,2026-03-12,Offline,469,88,83,70,Planned
BAT002068,ENT00457,CRS042264,Corporate Training Batch 2068,USR008353,2026-02-05,2026-02-19,Online,81,80,54,41,Completed
BAT002069,ENT00128,CRS005372,Corporate Training Batch 2069,USR015946,2025-12-08,2025-12-22,Online,449,79,26,54,Planned
BAT002070,ENT00045,CRS042606,Corporate Training Batch 2070,USR031484,2026-05-10,2026-06-09,Hybrid,229,97,26,80,Running
BAT002071,ENT00432,CRS001862,Corporate Training Batch 2071,USR007476,2026-04-30,2026-07-29,Online,396,97,93,66,On Hold
BAT002072,ENT00387,CRS042410,Corporate Training Batch 2072,USR043031,2026-04-04,2026-04-18,Offline,499,99,29,62,Completed
BAT002073,ENT00145,CRS037862,Corporate Training Batch 2073,USR012834,2026-04-14,2026-07-13,Offline,62,93,51,39,Planned
BAT002074,ENT00185,CRS024420,Corporate Training Batch 2074,USR014815,2026-05-11,2026-06-10,Offline,333,57,94,69,Completed
BAT002075,ENT00281,CRS039520,Corporate Training Batch 2075,USR037303,2026-02-22,2026-03-08,Hybrid,444,65,32,40,On Hold
BAT002076,ENT00361,CRS036912,Corporate Training Batch 2076,USR003009,2026-04-28,2026-05-12,Offline,85,73,53,91,On Hold
BAT002077,ENT00114,CRS002504,Corporate Training Batch 2077,USR048780,2026-03-21,2026-04-04,Online,325,78,37,57,Completed
BAT002078,ENT00348,CRS007070,Corporate Training Batch 2078,USR028443,2026-02-01,2026-04-02,Offline,310,86,79,35,Running
BAT002079,ENT00170,CRS025406,Corporate Training Batch 2079,USR039582,2026-03-29,2026-06-27,Offline,271,81,94,66,Planned
BAT002080,ENT00096,CRS025715,Corporate Training Batch 2080,USR013983,2026-01-23,2026-03-24,Hybrid,235,86,90,88,Planned
BAT002081,ENT00495,CRS037465,Corporate Training Batch 2081,USR025060,2026-02-02,2026-02-16,Offline,246,62,30,88,Completed
BAT002082,ENT00241,CRS026181,Corporate Training Batch 2082,USR028798,2025-12-23,2026-01-22,Offline,128,75,43,48,Completed
BAT002083,ENT00320,CRS029484,Corporate Training Batch 2083,USR043091,2026-03-18,2026-04-01,Hybrid,479,89,68,57,Planned
BAT002084,ENT00297,CRS047666,Corporate Training Batch 2084,USR017183,2026-01-12,2026-01-19,Hybrid,339,66,81,38,Completed
BAT002085,ENT00382,CRS006281,Corporate Training Batch 2085,USR002189,2026-01-17,2026-02-16,Offline,351,88,38,28,Planned
BAT002086,ENT00091,CRS021908,Corporate Training Batch 2086,USR000340,2025-11-21,2025-12-21,Online,433,80,68,49,Running
BAT002087,ENT00274,CRS010877,Corporate Training Batch 2087,USR020065,2026-02-27,2026-04-13,Offline,335,74,61,40,On Hold
BAT002088,ENT00059,CRS041400,Corporate Training Batch 2088,USR039420,2026-01-04,2026-02-18,Online,136,56,50,27,Running
BAT002089,ENT00119,CRS030360,Corporate Training Batch 2089,USR021772,2026-02-27,2026-04-28,Online,437,68,76,21,Planned
BAT002090,ENT00133,CRS014157,Corporate Training Batch 2090,USR038611,2025-12-14,2025-12-21,Online,420,86,74,23,On Hold
BAT002091,ENT00487,CRS042647,Corporate Training Batch 2091,USR047710,2026-02-23,2026-03-25,Online,47,72,95,53,Completed
BAT002092,ENT00375,CRS049756,Corporate Training Batch 2092,USR012612,2026-03-11,2026-04-10,Online,375,55,96,89,Planned
BAT002093,ENT00391,CRS011697,Corporate Training Batch 2093,USR005515,2026-01-08,2026-03-09,Hybrid,38,60,74,56,Planned
BAT002094,ENT00338,CRS021826,Corporate Training Batch 2094,USR026463,2025-12-15,2025-12-22,Offline,88,100,61,63,Planned
BAT002095,ENT00134,CRS043486,Corporate Training Batch 2095,USR043032,2026-05-13,2026-08-11,Offline,366,70,81,80,Completed
BAT002096,ENT00374,CRS015749,Corporate Training Batch 2096,USR023166,2025-11-19,2026-01-18,Online,168,66,33,89,On Hold
BAT002097,ENT00477,CRS037147,Corporate Training Batch 2097,USR007049,2025-12-06,2025-12-20,Hybrid,108,98,79,46,On Hold
BAT002098,ENT00372,CRS044812,Corporate Training Batch 2098,USR040305,2026-01-28,2026-02-11,Hybrid,199,73,93,85,Completed
BAT002099,ENT00420,CRS040214,Corporate Training Batch 2099,USR009912,2026-03-02,2026-03-16,Online,497,73,30,95,Completed
BAT002100,ENT00300,CRS037845,Corporate Training Batch 2100,USR040541,2026-02-04,2026-03-21,Hybrid,200,79,63,28,Running
BAT002101,ENT00065,CRS048806,Corporate Training Batch 2101,USR047468,2026-02-20,2026-03-06,Offline,24,96,76,55,Planned
BAT002102,ENT00461,CRS049143,Corporate Training Batch 2102,USR042473,2026-04-05,2026-05-20,Offline,312,79,67,95,On Hold
BAT002103,ENT00159,CRS017557,Corporate Training Batch 2103,USR031855,2026-01-14,2026-02-13,Hybrid,50,68,41,76,Planned
BAT002104,ENT00064,CRS023439,Corporate Training Batch 2104,USR042469,2026-02-09,2026-04-10,Offline,190,81,64,79,On Hold
BAT002105,ENT00274,CRS038160,Corporate Training Batch 2105,USR017567,2026-04-26,2026-05-26,Offline,196,96,75,31,On Hold
BAT002106,ENT00303,CRS001243,Corporate Training Batch 2106,USR040451,2026-02-07,2026-03-09,Online,72,64,32,85,Completed
BAT002107,ENT00382,CRS047075,Corporate Training Batch 2107,USR045561,2026-04-25,2026-05-02,Hybrid,350,60,21,22,On Hold
BAT002108,ENT00007,CRS014903,Corporate Training Batch 2108,USR009337,2026-01-08,2026-01-22,Offline,369,93,73,94,On Hold
BAT002109,ENT00249,CRS038319,Corporate Training Batch 2109,USR033615,2026-02-16,2026-04-02,Offline,453,95,32,77,Completed
BAT002110,ENT00271,CRS031824,Corporate Training Batch 2110,USR027392,2025-12-23,2026-02-21,Online,104,59,88,86,On Hold
BAT002111,ENT00330,CRS000410,Corporate Training Batch 2111,USR014571,2026-03-25,2026-04-08,Online,62,75,83,22,Running
BAT002112,ENT00328,CRS025489,Corporate Training Batch 2112,USR048818,2026-03-22,2026-04-21,Hybrid,194,65,77,68,Running
BAT002113,ENT00273,CRS033350,Corporate Training Batch 2113,USR046114,2026-03-17,2026-05-16,Offline,222,69,49,45,Completed
BAT002114,ENT00100,CRS021728,Corporate Training Batch 2114,USR013192,2025-12-31,2026-01-07,Online,291,88,42,65,Planned
BAT002115,ENT00291,CRS033923,Corporate Training Batch 2115,USR030571,2026-04-27,2026-06-11,Offline,274,80,96,30,On Hold
BAT002116,ENT00296,CRS001451,Corporate Training Batch 2116,USR017986,2026-02-16,2026-04-17,Hybrid,239,67,29,100,On Hold
BAT002117,ENT00495,CRS022459,Corporate Training Batch 2117,USR012512,2026-04-24,2026-05-01,Offline,369,63,66,57,Completed
BAT002118,ENT00060,CRS048149,Corporate Training Batch 2118,USR036047,2026-02-23,2026-03-25,Offline,313,65,76,67,Running
BAT002119,ENT00248,CRS018162,Corporate Training Batch 2119,USR002333,2026-03-24,2026-04-23,Hybrid,41,78,80,68,Planned
BAT002120,ENT00490,CRS037733,Corporate Training Batch 2120,USR041374,2026-05-09,2026-07-08,Online,456,87,24,90,Completed
BAT002121,ENT00369,CRS049663,Corporate Training Batch 2121,USR015386,2026-03-03,2026-04-02,Online,187,67,75,27,Completed
BAT002122,ENT00326,CRS020753,Corporate Training Batch 2122,USR010317,2026-02-03,2026-03-20,Online,25,81,78,69,Planned
BAT002123,ENT00154,CRS010508,Corporate Training Batch 2123,USR034749,2026-03-05,2026-06-03,Offline,63,74,25,44,Planned
BAT002124,ENT00232,CRS021287,Corporate Training Batch 2124,USR041170,2026-02-10,2026-04-11,Online,415,100,36,79,On Hold
BAT002125,ENT00020,CRS031381,Corporate Training Batch 2125,USR039189,2026-01-06,2026-04-06,Hybrid,463,92,76,92,Planned
BAT002126,ENT00417,CRS035022,Corporate Training Batch 2126,USR007221,2025-12-10,2025-12-24,Offline,278,58,36,35,Running
BAT002127,ENT00057,CRS011393,Corporate Training Batch 2127,USR038844,2026-04-28,2026-07-27,Hybrid,92,58,42,59,Planned
BAT002128,ENT00048,CRS009881,Corporate Training Batch 2128,USR028939,2025-11-25,2025-12-02,Hybrid,456,78,88,27,Planned
BAT002129,ENT00248,CRS005437,Corporate Training Batch 2129,USR008891,2026-03-10,2026-06-08,Online,184,75,26,89,Completed
BAT002130,ENT00166,CRS007671,Corporate Training Batch 2130,USR024122,2026-01-10,2026-01-24,Offline,439,56,82,44,On Hold
BAT002131,ENT00083,CRS022006,Corporate Training Batch 2131,USR002812,2025-12-23,2026-03-23,Offline,124,78,99,79,On Hold
BAT002132,ENT00349,CRS022245,Corporate Training Batch 2132,USR024332,2026-02-16,2026-02-23,Offline,172,75,92,69,Planned
BAT002133,ENT00187,CRS028151,Corporate Training Batch 2133,USR000886,2026-04-04,2026-04-11,Offline,235,82,95,81,Planned
BAT002134,ENT00114,CRS010289,Corporate Training Batch 2134,USR025014,2026-02-24,2026-04-25,Hybrid,35,55,35,88,Running
BAT002135,ENT00433,CRS000500,Corporate Training Batch 2135,USR021813,2025-12-10,2025-12-24,Hybrid,306,77,88,96,On Hold
BAT002136,ENT00115,CRS026010,Corporate Training Batch 2136,USR042178,2026-04-13,2026-05-28,Offline,496,66,90,27,Completed
BAT002137,ENT00277,CRS009473,Corporate Training Batch 2137,USR019486,2026-02-05,2026-04-06,Offline,489,66,33,35,On Hold
BAT002138,ENT00101,CRS019954,Corporate Training Batch 2138,USR037034,2026-02-12,2026-03-29,Online,344,93,30,93,Planned
BAT002139,ENT00352,CRS014293,Corporate Training Batch 2139,USR004883,2026-05-12,2026-06-11,Offline,116,98,73,88,On Hold
BAT002140,ENT00472,CRS041576,Corporate Training Batch 2140,USR044089,2026-02-09,2026-05-10,Online,222,61,46,78,Planned
BAT002141,ENT00234,CRS041604,Corporate Training Batch 2141,USR008822,2026-04-15,2026-06-14,Online,371,60,84,69,On Hold
BAT002142,ENT00027,CRS009960,Corporate Training Batch 2142,USR037948,2026-01-13,2026-02-12,Online,14,62,51,40,Planned
BAT002143,ENT00003,CRS044257,Corporate Training Batch 2143,USR009452,2026-03-16,2026-03-30,Online,27,57,75,76,On Hold
BAT002144,ENT00092,CRS019777,Corporate Training Batch 2144,USR032852,2025-12-30,2026-01-29,Offline,229,83,78,38,On Hold
BAT002145,ENT00458,CRS034813,Corporate Training Batch 2145,USR009248,2026-03-17,2026-05-16,Hybrid,244,97,41,41,Running
BAT002146,ENT00408,CRS046633,Corporate Training Batch 2146,USR043494,2026-01-27,2026-03-28,Offline,89,68,80,76,On Hold
BAT002147,ENT00428,CRS023116,Corporate Training Batch 2147,USR038494,2025-11-22,2025-12-22,Online,96,87,25,47,Completed
BAT002148,ENT00205,CRS027487,Corporate Training Batch 2148,USR013414,2025-12-13,2026-01-12,Offline,336,88,60,56,On Hold
BAT002149,ENT00149,CRS027882,Corporate Training Batch 2149,USR000985,2026-04-06,2026-05-21,Hybrid,236,80,72,34,On Hold
BAT002150,ENT00266,CRS014648,Corporate Training Batch 2150,USR015028,2026-02-04,2026-03-21,Offline,165,74,60,60,Planned
BAT002151,ENT00082,CRS015721,Corporate Training Batch 2151,USR004110,2026-04-22,2026-06-06,Online,154,66,55,71,Running
BAT002152,ENT00157,CRS001867,Corporate Training Batch 2152,USR033019,2026-03-21,2026-06-19,Online,115,83,53,48,Running
BAT002153,ENT00395,CRS003059,Corporate Training Batch 2153,USR030734,2026-02-20,2026-05-21,Online,230,96,89,43,Running
BAT002154,ENT00312,CRS029669,Corporate Training Batch 2154,USR027153,2026-04-21,2026-04-28,Online,374,75,82,44,Running
BAT002155,ENT00314,CRS006358,Corporate Training Batch 2155,USR028804,2025-11-26,2025-12-26,Online,395,87,93,54,Running
BAT002156,ENT00440,CRS015806,Corporate Training Batch 2156,USR014976,2026-03-28,2026-04-11,Offline,446,78,37,87,Completed
BAT002157,ENT00079,CRS007305,Corporate Training Batch 2157,USR044386,2026-04-21,2026-04-28,Offline,13,92,81,23,On Hold
BAT002158,ENT00201,CRS028200,Corporate Training Batch 2158,USR041505,2025-11-23,2026-01-07,Online,450,57,41,63,Completed
BAT002159,ENT00130,CRS036792,Corporate Training Batch 2159,USR019840,2025-11-30,2025-12-14,Offline,442,70,31,84,Completed
BAT002160,ENT00438,CRS026239,Corporate Training Batch 2160,USR018500,2025-11-30,2025-12-14,Offline,196,72,56,52,Completed
BAT002161,ENT00208,CRS020766,Corporate Training Batch 2161,USR025833,2025-11-22,2025-11-29,Online,39,82,88,87,Running
BAT002162,ENT00252,CRS039593,Corporate Training Batch 2162,USR024927,2026-02-08,2026-02-22,Hybrid,471,81,78,81,Planned
BAT002163,ENT00228,CRS004983,Corporate Training Batch 2163,USR048809,2026-03-17,2026-04-16,Offline,281,80,55,52,Planned
BAT002164,ENT00253,CRS009485,Corporate Training Batch 2164,USR007845,2025-12-18,2026-01-01,Offline,186,65,23,95,Completed
BAT002165,ENT00458,CRS029843,Corporate Training Batch 2165,USR012225,2026-01-13,2026-01-27,Hybrid,19,100,48,87,Planned
BAT002166,ENT00136,CRS034368,Corporate Training Batch 2166,USR003005,2026-01-22,2026-04-22,Offline,254,90,60,100,Completed
BAT002167,ENT00029,CRS015560,Corporate Training Batch 2167,USR025370,2026-03-08,2026-06-06,Hybrid,139,82,56,69,On Hold
BAT002168,ENT00458,CRS044959,Corporate Training Batch 2168,USR045973,2026-02-23,2026-05-24,Hybrid,261,73,75,81,Planned
BAT002169,ENT00077,CRS028630,Corporate Training Batch 2169,USR021867,2026-03-13,2026-03-20,Offline,197,66,50,43,Planned
BAT002170,ENT00395,CRS036890,Corporate Training Batch 2170,USR040466,2025-12-26,2026-02-24,Offline,16,62,60,99,Completed
BAT002171,ENT00379,CRS030197,Corporate Training Batch 2171,USR020312,2026-01-06,2026-04-06,Online,378,57,30,51,Running
BAT002172,ENT00017,CRS022748,Corporate Training Batch 2172,USR028577,2025-12-09,2025-12-16,Offline,373,69,32,37,Planned
BAT002173,ENT00465,CRS045411,Corporate Training Batch 2173,USR012661,2026-02-08,2026-03-25,Hybrid,263,58,65,32,Completed
BAT002174,ENT00256,CRS039469,Corporate Training Batch 2174,USR025251,2026-05-06,2026-05-13,Online,48,62,80,30,On Hold
BAT002175,ENT00274,CRS019129,Corporate Training Batch 2175,USR032539,2026-02-05,2026-03-22,Offline,140,90,68,48,On Hold
BAT002176,ENT00145,CRS028709,Corporate Training Batch 2176,USR030078,2025-11-19,2025-11-26,Hybrid,425,69,45,63,Completed
BAT002177,ENT00030,CRS001573,Corporate Training Batch 2177,USR013144,2026-04-30,2026-07-29,Hybrid,240,85,83,82,On Hold
BAT002178,ENT00424,CRS004434,Corporate Training Batch 2178,USR003141,2026-01-07,2026-02-06,Offline,411,63,77,23,On Hold
BAT002179,ENT00081,CRS026064,Corporate Training Batch 2179,USR020771,2025-12-01,2025-12-08,Offline,424,98,75,79,Running
BAT002180,ENT00135,CRS037762,Corporate Training Batch 2180,USR034412,2025-12-02,2025-12-09,Hybrid,487,71,98,28,Running
BAT002181,ENT00492,CRS044524,Corporate Training Batch 2181,USR011667,2026-03-18,2026-04-17,Offline,32,56,28,67,On Hold
BAT002182,ENT00487,CRS030350,Corporate Training Batch 2182,USR008037,2025-12-07,2026-02-05,Offline,450,97,28,81,Running
BAT002183,ENT00161,CRS035678,Corporate Training Batch 2183,USR006227,2026-02-25,2026-05-26,Offline,70,85,70,100,Running
BAT002184,ENT00321,CRS048769,Corporate Training Batch 2184,USR012120,2026-05-13,2026-07-12,Online,216,88,83,92,Running
BAT002185,ENT00167,CRS002228,Corporate Training Batch 2185,USR004802,2025-12-11,2025-12-18,Hybrid,351,79,54,50,Completed
BAT002186,ENT00069,CRS019153,Corporate Training Batch 2186,USR021063,2025-11-26,2026-01-25,Hybrid,303,74,100,62,Planned
BAT002187,ENT00031,CRS015474,Corporate Training Batch 2187,USR023957,2025-12-21,2026-03-21,Offline,439,68,64,97,On Hold
BAT002188,ENT00088,CRS048206,Corporate Training Batch 2188,USR046642,2025-12-20,2025-12-27,Hybrid,277,92,30,67,Running
BAT002189,ENT00335,CRS034793,Corporate Training Batch 2189,USR048131,2026-04-07,2026-05-22,Online,139,84,66,84,Running
BAT002190,ENT00006,CRS023540,Corporate Training Batch 2190,USR027809,2025-12-28,2026-02-26,Online,151,66,96,27,On Hold
BAT002191,ENT00311,CRS038119,Corporate Training Batch 2191,USR014988,2026-02-27,2026-03-29,Online,466,63,38,78,On Hold
BAT002192,ENT00350,CRS029225,Corporate Training Batch 2192,USR042284,2026-02-17,2026-03-03,Online,187,57,47,89,Completed
BAT002193,ENT00031,CRS017512,Corporate Training Batch 2193,USR033034,2025-12-02,2025-12-16,Offline,60,68,29,26,Completed
BAT002194,ENT00235,CRS047646,Corporate Training Batch 2194,USR026967,2025-11-16,2026-02-14,Offline,393,97,27,42,Planned
BAT002195,ENT00010,CRS044623,Corporate Training Batch 2195,USR012273,2025-11-24,2025-12-24,Online,494,96,63,62,Planned
BAT002196,ENT00347,CRS029237,Corporate Training Batch 2196,USR043001,2026-04-06,2026-07-05,Online,47,69,53,40,Completed
BAT002197,ENT00118,CRS035946,Corporate Training Batch 2197,USR032526,2026-03-25,2026-05-24,Online,213,87,59,37,Planned
BAT002198,ENT00436,CRS036704,Corporate Training Batch 2198,USR024174,2026-02-06,2026-02-13,Online,463,100,59,46,On Hold
BAT002199,ENT00287,CRS047614,Corporate Training Batch 2199,USR023522,2025-12-01,2025-12-08,Hybrid,414,68,59,52,On Hold
BAT002200,ENT00468,CRS034733,Corporate Training Batch 2200,USR036604,2026-04-29,2026-07-28,Online,151,90,25,84,Completed
BAT002201,ENT00144,CRS003610,Corporate Training Batch 2201,USR011284,2025-12-25,2026-01-24,Offline,14,68,52,81,Planned
BAT002202,ENT00370,CRS019849,Corporate Training Batch 2202,USR034348,2026-03-11,2026-03-18,Hybrid,29,96,43,76,Planned
BAT002203,ENT00334,CRS048886,Corporate Training Batch 2203,USR015183,2026-01-01,2026-01-15,Offline,218,78,60,21,On Hold
BAT002204,ENT00010,CRS008821,Corporate Training Batch 2204,USR040469,2026-01-04,2026-04-04,Offline,179,62,51,81,On Hold
BAT002205,ENT00318,CRS018087,Corporate Training Batch 2205,USR015902,2026-02-23,2026-05-24,Hybrid,387,93,32,54,Running
BAT002206,ENT00261,CRS003613,Corporate Training Batch 2206,USR005126,2026-04-22,2026-05-06,Hybrid,49,79,88,97,Running
BAT002207,ENT00018,CRS031900,Corporate Training Batch 2207,USR012645,2025-12-15,2025-12-29,Hybrid,403,66,52,89,On Hold
BAT002208,ENT00367,CRS012468,Corporate Training Batch 2208,USR048127,2026-01-31,2026-03-02,Offline,40,78,67,91,Planned
BAT002209,ENT00238,CRS021667,Corporate Training Batch 2209,USR013732,2025-12-01,2025-12-15,Offline,44,92,27,34,Running
BAT002210,ENT00175,CRS043875,Corporate Training Batch 2210,USR010982,2025-12-10,2026-02-08,Offline,415,68,29,91,On Hold
BAT002211,ENT00225,CRS048785,Corporate Training Batch 2211,USR030403,2026-04-19,2026-05-19,Offline,179,92,75,67,On Hold
BAT002212,ENT00009,CRS020745,Corporate Training Batch 2212,USR012702,2026-02-16,2026-02-23,Online,349,69,39,69,Planned
BAT002213,ENT00480,CRS042347,Corporate Training Batch 2213,USR015524,2026-01-23,2026-02-22,Hybrid,233,76,91,51,Running
BAT002214,ENT00494,CRS048460,Corporate Training Batch 2214,USR025965,2026-03-19,2026-04-18,Online,423,57,71,78,Completed
BAT002215,ENT00402,CRS025698,Corporate Training Batch 2215,USR034728,2026-01-20,2026-03-06,Online,239,99,24,87,Running
BAT002216,ENT00086,CRS003499,Corporate Training Batch 2216,USR005069,2026-03-03,2026-04-17,Hybrid,492,66,45,40,Running
BAT002217,ENT00479,CRS039077,Corporate Training Batch 2217,USR039939,2026-04-05,2026-04-19,Hybrid,120,57,70,45,On Hold
BAT002218,ENT00342,CRS010074,Corporate Training Batch 2218,USR006229,2026-05-11,2026-07-10,Offline,220,58,46,58,Completed
BAT002219,ENT00035,CRS047778,Corporate Training Batch 2219,USR041516,2026-04-17,2026-05-17,Hybrid,299,80,82,87,Planned
BAT002220,ENT00207,CRS045814,Corporate Training Batch 2220,USR047547,2026-04-16,2026-04-23,Offline,341,70,28,35,Completed
BAT002221,ENT00200,CRS043578,Corporate Training Batch 2221,USR041507,2026-05-02,2026-05-09,Offline,313,87,32,74,Completed
BAT002222,ENT00003,CRS012694,Corporate Training Batch 2222,USR009882,2025-11-27,2025-12-04,Online,159,93,25,25,Planned
BAT002223,ENT00255,CRS015481,Corporate Training Batch 2223,USR011552,2026-02-12,2026-02-19,Online,362,74,71,26,Planned
BAT002224,ENT00246,CRS004023,Corporate Training Batch 2224,USR029835,2026-03-21,2026-04-20,Hybrid,134,67,32,27,On Hold
BAT002225,ENT00376,CRS024957,Corporate Training Batch 2225,USR035548,2026-03-24,2026-04-23,Hybrid,49,95,90,84,On Hold
BAT002226,ENT00374,CRS018340,Corporate Training Batch 2226,USR023273,2026-04-15,2026-06-14,Online,341,81,34,73,Planned
BAT002227,ENT00007,CRS009455,Corporate Training Batch 2227,USR035666,2026-02-20,2026-03-06,Hybrid,478,70,64,63,Running
BAT002228,ENT00309,CRS030135,Corporate Training Batch 2228,USR009598,2026-02-28,2026-03-14,Offline,227,74,48,68,Planned
BAT002229,ENT00374,CRS046686,Corporate Training Batch 2229,USR003899,2026-01-19,2026-04-19,Hybrid,219,58,63,95,On Hold
BAT002230,ENT00465,CRS027027,Corporate Training Batch 2230,USR048672,2026-01-19,2026-02-18,Offline,302,77,84,57,On Hold
BAT002231,ENT00144,CRS022663,Corporate Training Batch 2231,USR009442,2026-01-20,2026-03-06,Online,153,62,33,35,Planned
BAT002232,ENT00072,CRS014655,Corporate Training Batch 2232,USR043223,2026-04-23,2026-06-07,Hybrid,56,78,35,78,Completed
BAT002233,ENT00181,CRS027239,Corporate Training Batch 2233,USR020485,2025-12-05,2026-01-04,Online,268,78,84,38,Completed
BAT002234,ENT00043,CRS035915,Corporate Training Batch 2234,USR005334,2026-02-11,2026-05-12,Online,235,61,71,30,On Hold
BAT002235,ENT00383,CRS042642,Corporate Training Batch 2235,USR028633,2026-04-18,2026-05-18,Hybrid,492,72,59,88,Running
BAT002236,ENT00145,CRS023828,Corporate Training Batch 2236,USR041327,2026-02-15,2026-02-22,Online,169,58,53,74,Completed
BAT002237,ENT00170,CRS049497,Corporate Training Batch 2237,USR049672,2026-01-02,2026-03-03,Online,440,84,84,92,Planned
BAT002238,ENT00134,CRS020769,Corporate Training Batch 2238,USR021609,2026-03-27,2026-04-10,Online,128,86,54,68,Completed
BAT002239,ENT00175,CRS040604,Corporate Training Batch 2239,USR041701,2026-03-05,2026-03-19,Online,97,97,37,33,On Hold
BAT002240,ENT00143,CRS036440,Corporate Training Batch 2240,USR019706,2026-02-09,2026-04-10,Online,290,67,56,48,Planned
BAT002241,ENT00202,CRS011257,Corporate Training Batch 2241,USR037338,2026-03-16,2026-05-15,Hybrid,353,84,51,71,Running
BAT002242,ENT00354,CRS041109,Corporate Training Batch 2242,USR019799,2026-04-28,2026-05-28,Offline,159,61,22,65,Completed
BAT002243,ENT00035,CRS006845,Corporate Training Batch 2243,USR011666,2026-03-14,2026-06-12,Offline,160,56,68,36,Running
BAT002244,ENT00298,CRS000538,Corporate Training Batch 2244,USR045873,2026-05-04,2026-05-18,Offline,403,73,51,45,Running
BAT002245,ENT00483,CRS041176,Corporate Training Batch 2245,USR045785,2026-01-04,2026-03-05,Hybrid,410,85,89,50,Running
BAT002246,ENT00469,CRS038360,Corporate Training Batch 2246,USR000977,2026-02-28,2026-03-14,Hybrid,210,61,33,65,Planned
BAT002247,ENT00225,CRS034359,Corporate Training Batch 2247,USR014370,2026-04-10,2026-06-09,Online,183,69,63,68,Running
BAT002248,ENT00137,CRS022133,Corporate Training Batch 2248,USR036271,2026-03-19,2026-05-18,Online,48,94,32,42,Planned
BAT002249,ENT00062,CRS014583,Corporate Training Batch 2249,USR010755,2026-01-10,2026-01-17,Online,377,72,31,40,Completed
BAT002250,ENT00438,CRS025474,Corporate Training Batch 2250,USR040573,2026-03-22,2026-03-29,Hybrid,467,56,89,73,Planned
BAT002251,ENT00429,CRS046151,Corporate Training Batch 2251,USR037307,2026-01-13,2026-03-14,Offline,362,79,72,74,Planned
BAT002252,ENT00051,CRS038701,Corporate Training Batch 2252,USR032734,2025-11-20,2025-12-04,Online,405,57,54,46,Running
BAT002253,ENT00500,CRS040905,Corporate Training Batch 2253,USR023003,2026-04-29,2026-05-29,Offline,397,89,21,40,On Hold
BAT002254,ENT00077,CRS012796,Corporate Training Batch 2254,USR018322,2025-11-27,2025-12-27,Offline,425,98,34,60,Completed
BAT002255,ENT00325,CRS035004,Corporate Training Batch 2255,USR016947,2026-01-13,2026-02-27,Online,90,70,55,21,Completed
BAT002256,ENT00047,CRS043707,Corporate Training Batch 2256,USR019054,2026-04-22,2026-04-29,Hybrid,302,62,91,76,Completed
BAT002257,ENT00130,CRS024380,Corporate Training Batch 2257,USR035815,2026-05-06,2026-05-13,Offline,371,94,95,93,Planned
BAT002258,ENT00489,CRS043558,Corporate Training Batch 2258,USR033455,2026-03-17,2026-04-16,Online,20,92,57,48,Completed
BAT002259,ENT00190,CRS029883,Corporate Training Batch 2259,USR032336,2026-01-16,2026-02-15,Offline,183,72,22,50,On Hold
BAT002260,ENT00015,CRS024460,Corporate Training Batch 2260,USR041079,2026-01-21,2026-04-21,Offline,444,84,33,48,Planned
BAT002261,ENT00353,CRS021644,Corporate Training Batch 2261,USR015737,2025-12-20,2026-03-20,Online,445,77,27,93,On Hold
BAT002262,ENT00362,CRS011566,Corporate Training Batch 2262,USR030879,2026-03-29,2026-05-28,Hybrid,219,72,38,24,Planned
BAT002263,ENT00242,CRS038676,Corporate Training Batch 2263,USR001683,2026-01-19,2026-02-02,Hybrid,19,83,36,81,On Hold
BAT002264,ENT00413,CRS033302,Corporate Training Batch 2264,USR019853,2026-05-06,2026-05-20,Hybrid,424,65,86,75,Planned
BAT002265,ENT00212,CRS002305,Corporate Training Batch 2265,USR019451,2026-04-04,2026-07-03,Offline,194,76,50,82,Running
BAT002266,ENT00444,CRS020667,Corporate Training Batch 2266,USR020941,2026-03-12,2026-06-10,Online,174,61,69,99,Planned
BAT002267,ENT00281,CRS011480,Corporate Training Batch 2267,USR015170,2026-01-28,2026-02-11,Hybrid,306,56,48,79,Planned
BAT002268,ENT00417,CRS009324,Corporate Training Batch 2268,USR004879,2026-03-09,2026-03-23,Online,197,80,24,76,Planned
BAT002269,ENT00180,CRS026182,Corporate Training Batch 2269,USR010623,2026-02-26,2026-04-27,Offline,122,71,84,45,Running
BAT002270,ENT00125,CRS015895,Corporate Training Batch 2270,USR027217,2025-12-29,2026-02-27,Online,429,63,68,28,On Hold
BAT002271,ENT00012,CRS020184,Corporate Training Batch 2271,USR021718,2026-03-19,2026-05-18,Hybrid,401,92,37,78,Completed
BAT002272,ENT00332,CRS040299,Corporate Training Batch 2272,USR039978,2025-12-28,2026-03-28,Hybrid,67,68,42,22,Completed
BAT002273,ENT00284,CRS039146,Corporate Training Batch 2273,USR003136,2026-02-06,2026-02-20,Hybrid,85,92,86,78,Completed
BAT002274,ENT00020,CRS003426,Corporate Training Batch 2274,USR037926,2026-01-22,2026-01-29,Offline,405,87,62,29,Planned
BAT002275,ENT00210,CRS002746,Corporate Training Batch 2275,USR007155,2026-03-26,2026-04-25,Hybrid,62,91,76,50,Completed
BAT002276,ENT00144,CRS043391,Corporate Training Batch 2276,USR048045,2025-11-26,2026-02-24,Online,312,92,75,31,Running
BAT002277,ENT00479,CRS018235,Corporate Training Batch 2277,USR043810,2026-01-11,2026-02-10,Offline,465,75,23,62,Planned
BAT002278,ENT00490,CRS008365,Corporate Training Batch 2278,USR005996,2026-04-18,2026-05-18,Online,166,88,98,44,Completed
BAT002279,ENT00446,CRS022460,Corporate Training Batch 2279,USR028703,2025-12-31,2026-01-30,Offline,493,95,84,88,Completed
BAT002280,ENT00088,CRS025185,Corporate Training Batch 2280,USR033262,2026-03-24,2026-05-08,Offline,366,59,56,56,Completed
BAT002281,ENT00182,CRS015145,Corporate Training Batch 2281,USR030117,2026-01-28,2026-03-29,Hybrid,147,99,40,40,On Hold
BAT002282,ENT00213,CRS023491,Corporate Training Batch 2282,USR017609,2026-03-28,2026-04-04,Offline,429,59,88,90,Completed
BAT002283,ENT00216,CRS001662,Corporate Training Batch 2283,USR043590,2026-02-20,2026-04-06,Online,72,63,37,86,On Hold
BAT002284,ENT00409,CRS013355,Corporate Training Batch 2284,USR047567,2025-11-23,2026-01-07,Offline,39,95,24,61,On Hold
BAT002285,ENT00285,CRS035346,Corporate Training Batch 2285,USR010729,2026-01-10,2026-03-11,Online,62,98,60,71,Planned
BAT002286,ENT00406,CRS035620,Corporate Training Batch 2286,USR004901,2026-05-02,2026-07-31,Hybrid,439,64,94,96,Running
BAT002287,ENT00199,CRS024227,Corporate Training Batch 2287,USR031286,2026-03-22,2026-05-06,Online,387,68,57,69,Completed
BAT002288,ENT00280,CRS003164,Corporate Training Batch 2288,USR025460,2025-12-19,2026-02-02,Online,406,73,33,59,On Hold
BAT002289,ENT00123,CRS048531,Corporate Training Batch 2289,USR047233,2026-03-12,2026-06-10,Hybrid,31,92,23,79,Running
BAT002290,ENT00034,CRS047085,Corporate Training Batch 2290,USR015953,2026-05-09,2026-07-08,Offline,45,82,78,52,On Hold
BAT002291,ENT00037,CRS028151,Corporate Training Batch 2291,USR034767,2025-12-16,2026-01-30,Hybrid,83,72,84,65,On Hold
BAT002292,ENT00126,CRS039653,Corporate Training Batch 2292,USR017297,2026-03-08,2026-04-22,Hybrid,147,58,44,92,Completed
BAT002293,ENT00377,CRS016950,Corporate Training Batch 2293,USR002277,2025-12-30,2026-01-29,Online,477,61,63,58,Planned
BAT002294,ENT00495,CRS040699,Corporate Training Batch 2294,USR030532,2026-01-24,2026-02-23,Online,169,98,64,40,On Hold
BAT002295,ENT00039,CRS016760,Corporate Training Batch 2295,USR034831,2026-03-18,2026-04-01,Online,64,81,83,27,Planned
BAT002296,ENT00308,CRS039769,Corporate Training Batch 2296,USR021649,2026-01-06,2026-03-07,Offline,182,66,95,77,On Hold
BAT002297,ENT00176,CRS002177,Corporate Training Batch 2297,USR010997,2026-03-28,2026-04-04,Online,368,73,61,20,Running
BAT002298,ENT00485,CRS024060,Corporate Training Batch 2298,USR032888,2026-02-13,2026-02-27,Offline,40,91,70,69,On Hold
BAT002299,ENT00050,CRS000480,Corporate Training Batch 2299,USR016612,2025-11-29,2025-12-13,Online,237,76,82,45,Running
BAT002300,ENT00398,CRS036327,Corporate Training Batch 2300,USR014808,2026-04-30,2026-05-07,Online,163,85,28,56,Planned
BAT002301,ENT00312,CRS002182,Corporate Training Batch 2301,USR026529,2026-01-13,2026-03-14,Online,237,89,92,56,On Hold
BAT002302,ENT00349,CRS006566,Corporate Training Batch 2302,USR034117,2025-11-19,2026-01-03,Offline,486,84,91,90,Running
BAT002303,ENT00311,CRS042401,Corporate Training Batch 2303,USR018605,2026-04-22,2026-06-06,Online,496,93,50,83,On Hold
BAT002304,ENT00323,CRS029440,Corporate Training Batch 2304,USR012152,2026-05-11,2026-08-09,Hybrid,40,70,95,20,Planned
BAT002305,ENT00130,CRS033117,Corporate Training Batch 2305,USR013555,2026-05-11,2026-06-25,Hybrid,83,79,69,39,Planned
BAT002306,ENT00270,CRS026294,Corporate Training Batch 2306,USR048904,2026-01-23,2026-03-09,Hybrid,136,75,83,63,Completed
BAT002307,ENT00438,CRS002305,Corporate Training Batch 2307,USR019973,2026-01-19,2026-03-05,Hybrid,276,61,26,44,Planned
BAT002308,ENT00135,CRS003273,Corporate Training Batch 2308,USR005979,2026-04-25,2026-05-25,Offline,239,55,99,80,Completed
BAT002309,ENT00316,CRS002290,Corporate Training Batch 2309,USR040270,2026-03-02,2026-04-01,Hybrid,441,65,69,25,Running
BAT002310,ENT00259,CRS015678,Corporate Training Batch 2310,USR026162,2025-12-31,2026-02-14,Online,131,90,22,81,Running
BAT002311,ENT00408,CRS017173,Corporate Training Batch 2311,USR006855,2025-11-23,2026-01-07,Hybrid,123,72,59,67,Completed
BAT002312,ENT00459,CRS018944,Corporate Training Batch 2312,USR025532,2026-02-10,2026-04-11,Online,290,99,21,69,On Hold
BAT002313,ENT00431,CRS041653,Corporate Training Batch 2313,USR049811,2026-04-07,2026-05-22,Offline,397,93,77,78,Planned
BAT002314,ENT00462,CRS037215,Corporate Training Batch 2314,USR033651,2026-04-30,2026-05-30,Offline,212,76,46,69,Completed
BAT002315,ENT00304,CRS043161,Corporate Training Batch 2315,USR040801,2026-01-14,2026-04-14,Online,240,99,95,50,Planned
BAT002316,ENT00071,CRS047266,Corporate Training Batch 2316,USR045167,2025-12-13,2025-12-20,Offline,364,74,39,56,Planned
BAT002317,ENT00415,CRS013866,Corporate Training Batch 2317,USR034417,2025-12-16,2026-01-30,Hybrid,16,72,61,70,Completed
BAT002318,ENT00158,CRS001446,Corporate Training Batch 2318,USR032180,2025-11-20,2026-01-19,Online,391,85,41,97,Completed
BAT002319,ENT00210,CRS008369,Corporate Training Batch 2319,USR033311,2026-03-06,2026-04-20,Offline,367,61,36,34,Planned
BAT002320,ENT00026,CRS008887,Corporate Training Batch 2320,USR018822,2026-02-09,2026-03-11,Hybrid,452,97,99,58,Planned
BAT002321,ENT00357,CRS029762,Corporate Training Batch 2321,USR019553,2025-12-28,2026-01-27,Online,341,78,55,69,Running
BAT002322,ENT00212,CRS033066,Corporate Training Batch 2322,USR002249,2026-02-11,2026-05-12,Offline,281,84,65,91,Planned
BAT002323,ENT00226,CRS025867,Corporate Training Batch 2323,USR021262,2026-02-06,2026-03-23,Hybrid,152,98,87,79,Planned
BAT002324,ENT00454,CRS011815,Corporate Training Batch 2324,USR043521,2026-03-02,2026-03-16,Hybrid,37,95,99,95,Completed
BAT002325,ENT00007,CRS001780,Corporate Training Batch 2325,USR009923,2026-01-26,2026-02-25,Online,70,81,84,63,Planned
BAT002326,ENT00320,CRS003268,Corporate Training Batch 2326,USR028175,2026-02-16,2026-04-02,Offline,381,65,22,41,On Hold
BAT002327,ENT00159,CRS021392,Corporate Training Batch 2327,USR035867,2026-01-03,2026-02-02,Offline,130,66,51,83,Running
BAT002328,ENT00268,CRS034723,Corporate Training Batch 2328,USR045606,2026-04-03,2026-04-10,Online,491,59,48,71,Running
BAT002329,ENT00054,CRS005719,Corporate Training Batch 2329,USR041510,2026-01-15,2026-04-15,Online,466,95,56,87,Running
BAT002330,ENT00266,CRS022996,Corporate Training Batch 2330,USR034147,2026-02-12,2026-03-14,Hybrid,160,73,45,67,Running
BAT002331,ENT00039,CRS042055,Corporate Training Batch 2331,USR024482,2025-12-29,2026-03-29,Offline,409,99,75,79,Running
BAT002332,ENT00241,CRS020731,Corporate Training Batch 2332,USR002685,2026-01-31,2026-05-01,Hybrid,232,61,21,21,Completed
BAT002333,ENT00219,CRS041862,Corporate Training Batch 2333,USR041210,2026-05-04,2026-07-03,Online,370,97,25,41,Planned
BAT002334,ENT00324,CRS045723,Corporate Training Batch 2334,USR018209,2026-01-23,2026-02-22,Offline,275,100,74,94,Planned
BAT002335,ENT00005,CRS048147,Corporate Training Batch 2335,USR030450,2026-04-15,2026-04-22,Offline,251,69,54,89,On Hold
BAT002336,ENT00139,CRS039122,Corporate Training Batch 2336,USR019279,2026-03-15,2026-05-14,Offline,478,74,90,26,Completed
BAT002337,ENT00342,CRS011208,Corporate Training Batch 2337,USR028615,2026-02-07,2026-04-08,Hybrid,477,60,94,81,On Hold
BAT002338,ENT00370,CRS002071,Corporate Training Batch 2338,USR031675,2025-11-21,2026-01-05,Online,284,74,84,43,Planned
BAT002339,ENT00102,CRS035562,Corporate Training Batch 2339,USR001703,2025-12-26,2026-03-26,Offline,217,65,36,41,Completed
BAT002340,ENT00187,CRS032146,Corporate Training Batch 2340,USR003038,2026-03-06,2026-04-05,Online,107,91,79,67,Running
BAT002341,ENT00230,CRS049874,Corporate Training Batch 2341,USR015039,2025-11-25,2026-01-24,Hybrid,176,94,94,73,Planned
BAT002342,ENT00480,CRS030441,Corporate Training Batch 2342,USR046636,2026-01-26,2026-02-25,Offline,136,64,22,96,Running
BAT002343,ENT00359,CRS011181,Corporate Training Batch 2343,USR008698,2025-11-17,2026-01-01,Hybrid,225,92,36,100,Completed
BAT002344,ENT00317,CRS034780,Corporate Training Batch 2344,USR013523,2026-04-21,2026-06-20,Offline,159,73,64,58,Running
BAT002345,ENT00254,CRS040678,Corporate Training Batch 2345,USR013029,2026-02-04,2026-02-18,Hybrid,107,87,47,92,On Hold
BAT002346,ENT00053,CRS020333,Corporate Training Batch 2346,USR013190,2025-12-30,2026-01-13,Online,301,73,75,25,Completed
BAT002347,ENT00261,CRS019290,Corporate Training Batch 2347,USR018079,2026-03-17,2026-05-01,Online,262,63,68,61,On Hold
BAT002348,ENT00488,CRS004026,Corporate Training Batch 2348,USR009596,2026-02-20,2026-05-21,Online,77,56,98,37,Planned
BAT002349,ENT00338,CRS010001,Corporate Training Batch 2349,USR047367,2026-05-07,2026-08-05,Offline,72,58,75,22,Planned
BAT002350,ENT00373,CRS041519,Corporate Training Batch 2350,USR006697,2026-03-13,2026-04-12,Hybrid,372,56,67,77,Running
BAT002351,ENT00060,CRS003055,Corporate Training Batch 2351,USR016114,2026-03-19,2026-05-18,Hybrid,202,100,34,90,Running
BAT002352,ENT00387,CRS045932,Corporate Training Batch 2352,USR044942,2026-04-11,2026-04-25,Hybrid,206,96,100,40,Running
BAT002353,ENT00420,CRS020547,Corporate Training Batch 2353,USR018393,2026-04-14,2026-05-29,Hybrid,489,84,91,24,On Hold
BAT002354,ENT00106,CRS044503,Corporate Training Batch 2354,USR008908,2026-01-27,2026-04-27,Hybrid,218,76,59,47,On Hold
BAT002355,ENT00070,CRS033406,Corporate Training Batch 2355,USR014850,2026-04-29,2026-05-29,Offline,11,59,56,59,Completed
BAT002356,ENT00235,CRS003747,Corporate Training Batch 2356,USR015149,2025-12-08,2025-12-15,Online,426,59,72,97,Planned
BAT002357,ENT00156,CRS044997,Corporate Training Batch 2357,USR035063,2026-01-09,2026-04-09,Offline,417,68,88,27,Planned
BAT002358,ENT00028,CRS045699,Corporate Training Batch 2358,USR046762,2025-12-29,2026-03-29,Offline,387,77,22,54,Planned
BAT002359,ENT00294,CRS016817,Corporate Training Batch 2359,USR032953,2025-12-16,2026-02-14,Hybrid,390,93,21,41,On Hold
BAT002360,ENT00285,CRS020493,Corporate Training Batch 2360,USR012034,2026-04-02,2026-04-16,Hybrid,192,74,63,67,Completed
BAT002361,ENT00213,CRS014026,Corporate Training Batch 2361,USR005604,2025-12-12,2026-02-10,Offline,125,65,83,23,On Hold
BAT002362,ENT00080,CRS021917,Corporate Training Batch 2362,USR014641,2026-05-03,2026-06-17,Online,465,67,99,62,Planned
BAT002363,ENT00379,CRS014761,Corporate Training Batch 2363,USR030478,2026-04-02,2026-05-02,Hybrid,41,73,96,93,Planned
BAT002364,ENT00272,CRS011718,Corporate Training Batch 2364,USR006951,2026-01-22,2026-03-23,Hybrid,30,95,33,29,Completed
BAT002365,ENT00200,CRS018105,Corporate Training Batch 2365,USR048647,2026-04-29,2026-06-28,Online,102,65,41,82,Planned
BAT002366,ENT00454,CRS035213,Corporate Training Batch 2366,USR009232,2026-02-04,2026-04-05,Online,82,59,97,79,Planned
BAT002367,ENT00295,CRS009764,Corporate Training Batch 2367,USR033081,2025-12-30,2026-01-29,Offline,300,69,33,53,Planned
BAT002368,ENT00168,CRS025283,Corporate Training Batch 2368,USR032455,2025-11-23,2026-01-22,Online,123,63,75,29,Running
BAT002369,ENT00465,CRS006621,Corporate Training Batch 2369,USR012909,2025-11-26,2026-02-24,Online,75,55,57,57,On Hold
BAT002370,ENT00346,CRS024859,Corporate Training Batch 2370,USR047891,2025-11-21,2026-01-05,Hybrid,222,64,100,50,On Hold
BAT002371,ENT00163,CRS036026,Corporate Training Batch 2371,USR000534,2026-03-07,2026-04-21,Hybrid,457,76,54,66,Running
BAT002372,ENT00447,CRS000693,Corporate Training Batch 2372,USR048228,2026-04-13,2026-06-12,Hybrid,295,88,80,95,Running
BAT002373,ENT00003,CRS046432,Corporate Training Batch 2373,USR000602,2026-04-28,2026-05-28,Online,28,78,55,33,On Hold
BAT002374,ENT00254,CRS010618,Corporate Training Batch 2374,USR012525,2026-02-01,2026-05-02,Offline,58,82,62,79,Completed
BAT002375,ENT00209,CRS000569,Corporate Training Batch 2375,USR037911,2025-11-14,2026-01-13,Hybrid,311,62,85,78,On Hold
BAT002376,ENT00222,CRS016785,Corporate Training Batch 2376,USR022129,2026-02-24,2026-03-26,Hybrid,114,98,58,42,On Hold
BAT002377,ENT00404,CRS005546,Corporate Training Batch 2377,USR003966,2026-03-28,2026-06-26,Online,451,79,38,71,Completed
BAT002378,ENT00252,CRS046278,Corporate Training Batch 2378,USR046177,2026-02-07,2026-04-08,Offline,230,94,87,59,Running
BAT002379,ENT00495,CRS017194,Corporate Training Batch 2379,USR040221,2025-12-21,2025-12-28,Online,493,97,93,40,Running
BAT002380,ENT00462,CRS044021,Corporate Training Batch 2380,USR046647,2026-04-20,2026-05-20,Hybrid,478,79,100,45,Completed
BAT002381,ENT00443,CRS041577,Corporate Training Batch 2381,USR036628,2026-02-25,2026-03-04,Online,242,94,70,53,Planned
BAT002382,ENT00202,CRS028353,Corporate Training Batch 2382,USR046482,2026-03-11,2026-03-18,Offline,340,93,62,64,Running
BAT002383,ENT00375,CRS044989,Corporate Training Batch 2383,USR043861,2026-01-19,2026-03-05,Offline,457,95,79,57,Completed
BAT002384,ENT00456,CRS047636,Corporate Training Batch 2384,USR024813,2026-01-26,2026-02-02,Hybrid,88,76,71,40,Completed
BAT002385,ENT00175,CRS022185,Corporate Training Batch 2385,USR024484,2026-04-18,2026-06-02,Online,338,77,36,64,Running
BAT002386,ENT00206,CRS028561,Corporate Training Batch 2386,USR039433,2026-01-24,2026-02-23,Offline,199,84,69,43,On Hold
BAT002387,ENT00117,CRS000489,Corporate Training Batch 2387,USR035578,2026-04-21,2026-05-21,Online,156,92,86,91,Running
BAT002388,ENT00339,CRS012852,Corporate Training Batch 2388,USR039039,2026-03-12,2026-05-11,Hybrid,256,94,61,97,Running
BAT002389,ENT00484,CRS044112,Corporate Training Batch 2389,USR021322,2026-01-01,2026-01-15,Hybrid,313,79,47,30,Running
BAT002390,ENT00128,CRS039171,Corporate Training Batch 2390,USR022929,2026-03-04,2026-04-03,Hybrid,399,100,81,44,On Hold
BAT002391,ENT00405,CRS015894,Corporate Training Batch 2391,USR001938,2026-01-28,2026-03-14,Offline,28,91,74,96,Running
BAT002392,ENT00276,CRS018388,Corporate Training Batch 2392,USR008493,2026-01-25,2026-03-11,Offline,190,81,51,53,Planned
BAT002393,ENT00112,CRS009417,Corporate Training Batch 2393,USR004024,2026-05-13,2026-05-27,Offline,223,61,34,94,Completed
BAT002394,ENT00134,CRS017881,Corporate Training Batch 2394,USR002757,2026-02-01,2026-04-02,Online,64,92,84,93,Planned
BAT002395,ENT00052,CRS024661,Corporate Training Batch 2395,USR033403,2026-05-03,2026-08-01,Hybrid,257,81,53,71,Planned
BAT002396,ENT00246,CRS001077,Corporate Training Batch 2396,USR000919,2025-12-25,2026-01-01,Online,247,90,39,71,Planned
BAT002397,ENT00404,CRS027846,Corporate Training Batch 2397,USR039505,2026-03-14,2026-03-28,Offline,442,92,35,69,Planned
BAT002398,ENT00332,CRS009259,Corporate Training Batch 2398,USR033325,2026-01-09,2026-01-16,Online,229,71,43,20,Planned
BAT002399,ENT00039,CRS048797,Corporate Training Batch 2399,USR028185,2026-01-26,2026-02-25,Hybrid,464,82,66,47,On Hold
BAT002400,ENT00488,CRS024434,Corporate Training Batch 2400,USR027839,2025-11-24,2025-12-08,Offline,360,68,45,54,Completed
BAT002401,ENT00248,CRS026933,Corporate Training Batch 2401,USR044104,2026-03-29,2026-05-28,Online,319,87,22,53,Planned
BAT002402,ENT00329,CRS040657,Corporate Training Batch 2402,USR010685,2026-04-08,2026-06-07,Online,375,68,87,49,Running
BAT002403,ENT00460,CRS001897,Corporate Training Batch 2403,USR003654,2026-02-14,2026-03-16,Hybrid,439,59,34,87,Completed
BAT002404,ENT00169,CRS048881,Corporate Training Batch 2404,USR010068,2026-05-07,2026-06-06,Online,49,99,55,50,Running
BAT002405,ENT00446,CRS031825,Corporate Training Batch 2405,USR028487,2026-01-29,2026-04-29,Hybrid,279,85,51,33,Completed
BAT002406,ENT00087,CRS027697,Corporate Training Batch 2406,USR035001,2026-02-28,2026-04-14,Offline,183,66,31,88,Completed
BAT002407,ENT00190,CRS029561,Corporate Training Batch 2407,USR024658,2026-01-23,2026-03-24,Hybrid,406,69,75,45,Planned
BAT002408,ENT00101,CRS049734,Corporate Training Batch 2408,USR019708,2026-01-09,2026-04-09,Offline,61,71,62,61,Running
BAT002409,ENT00293,CRS041739,Corporate Training Batch 2409,USR035750,2026-03-18,2026-04-17,Offline,91,76,94,67,Completed
BAT002410,ENT00316,CRS014131,Corporate Training Batch 2410,USR048481,2026-03-13,2026-04-27,Online,249,69,43,20,On Hold
BAT002411,ENT00098,CRS006851,Corporate Training Batch 2411,USR044708,2026-03-12,2026-06-10,Online,147,56,29,98,Running
BAT002412,ENT00087,CRS017565,Corporate Training Batch 2412,USR047963,2026-03-16,2026-04-30,Online,403,98,57,71,Planned
BAT002413,ENT00401,CRS019098,Corporate Training Batch 2413,USR048840,2026-01-12,2026-02-11,Online,10,70,86,62,On Hold
BAT002414,ENT00135,CRS015763,Corporate Training Batch 2414,USR043262,2026-03-28,2026-06-26,Online,372,60,58,28,Completed
BAT002415,ENT00199,CRS040983,Corporate Training Batch 2415,USR012394,2026-05-09,2026-05-16,Hybrid,145,78,84,73,Completed
BAT002416,ENT00340,CRS015179,Corporate Training Batch 2416,USR031809,2026-04-24,2026-07-23,Offline,118,62,87,92,On Hold
BAT002417,ENT00500,CRS029074,Corporate Training Batch 2417,USR034704,2026-04-01,2026-06-30,Hybrid,202,82,65,70,Running
BAT002418,ENT00431,CRS003281,Corporate Training Batch 2418,USR041449,2025-11-24,2026-01-08,Offline,90,96,71,80,On Hold
BAT002419,ENT00117,CRS039798,Corporate Training Batch 2419,USR023266,2026-02-06,2026-03-23,Online,55,73,69,84,Planned
BAT002420,ENT00137,CRS010617,Corporate Training Batch 2420,USR017211,2026-02-15,2026-03-01,Online,459,59,45,33,Running
BAT002421,ENT00043,CRS045696,Corporate Training Batch 2421,USR031987,2025-12-18,2026-01-01,Hybrid,342,94,85,90,Running
BAT002422,ENT00160,CRS039227,Corporate Training Batch 2422,USR042147,2026-02-07,2026-04-08,Offline,95,93,61,69,Running
BAT002423,ENT00078,CRS028033,Corporate Training Batch 2423,USR049526,2026-03-20,2026-05-19,Online,250,82,50,38,Planned
BAT002424,ENT00464,CRS010526,Corporate Training Batch 2424,USR000965,2026-01-03,2026-03-04,Online,417,64,21,94,Completed
BAT002425,ENT00476,CRS041094,Corporate Training Batch 2425,USR008746,2026-02-26,2026-03-05,Hybrid,466,96,68,37,Completed
BAT002426,ENT00372,CRS008321,Corporate Training Batch 2426,USR025115,2026-05-04,2026-06-03,Offline,241,92,100,99,Planned
BAT002427,ENT00222,CRS000175,Corporate Training Batch 2427,USR041525,2026-05-04,2026-06-03,Online,194,87,39,58,Completed
BAT002428,ENT00372,CRS012559,Corporate Training Batch 2428,USR048524,2026-05-07,2026-05-14,Offline,198,75,60,50,Planned
BAT002429,ENT00280,CRS024517,Corporate Training Batch 2429,USR047876,2026-01-07,2026-02-06,Hybrid,53,69,88,89,On Hold
BAT002430,ENT00031,CRS044014,Corporate Training Batch 2430,USR047927,2026-03-13,2026-03-20,Hybrid,359,81,58,77,Running
BAT002431,ENT00269,CRS042030,Corporate Training Batch 2431,USR029328,2025-11-15,2025-11-22,Online,201,78,55,47,Completed
BAT002432,ENT00209,CRS018632,Corporate Training Batch 2432,USR033634,2026-03-26,2026-06-24,Online,269,72,34,43,Planned
BAT002433,ENT00042,CRS030885,Corporate Training Batch 2433,USR013128,2026-04-10,2026-07-09,Online,175,76,80,98,Completed
BAT002434,ENT00329,CRS005700,Corporate Training Batch 2434,USR012209,2025-12-11,2026-01-10,Offline,382,77,55,86,Planned
BAT002435,ENT00422,CRS037897,Corporate Training Batch 2435,USR001223,2026-05-01,2026-05-31,Offline,358,55,46,60,Planned
BAT002436,ENT00248,CRS008978,Corporate Training Batch 2436,USR026779,2025-12-10,2025-12-24,Online,333,89,100,89,On Hold
BAT002437,ENT00069,CRS036052,Corporate Training Batch 2437,USR038539,2026-03-13,2026-05-12,Hybrid,243,60,56,20,Running
BAT002438,ENT00367,CRS029191,Corporate Training Batch 2438,USR024070,2025-12-09,2026-02-07,Offline,287,59,90,26,Planned
BAT002439,ENT00358,CRS038542,Corporate Training Batch 2439,USR002529,2026-01-08,2026-01-22,Offline,240,90,42,34,Planned
BAT002440,ENT00258,CRS024145,Corporate Training Batch 2440,USR042407,2026-01-01,2026-01-15,Online,455,82,93,78,On Hold
BAT002441,ENT00460,CRS007162,Corporate Training Batch 2441,USR026954,2026-03-12,2026-04-26,Offline,114,100,100,97,On Hold
BAT002442,ENT00281,CRS047778,Corporate Training Batch 2442,USR049533,2026-04-19,2026-06-03,Hybrid,255,79,62,75,On Hold
BAT002443,ENT00171,CRS029074,Corporate Training Batch 2443,USR043047,2026-02-28,2026-03-30,Hybrid,325,86,47,54,Completed
BAT002444,ENT00245,CRS013961,Corporate Training Batch 2444,USR002795,2026-01-29,2026-02-12,Offline,436,92,42,21,Running
BAT002445,ENT00491,CRS038136,Corporate Training Batch 2445,USR027878,2025-12-27,2026-01-10,Offline,295,91,20,30,On Hold
BAT002446,ENT00019,CRS016800,Corporate Training Batch 2446,USR033386,2025-12-18,2026-02-16,Offline,186,56,59,22,Planned
BAT002447,ENT00006,CRS040169,Corporate Training Batch 2447,USR017530,2026-01-03,2026-02-02,Hybrid,459,97,42,47,Running
BAT002448,ENT00372,CRS013639,Corporate Training Batch 2448,USR036714,2025-12-24,2026-01-07,Offline,433,82,31,90,On Hold
BAT002449,ENT00407,CRS048099,Corporate Training Batch 2449,USR020963,2026-01-29,2026-02-05,Offline,252,75,45,89,Completed
BAT002450,ENT00164,CRS044055,Corporate Training Batch 2450,USR029713,2026-04-23,2026-06-22,Hybrid,60,87,27,32,Running
BAT002451,ENT00312,CRS008785,Corporate Training Batch 2451,USR002606,2026-01-03,2026-01-17,Online,388,99,42,76,Planned
BAT002452,ENT00150,CRS043452,Corporate Training Batch 2452,USR014944,2025-12-19,2025-12-26,Online,371,82,70,72,Completed
BAT002453,ENT00447,CRS012399,Corporate Training Batch 2453,USR046822,2026-01-23,2026-02-22,Offline,247,77,56,48,Completed
BAT002454,ENT00078,CRS006309,Corporate Training Batch 2454,USR022525,2026-03-14,2026-03-21,Online,100,76,22,81,Running
BAT002455,ENT00386,CRS001048,Corporate Training Batch 2455,USR012583,2026-01-30,2026-03-16,Offline,361,62,57,58,On Hold
BAT002456,ENT00425,CRS012294,Corporate Training Batch 2456,USR032715,2026-05-04,2026-08-02,Hybrid,231,100,72,31,Running
BAT002457,ENT00108,CRS008497,Corporate Training Batch 2457,USR012050,2026-03-02,2026-04-01,Online,429,82,38,82,Completed
BAT002458,ENT00186,CRS035327,Corporate Training Batch 2458,USR001375,2025-12-06,2025-12-13,Hybrid,164,60,56,90,Planned
BAT002459,ENT00321,CRS000151,Corporate Training Batch 2459,USR012696,2026-01-21,2026-02-20,Online,89,99,52,53,Running
BAT002460,ENT00157,CRS002811,Corporate Training Batch 2460,USR014861,2026-03-11,2026-06-09,Online,382,77,37,65,On Hold
BAT002461,ENT00180,CRS044690,Corporate Training Batch 2461,USR022655,2026-02-22,2026-05-23,Online,248,74,63,29,Planned
BAT002462,ENT00128,CRS048959,Corporate Training Batch 2462,USR043525,2025-12-13,2026-01-12,Online,109,94,44,97,Running
BAT002463,ENT00453,CRS042528,Corporate Training Batch 2463,USR039520,2025-12-03,2026-01-02,Offline,140,84,73,54,Running
BAT002464,ENT00086,CRS040857,Corporate Training Batch 2464,USR048943,2025-11-24,2025-12-24,Hybrid,14,61,29,74,Running
BAT002465,ENT00155,CRS016054,Corporate Training Batch 2465,USR022089,2025-12-07,2025-12-21,Offline,27,66,20,76,Running
BAT002466,ENT00115,CRS016896,Corporate Training Batch 2466,USR047342,2026-01-03,2026-04-03,Offline,153,89,71,75,On Hold
BAT002467,ENT00237,CRS013860,Corporate Training Batch 2467,USR011126,2026-02-04,2026-05-05,Offline,448,64,97,27,Running
BAT002468,ENT00250,CRS026197,Corporate Training Batch 2468,USR024780,2025-11-21,2026-01-20,Hybrid,288,60,55,88,Planned
BAT002469,ENT00470,CRS004961,Corporate Training Batch 2469,USR027136,2026-01-01,2026-04-01,Hybrid,204,60,50,77,On Hold
BAT002470,ENT00328,CRS023523,Corporate Training Batch 2470,USR041064,2026-01-25,2026-02-08,Online,402,90,20,35,Completed
BAT002471,ENT00097,CRS018233,Corporate Training Batch 2471,USR013383,2026-02-26,2026-03-28,Offline,65,76,58,60,On Hold
BAT002472,ENT00145,CRS000906,Corporate Training Batch 2472,USR049482,2026-04-05,2026-05-20,Hybrid,353,81,70,43,Planned
BAT002473,ENT00042,CRS027116,Corporate Training Batch 2473,USR009861,2026-03-12,2026-05-11,Online,432,85,99,83,Completed
BAT002474,ENT00213,CRS028655,Corporate Training Batch 2474,USR033067,2025-12-06,2025-12-20,Online,399,86,56,98,Completed
BAT002475,ENT00387,CRS013792,Corporate Training Batch 2475,USR000593,2025-11-23,2025-11-30,Offline,250,72,57,71,On Hold
BAT002476,ENT00292,CRS020037,Corporate Training Batch 2476,USR039902,2026-03-02,2026-03-09,Online,284,67,94,44,Planned
BAT002477,ENT00410,CRS003662,Corporate Training Batch 2477,USR033833,2025-12-06,2026-01-20,Online,164,72,56,36,Planned
BAT002478,ENT00491,CRS012119,Corporate Training Batch 2478,USR030910,2025-11-17,2025-12-17,Online,88,78,45,82,Completed
BAT002479,ENT00002,CRS007236,Corporate Training Batch 2479,USR045114,2025-11-14,2025-12-14,Online,479,84,77,80,Running
BAT002480,ENT00362,CRS000954,Corporate Training Batch 2480,USR046193,2026-01-12,2026-02-26,Hybrid,423,60,58,51,On Hold
BAT002481,ENT00340,CRS020415,Corporate Training Batch 2481,USR024798,2025-12-14,2026-01-28,Offline,116,91,90,97,Planned
BAT002482,ENT00401,CRS039991,Corporate Training Batch 2482,USR047026,2026-05-06,2026-08-04,Offline,443,92,80,55,Completed
BAT002483,ENT00298,CRS003053,Corporate Training Batch 2483,USR026137,2026-03-15,2026-06-13,Offline,196,96,55,49,On Hold
BAT002484,ENT00078,CRS042694,Corporate Training Batch 2484,USR014731,2026-02-23,2026-04-09,Hybrid,111,90,67,66,On Hold
BAT002485,ENT00164,CRS046164,Corporate Training Batch 2485,USR018158,2025-11-25,2026-01-09,Hybrid,59,56,100,35,On Hold
BAT002486,ENT00074,CRS038311,Corporate Training Batch 2486,USR015241,2025-11-25,2025-12-25,Online,210,76,34,56,Completed
BAT002487,ENT00076,CRS038603,Corporate Training Batch 2487,USR033256,2026-03-12,2026-05-11,Offline,124,92,71,36,Completed
BAT002488,ENT00103,CRS017802,Corporate Training Batch 2488,USR027974,2026-04-09,2026-05-09,Online,339,97,92,100,Completed
BAT002489,ENT00295,CRS023667,Corporate Training Batch 2489,USR020194,2026-02-12,2026-02-26,Hybrid,60,72,30,72,On Hold
BAT002490,ENT00112,CRS020938,Corporate Training Batch 2490,USR010861,2026-03-14,2026-03-28,Online,112,68,26,25,On Hold
BAT002491,ENT00146,CRS006338,Corporate Training Batch 2491,USR023203,2026-03-01,2026-03-31,Hybrid,43,86,65,98,On Hold
BAT002492,ENT00154,CRS020039,Corporate Training Batch 2492,USR047228,2025-12-06,2026-01-05,Offline,211,79,87,83,Planned
BAT002493,ENT00021,CRS004297,Corporate Training Batch 2493,USR003464,2026-01-26,2026-02-09,Hybrid,105,61,53,79,Running
BAT002494,ENT00064,CRS019209,Corporate Training Batch 2494,USR044004,2026-04-20,2026-04-27,Online,484,96,47,20,Planned
BAT002495,ENT00343,CRS008437,Corporate Training Batch 2495,USR041963,2026-04-22,2026-06-06,Hybrid,196,92,76,67,On Hold
BAT002496,ENT00408,CRS022175,Corporate Training Batch 2496,USR046917,2026-01-03,2026-02-17,Offline,394,70,71,45,Planned
BAT002497,ENT00183,CRS008036,Corporate Training Batch 2497,USR003740,2026-04-21,2026-07-20,Hybrid,201,94,76,60,On Hold
BAT002498,ENT00058,CRS027197,Corporate Training Batch 2498,USR044865,2026-01-14,2026-02-28,Offline,499,72,48,72,Planned
BAT002499,ENT00382,CRS017652,Corporate Training Batch 2499,USR014846,2026-04-17,2026-05-01,Offline,62,69,36,97,On Hold
BAT002500,ENT00027,CRS009438,Corporate Training Batch 2500,USR029304,2026-03-25,2026-04-01,Hybrid,439,84,36,91,On Hold
BAT002501,ENT00322,CRS047066,Corporate Training Batch 2501,USR004995,2025-11-26,2025-12-26,Hybrid,32,81,82,80,Running
BAT002502,ENT00161,CRS034505,Corporate Training Batch 2502,USR003043,2026-04-29,2026-05-06,Online,72,75,99,72,On Hold
BAT002503,ENT00393,CRS015953,Corporate Training Batch 2503,USR028556,2026-01-27,2026-03-28,Online,465,75,21,49,Planned
BAT002504,ENT00155,CRS020091,Corporate Training Batch 2504,USR047729,2026-04-09,2026-04-16,Online,370,72,64,47,Completed
BAT002505,ENT00342,CRS043545,Corporate Training Batch 2505,USR034519,2026-02-22,2026-04-23,Offline,114,65,62,46,On Hold
BAT002506,ENT00049,CRS022901,Corporate Training Batch 2506,USR004750,2025-12-05,2026-01-19,Online,180,59,46,100,Planned
BAT002507,ENT00221,CRS036938,Corporate Training Batch 2507,USR048012,2026-02-04,2026-03-06,Online,260,99,46,64,On Hold
BAT002508,ENT00394,CRS004320,Corporate Training Batch 2508,USR025191,2026-01-02,2026-02-16,Hybrid,11,68,81,29,Completed
BAT002509,ENT00106,CRS041405,Corporate Training Batch 2509,USR020632,2026-02-24,2026-03-03,Hybrid,415,72,59,90,On Hold
BAT002510,ENT00085,CRS015400,Corporate Training Batch 2510,USR023901,2026-01-05,2026-03-06,Offline,29,95,52,93,Running
BAT002511,ENT00086,CRS017799,Corporate Training Batch 2511,USR037902,2025-11-26,2025-12-10,Online,307,57,32,50,On Hold
BAT002512,ENT00350,CRS033037,Corporate Training Batch 2512,USR026757,2025-11-23,2025-12-23,Offline,204,100,92,44,Planned
BAT002513,ENT00283,CRS032005,Corporate Training Batch 2513,USR038315,2026-01-21,2026-03-22,Online,341,70,51,63,Planned
BAT002514,ENT00459,CRS005459,Corporate Training Batch 2514,USR042024,2026-04-10,2026-05-25,Hybrid,227,86,26,25,Completed
BAT002515,ENT00328,CRS028180,Corporate Training Batch 2515,USR014876,2025-11-16,2026-01-15,Online,396,63,71,28,Completed
BAT002516,ENT00321,CRS019814,Corporate Training Batch 2516,USR028377,2025-11-30,2026-01-29,Online,495,90,28,67,Planned
BAT002517,ENT00130,CRS045214,Corporate Training Batch 2517,USR037672,2026-03-09,2026-04-23,Online,272,73,89,44,Running
BAT002518,ENT00431,CRS036617,Corporate Training Batch 2518,USR034062,2026-01-16,2026-04-16,Hybrid,287,91,65,46,Running
BAT002519,ENT00254,CRS038787,Corporate Training Batch 2519,USR022754,2026-03-20,2026-06-18,Offline,192,73,94,22,Running
BAT002520,ENT00491,CRS013744,Corporate Training Batch 2520,USR020176,2025-12-18,2026-01-01,Hybrid,209,98,90,44,Running
BAT002521,ENT00237,CRS023750,Corporate Training Batch 2521,USR022512,2025-12-19,2026-03-19,Hybrid,433,63,87,37,Completed
BAT002522,ENT00123,CRS032751,Corporate Training Batch 2522,USR030458,2026-04-04,2026-04-18,Online,484,88,33,20,Running
BAT002523,ENT00449,CRS033841,Corporate Training Batch 2523,USR030376,2026-02-20,2026-04-06,Hybrid,476,61,59,68,On Hold
BAT002524,ENT00322,CRS047387,Corporate Training Batch 2524,USR031451,2026-05-01,2026-05-08,Hybrid,496,67,79,26,On Hold
BAT002525,ENT00395,CRS040715,Corporate Training Batch 2525,USR000900,2025-11-18,2025-12-18,Offline,179,57,87,69,Planned
BAT002526,ENT00400,CRS003421,Corporate Training Batch 2526,USR037175,2026-02-18,2026-03-20,Offline,201,94,55,58,Completed
BAT002527,ENT00224,CRS036177,Corporate Training Batch 2527,USR043476,2026-02-28,2026-04-14,Offline,222,69,85,26,Completed
BAT002528,ENT00348,CRS044530,Corporate Training Batch 2528,USR025689,2026-03-17,2026-04-16,Hybrid,411,88,47,91,On Hold
BAT002529,ENT00215,CRS019566,Corporate Training Batch 2529,USR002460,2026-05-10,2026-08-08,Hybrid,10,77,51,93,Completed
BAT002530,ENT00136,CRS000064,Corporate Training Batch 2530,USR035204,2025-12-06,2026-03-06,Offline,330,74,69,30,Planned
BAT002531,ENT00150,CRS013593,Corporate Training Batch 2531,USR013166,2026-01-13,2026-03-14,Offline,217,63,98,51,Planned
BAT002532,ENT00424,CRS018185,Corporate Training Batch 2532,USR016116,2025-12-22,2026-02-20,Hybrid,397,60,24,41,Running
BAT002533,ENT00098,CRS004742,Corporate Training Batch 2533,USR004429,2026-04-20,2026-06-19,Hybrid,446,83,73,46,Completed
BAT002534,ENT00161,CRS013119,Corporate Training Batch 2534,USR049460,2025-11-25,2025-12-09,Hybrid,385,89,33,42,Running
BAT002535,ENT00083,CRS049915,Corporate Training Batch 2535,USR030331,2025-12-22,2026-01-21,Online,85,60,94,89,On Hold
BAT002536,ENT00013,CRS045878,Corporate Training Batch 2536,USR017615,2026-03-06,2026-04-20,Offline,393,70,53,71,Running
BAT002537,ENT00244,CRS012884,Corporate Training Batch 2537,USR024352,2026-04-10,2026-04-24,Online,237,72,62,99,Planned
BAT002538,ENT00116,CRS035299,Corporate Training Batch 2538,USR020999,2026-04-18,2026-05-02,Offline,45,56,74,39,Completed
BAT002539,ENT00177,CRS020786,Corporate Training Batch 2539,USR016335,2026-03-07,2026-06-05,Offline,304,77,86,81,Planned
BAT002540,ENT00429,CRS001954,Corporate Training Batch 2540,USR036355,2026-02-05,2026-03-22,Offline,257,82,79,29,On Hold
BAT002541,ENT00353,CRS038188,Corporate Training Batch 2541,USR041581,2025-11-17,2025-11-24,Online,298,58,32,58,Completed
BAT002542,ENT00355,CRS040581,Corporate Training Batch 2542,USR031287,2025-11-29,2025-12-29,Offline,162,69,41,88,Running
BAT002543,ENT00153,CRS007867,Corporate Training Batch 2543,USR020894,2026-04-08,2026-04-15,Online,190,66,69,55,On Hold
BAT002544,ENT00438,CRS022468,Corporate Training Batch 2544,USR006668,2026-05-09,2026-08-07,Hybrid,187,93,96,57,Running
BAT002545,ENT00317,CRS034252,Corporate Training Batch 2545,USR001992,2026-01-19,2026-03-05,Online,471,80,62,93,On Hold
BAT002546,ENT00339,CRS046737,Corporate Training Batch 2546,USR003111,2026-01-24,2026-02-07,Hybrid,309,56,22,61,On Hold
BAT002547,ENT00113,CRS018720,Corporate Training Batch 2547,USR016714,2025-12-15,2025-12-29,Online,281,99,29,33,Planned
BAT002548,ENT00090,CRS011899,Corporate Training Batch 2548,USR005393,2026-05-13,2026-05-20,Online,181,62,25,37,On Hold
BAT002549,ENT00165,CRS029886,Corporate Training Batch 2549,USR047309,2026-03-02,2026-04-16,Online,456,83,86,57,Planned
BAT002550,ENT00350,CRS038693,Corporate Training Batch 2550,USR020498,2026-01-20,2026-01-27,Online,170,100,90,62,On Hold
BAT002551,ENT00012,CRS032286,Corporate Training Batch 2551,USR021529,2026-04-24,2026-05-01,Hybrid,195,70,59,39,Planned
BAT002552,ENT00387,CRS045360,Corporate Training Batch 2552,USR021906,2025-11-28,2026-01-12,Offline,436,87,21,75,Completed
BAT002553,ENT00275,CRS027629,Corporate Training Batch 2553,USR011276,2025-12-29,2026-02-12,Offline,220,97,25,58,Planned
BAT002554,ENT00393,CRS028154,Corporate Training Batch 2554,USR004256,2026-01-18,2026-01-25,Online,453,75,48,78,Planned
BAT002555,ENT00011,CRS014692,Corporate Training Batch 2555,USR040270,2026-02-14,2026-03-31,Hybrid,186,89,61,70,On Hold
BAT002556,ENT00141,CRS047649,Corporate Training Batch 2556,USR046320,2026-01-03,2026-02-17,Online,325,72,68,92,Completed
BAT002557,ENT00127,CRS047677,Corporate Training Batch 2557,USR019994,2025-11-26,2026-02-24,Offline,415,89,74,34,On Hold
BAT002558,ENT00119,CRS021052,Corporate Training Batch 2558,USR034637,2026-02-14,2026-02-21,Offline,408,93,99,24,Completed
BAT002559,ENT00392,CRS010972,Corporate Training Batch 2559,USR043867,2026-01-29,2026-03-15,Hybrid,320,70,22,43,Completed
BAT002560,ENT00125,CRS017361,Corporate Training Batch 2560,USR035256,2026-02-11,2026-04-12,Online,493,60,94,97,Completed
BAT002561,ENT00374,CRS006412,Corporate Training Batch 2561,USR001482,2026-01-13,2026-02-27,Online,370,83,91,94,On Hold
BAT002562,ENT00471,CRS001305,Corporate Training Batch 2562,USR031300,2026-04-30,2026-07-29,Hybrid,184,77,87,52,On Hold
BAT002563,ENT00409,CRS016404,Corporate Training Batch 2563,USR013643,2026-03-09,2026-03-16,Offline,462,100,83,47,Running
BAT002564,ENT00270,CRS034813,Corporate Training Batch 2564,USR046099,2026-04-01,2026-05-01,Online,218,93,30,66,On Hold
BAT002565,ENT00253,CRS014100,Corporate Training Batch 2565,USR049572,2026-01-05,2026-04-05,Hybrid,146,93,74,61,On Hold
BAT002566,ENT00088,CRS021272,Corporate Training Batch 2566,USR012262,2026-04-10,2026-05-25,Hybrid,445,58,73,85,Planned
BAT002567,ENT00479,CRS003372,Corporate Training Batch 2567,USR047614,2026-03-07,2026-03-14,Offline,43,93,36,29,Running
BAT002568,ENT00302,CRS005659,Corporate Training Batch 2568,USR045303,2026-01-22,2026-01-29,Offline,419,100,29,61,On Hold
BAT002569,ENT00351,CRS042336,Corporate Training Batch 2569,USR018474,2026-01-30,2026-02-06,Online,248,59,59,73,Planned
BAT002570,ENT00417,CRS000765,Corporate Training Batch 2570,USR019266,2026-03-04,2026-04-18,Online,262,81,65,93,Running
BAT002571,ENT00436,CRS006220,Corporate Training Batch 2571,USR032558,2026-04-11,2026-04-25,Offline,293,99,84,73,Planned
BAT002572,ENT00158,CRS045945,Corporate Training Batch 2572,USR039385,2026-04-01,2026-05-01,Hybrid,247,71,86,60,Planned
BAT002573,ENT00163,CRS014580,Corporate Training Batch 2573,USR014531,2026-02-22,2026-05-23,Online,359,83,93,54,Planned
BAT002574,ENT00327,CRS003495,Corporate Training Batch 2574,USR028755,2026-03-14,2026-04-28,Online,321,98,69,65,Running
BAT002575,ENT00130,CRS043252,Corporate Training Batch 2575,USR004008,2026-03-27,2026-05-26,Hybrid,59,65,86,27,Planned
BAT002576,ENT00253,CRS046732,Corporate Training Batch 2576,USR037195,2026-03-24,2026-05-23,Online,290,71,35,23,Running
BAT002577,ENT00045,CRS033853,Corporate Training Batch 2577,USR008401,2026-03-24,2026-04-07,Online,266,93,31,59,Planned
BAT002578,ENT00064,CRS003171,Corporate Training Batch 2578,USR042291,2026-04-10,2026-04-17,Hybrid,21,73,25,45,Planned
BAT002579,ENT00270,CRS048158,Corporate Training Batch 2579,USR036145,2025-12-19,2026-01-02,Hybrid,97,81,28,67,Completed
BAT002580,ENT00167,CRS028134,Corporate Training Batch 2580,USR022415,2026-03-31,2026-05-15,Hybrid,457,100,27,96,Running
BAT002581,ENT00232,CRS029545,Corporate Training Batch 2581,USR011004,2026-02-04,2026-03-06,Offline,468,64,70,79,Running
BAT002582,ENT00098,CRS027608,Corporate Training Batch 2582,USR021232,2025-11-16,2025-11-23,Hybrid,196,86,70,30,Running
BAT002583,ENT00344,CRS012596,Corporate Training Batch 2583,USR045765,2026-03-31,2026-06-29,Hybrid,222,73,50,72,On Hold
BAT002584,ENT00468,CRS035256,Corporate Training Batch 2584,USR044221,2025-12-16,2025-12-30,Offline,320,98,92,88,Completed
BAT002585,ENT00314,CRS043657,Corporate Training Batch 2585,USR034153,2026-03-15,2026-03-22,Hybrid,402,78,93,24,Completed
BAT002586,ENT00225,CRS015650,Corporate Training Batch 2586,USR008854,2025-12-01,2025-12-15,Online,112,83,79,30,Running
BAT002587,ENT00186,CRS016952,Corporate Training Batch 2587,USR048842,2026-01-01,2026-03-02,Offline,415,77,24,69,Running
BAT002588,ENT00225,CRS045694,Corporate Training Batch 2588,USR029758,2026-02-03,2026-05-04,Hybrid,177,74,31,85,Planned
BAT002589,ENT00045,CRS008319,Corporate Training Batch 2589,USR005975,2026-03-29,2026-04-28,Offline,353,88,65,88,On Hold
BAT002590,ENT00087,CRS026364,Corporate Training Batch 2590,USR031318,2026-01-04,2026-04-04,Offline,34,75,67,92,On Hold
BAT002591,ENT00047,CRS047952,Corporate Training Batch 2591,USR032582,2026-03-14,2026-06-12,Hybrid,57,86,25,74,Running
BAT002592,ENT00243,CRS026445,Corporate Training Batch 2592,USR041851,2025-12-13,2026-01-12,Offline,427,57,66,27,Completed
BAT002593,ENT00109,CRS013804,Corporate Training Batch 2593,USR011011,2025-12-27,2026-01-26,Offline,243,70,49,52,On Hold
BAT002594,ENT00139,CRS011814,Corporate Training Batch 2594,USR030868,2026-04-26,2026-05-10,Online,259,81,36,79,On Hold
BAT002595,ENT00366,CRS043395,Corporate Training Batch 2595,USR042575,2026-05-10,2026-08-08,Offline,352,100,49,83,Planned
BAT002596,ENT00235,CRS006798,Corporate Training Batch 2596,USR048771,2026-03-06,2026-03-13,Hybrid,191,85,40,21,Completed
BAT002597,ENT00023,CRS022860,Corporate Training Batch 2597,USR046520,2025-12-25,2026-01-24,Online,11,94,60,88,Completed
BAT002598,ENT00303,CRS048502,Corporate Training Batch 2598,USR007446,2026-03-29,2026-06-27,Offline,214,67,44,78,Planned
BAT002599,ENT00451,CRS049006,Corporate Training Batch 2599,USR008067,2026-04-02,2026-04-16,Offline,156,80,60,49,On Hold
BAT002600,ENT00479,CRS017699,Corporate Training Batch 2600,USR026146,2026-01-26,2026-04-26,Online,116,94,57,47,Running
BAT002601,ENT00195,CRS002209,Corporate Training Batch 2601,USR011507,2026-01-24,2026-01-31,Online,292,77,63,65,Running
BAT002602,ENT00440,CRS049006,Corporate Training Batch 2602,USR020755,2026-03-05,2026-04-04,Online,407,93,56,27,Completed
BAT002603,ENT00315,CRS042077,Corporate Training Batch 2603,USR004834,2026-03-31,2026-06-29,Hybrid,368,57,38,93,Running
BAT002604,ENT00118,CRS019401,Corporate Training Batch 2604,USR033627,2026-02-16,2026-04-02,Online,350,80,100,86,Completed
BAT002605,ENT00452,CRS022537,Corporate Training Batch 2605,USR023019,2026-01-24,2026-03-25,Online,386,90,94,81,Planned
BAT002606,ENT00497,CRS007857,Corporate Training Batch 2606,USR000938,2025-11-26,2025-12-10,Offline,377,88,93,98,Running
BAT002607,ENT00168,CRS007782,Corporate Training Batch 2607,USR036906,2026-04-08,2026-07-07,Online,151,86,38,80,On Hold
BAT002608,ENT00216,CRS012018,Corporate Training Batch 2608,USR043723,2026-04-12,2026-05-12,Offline,466,100,32,45,On Hold
BAT002609,ENT00160,CRS020346,Corporate Training Batch 2609,USR005677,2026-03-20,2026-06-18,Hybrid,341,70,75,79,On Hold
BAT002610,ENT00252,CRS014507,Corporate Training Batch 2610,USR038539,2026-02-01,2026-05-02,Online,389,56,74,100,Running
BAT002611,ENT00305,CRS007701,Corporate Training Batch 2611,USR013910,2025-11-27,2026-01-11,Online,191,86,60,45,On Hold
BAT002612,ENT00116,CRS034573,Corporate Training Batch 2612,USR048571,2025-12-18,2025-12-25,Online,379,72,86,21,Running
BAT002613,ENT00488,CRS024942,Corporate Training Batch 2613,USR010313,2026-02-04,2026-02-11,Online,65,87,28,82,Running
BAT002614,ENT00500,CRS022073,Corporate Training Batch 2614,USR039001,2025-12-15,2026-03-15,Online,351,56,98,96,On Hold
BAT002615,ENT00463,CRS029431,Corporate Training Batch 2615,USR042309,2026-04-08,2026-07-07,Offline,226,77,59,42,Completed
BAT002616,ENT00353,CRS011408,Corporate Training Batch 2616,USR016216,2026-01-04,2026-03-05,Offline,233,62,20,29,On Hold
BAT002617,ENT00418,CRS015080,Corporate Training Batch 2617,USR044110,2025-12-30,2026-01-06,Offline,101,85,67,69,On Hold
BAT002618,ENT00286,CRS005427,Corporate Training Batch 2618,USR029650,2026-05-13,2026-06-27,Offline,498,57,100,37,Completed
BAT002619,ENT00342,CRS034131,Corporate Training Batch 2619,USR034479,2025-12-14,2026-01-13,Hybrid,60,69,20,53,Completed
BAT002620,ENT00125,CRS024478,Corporate Training Batch 2620,USR019128,2026-01-22,2026-03-23,Online,181,85,48,40,On Hold
BAT002621,ENT00251,CRS041613,Corporate Training Batch 2621,USR001972,2025-12-31,2026-01-14,Online,227,69,32,72,Planned
BAT002622,ENT00328,CRS039184,Corporate Training Batch 2622,USR014889,2026-01-27,2026-02-26,Online,471,84,33,59,Planned
BAT002623,ENT00182,CRS043750,Corporate Training Batch 2623,USR048630,2026-02-26,2026-03-05,Online,383,64,73,60,On Hold
BAT002624,ENT00269,CRS001140,Corporate Training Batch 2624,USR024447,2026-01-22,2026-02-05,Online,232,77,77,85,Running
BAT002625,ENT00065,CRS029956,Corporate Training Batch 2625,USR003725,2026-01-09,2026-01-23,Hybrid,14,99,43,46,Running
BAT002626,ENT00167,CRS031023,Corporate Training Batch 2626,USR023141,2026-02-13,2026-02-20,Hybrid,52,93,36,47,Completed
BAT002627,ENT00423,CRS036060,Corporate Training Batch 2627,USR024731,2026-05-04,2026-07-03,Hybrid,470,88,48,75,Running
BAT002628,ENT00473,CRS009640,Corporate Training Batch 2628,USR031610,2026-01-05,2026-03-06,Online,97,76,25,41,Running
BAT002629,ENT00061,CRS042455,Corporate Training Batch 2629,USR024650,2026-04-07,2026-05-07,Hybrid,393,66,75,84,Planned
BAT002630,ENT00013,CRS047751,Corporate Training Batch 2630,USR040215,2026-04-13,2026-04-27,Online,64,89,40,94,On Hold
BAT002631,ENT00021,CRS048870,Corporate Training Batch 2631,USR043348,2025-12-03,2026-01-02,Online,477,77,70,58,Running
BAT002632,ENT00367,CRS000636,Corporate Training Batch 2632,USR033243,2026-03-19,2026-03-26,Offline,194,67,80,96,Completed
BAT002633,ENT00078,CRS020190,Corporate Training Batch 2633,USR021008,2025-12-31,2026-01-30,Offline,141,56,59,80,On Hold
BAT002634,ENT00269,CRS000114,Corporate Training Batch 2634,USR049363,2026-04-29,2026-06-13,Hybrid,312,100,95,80,Completed
BAT002635,ENT00357,CRS027791,Corporate Training Batch 2635,USR001238,2025-12-15,2026-01-14,Online,244,74,76,97,Completed
BAT002636,ENT00480,CRS013885,Corporate Training Batch 2636,USR023633,2026-01-23,2026-01-30,Offline,334,67,74,41,Running
BAT002637,ENT00345,CRS030201,Corporate Training Batch 2637,USR015731,2026-04-06,2026-04-20,Online,266,91,56,33,Running
BAT002638,ENT00024,CRS049224,Corporate Training Batch 2638,USR013466,2026-04-26,2026-05-10,Offline,120,91,69,39,Running
BAT002639,ENT00221,CRS008240,Corporate Training Batch 2639,USR015740,2026-01-01,2026-01-08,Hybrid,318,92,46,89,Running
BAT002640,ENT00322,CRS015022,Corporate Training Batch 2640,USR042869,2026-01-08,2026-03-09,Online,377,63,76,66,Planned
BAT002641,ENT00128,CRS031300,Corporate Training Batch 2641,USR010632,2026-03-27,2026-04-26,Online,119,87,56,71,Planned
BAT002642,ENT00228,CRS049555,Corporate Training Batch 2642,USR041012,2026-01-25,2026-04-25,Hybrid,449,94,24,98,Completed
BAT002643,ENT00203,CRS008932,Corporate Training Batch 2643,USR045609,2026-05-03,2026-06-02,Hybrid,195,74,94,46,Running
BAT002644,ENT00429,CRS045012,Corporate Training Batch 2644,USR011328,2026-03-06,2026-04-20,Hybrid,250,62,23,41,Running
BAT002645,ENT00323,CRS023598,Corporate Training Batch 2645,USR006704,2026-01-16,2026-02-15,Hybrid,25,84,22,49,Completed
BAT002646,ENT00299,CRS024509,Corporate Training Batch 2646,USR041810,2025-12-07,2025-12-21,Offline,448,82,87,27,Running
BAT002647,ENT00261,CRS046754,Corporate Training Batch 2647,USR025410,2025-12-19,2025-12-26,Offline,69,68,76,30,Planned
BAT002648,ENT00124,CRS044705,Corporate Training Batch 2648,USR006814,2026-05-10,2026-06-09,Offline,300,92,22,56,Planned
BAT002649,ENT00277,CRS006481,Corporate Training Batch 2649,USR037937,2025-11-16,2026-01-15,Offline,352,57,57,46,Running
BAT002650,ENT00309,CRS045263,Corporate Training Batch 2650,USR022910,2025-12-30,2026-02-28,Online,296,58,75,62,Planned
BAT002651,ENT00486,CRS026102,Corporate Training Batch 2651,USR007799,2026-02-25,2026-05-26,Offline,84,66,75,30,Planned
BAT002652,ENT00339,CRS037101,Corporate Training Batch 2652,USR002401,2026-05-13,2026-06-27,Online,240,77,49,33,Completed
BAT002653,ENT00196,CRS027657,Corporate Training Batch 2653,USR029610,2026-02-18,2026-02-25,Hybrid,238,87,22,72,Planned
BAT002654,ENT00219,CRS023343,Corporate Training Batch 2654,USR034340,2025-12-30,2026-01-29,Online,91,75,90,62,Completed
BAT002655,ENT00136,CRS040354,Corporate Training Batch 2655,USR029072,2026-01-21,2026-02-20,Hybrid,298,92,87,96,Planned
BAT002656,ENT00272,CRS009865,Corporate Training Batch 2656,USR005344,2026-05-09,2026-08-07,Offline,363,79,67,64,Planned
BAT002657,ENT00350,CRS026356,Corporate Training Batch 2657,USR010110,2026-01-17,2026-03-03,Offline,362,62,50,32,Planned
BAT002658,ENT00480,CRS029023,Corporate Training Batch 2658,USR001424,2026-04-14,2026-07-13,Hybrid,394,72,51,78,Completed
BAT002659,ENT00006,CRS022132,Corporate Training Batch 2659,USR020914,2026-04-30,2026-07-29,Hybrid,361,87,62,64,Running
BAT002660,ENT00336,CRS037685,Corporate Training Batch 2660,USR012474,2026-01-05,2026-04-05,Online,473,60,73,84,On Hold
BAT002661,ENT00276,CRS015861,Corporate Training Batch 2661,USR013474,2026-02-05,2026-02-19,Hybrid,119,73,33,44,Planned
BAT002662,ENT00088,CRS045740,Corporate Training Batch 2662,USR045298,2026-01-06,2026-02-20,Offline,166,79,85,37,Planned
BAT002663,ENT00279,CRS047849,Corporate Training Batch 2663,USR012336,2026-03-30,2026-05-14,Hybrid,77,56,27,52,Planned
BAT002664,ENT00098,CRS027577,Corporate Training Batch 2664,USR041288,2026-04-07,2026-04-14,Offline,63,61,50,80,Running
BAT002665,ENT00435,CRS005948,Corporate Training Batch 2665,USR041322,2026-04-04,2026-06-03,Hybrid,308,90,100,90,On Hold
BAT002666,ENT00046,CRS035189,Corporate Training Batch 2666,USR013942,2026-01-06,2026-01-13,Hybrid,463,88,84,90,Completed
BAT002667,ENT00262,CRS001099,Corporate Training Batch 2667,USR002331,2026-03-13,2026-03-27,Offline,365,67,99,81,On Hold
BAT002668,ENT00111,CRS032002,Corporate Training Batch 2668,USR031872,2026-05-10,2026-07-09,Online,338,88,56,50,Planned
BAT002669,ENT00368,CRS006262,Corporate Training Batch 2669,USR042925,2026-02-23,2026-03-25,Hybrid,278,62,99,93,On Hold
BAT002670,ENT00126,CRS042141,Corporate Training Batch 2670,USR001870,2026-03-07,2026-06-05,Online,263,84,39,55,Completed
BAT002671,ENT00360,CRS045952,Corporate Training Batch 2671,USR024034,2025-11-30,2026-01-29,Hybrid,119,59,36,85,Completed
BAT002672,ENT00182,CRS021410,Corporate Training Batch 2672,USR027079,2026-04-09,2026-05-09,Hybrid,53,83,94,21,Completed
BAT002673,ENT00004,CRS024141,Corporate Training Batch 2673,USR013663,2026-04-26,2026-06-25,Hybrid,91,95,66,55,Running
BAT002674,ENT00183,CRS029409,Corporate Training Batch 2674,USR005652,2025-11-19,2025-12-03,Online,437,88,78,70,Completed
BAT002675,ENT00227,CRS036892,Corporate Training Batch 2675,USR020000,2026-05-08,2026-06-22,Offline,57,69,84,61,On Hold
BAT002676,ENT00216,CRS014792,Corporate Training Batch 2676,USR005449,2025-11-18,2026-02-16,Hybrid,35,92,99,21,Completed
BAT002677,ENT00149,CRS030323,Corporate Training Batch 2677,USR018355,2026-01-19,2026-03-05,Offline,431,90,20,92,On Hold
BAT002678,ENT00427,CRS048085,Corporate Training Batch 2678,USR012077,2026-01-27,2026-03-13,Online,158,71,46,31,Completed
BAT002679,ENT00158,CRS036378,Corporate Training Batch 2679,USR028132,2025-12-31,2026-03-31,Offline,202,99,31,76,On Hold
BAT002680,ENT00312,CRS011140,Corporate Training Batch 2680,USR044647,2026-03-03,2026-03-10,Hybrid,231,84,20,92,Planned
BAT002681,ENT00475,CRS002740,Corporate Training Batch 2681,USR021493,2026-03-10,2026-04-24,Hybrid,380,61,50,33,Planned
BAT002682,ENT00119,CRS018623,Corporate Training Batch 2682,USR014277,2026-03-16,2026-03-23,Hybrid,120,94,70,80,Planned
BAT002683,ENT00358,CRS028845,Corporate Training Batch 2683,USR043838,2026-03-31,2026-04-14,Online,395,84,77,60,Running
BAT002684,ENT00476,CRS025717,Corporate Training Batch 2684,USR001454,2025-12-05,2026-01-04,Online,159,92,52,100,Planned
BAT002685,ENT00379,CRS034997,Corporate Training Batch 2685,USR016257,2026-04-24,2026-07-23,Hybrid,20,63,25,86,Running
BAT002686,ENT00439,CRS023329,Corporate Training Batch 2686,USR004717,2025-11-22,2026-01-06,Online,123,100,57,52,Completed
BAT002687,ENT00307,CRS023468,Corporate Training Batch 2687,USR006217,2026-04-27,2026-05-27,Offline,110,70,74,71,On Hold
BAT002688,ENT00126,CRS008995,Corporate Training Batch 2688,USR041579,2025-12-28,2026-02-11,Online,494,55,49,39,Running
BAT002689,ENT00150,CRS002327,Corporate Training Batch 2689,USR025380,2026-01-24,2026-04-24,Hybrid,352,95,67,40,Planned
BAT002690,ENT00002,CRS008571,Corporate Training Batch 2690,USR026856,2026-01-21,2026-03-07,Hybrid,362,82,23,47,On Hold
BAT002691,ENT00338,CRS015232,Corporate Training Batch 2691,USR015800,2026-01-29,2026-02-05,Online,88,64,100,33,Completed
BAT002692,ENT00125,CRS041769,Corporate Training Batch 2692,USR020302,2026-02-07,2026-03-24,Online,244,93,76,71,Planned
BAT002693,ENT00163,CRS027827,Corporate Training Batch 2693,USR033826,2025-12-11,2025-12-18,Online,161,62,50,38,Running
BAT002694,ENT00218,CRS048455,Corporate Training Batch 2694,USR042788,2026-03-13,2026-04-12,Offline,436,98,36,22,Running
BAT002695,ENT00298,CRS009362,Corporate Training Batch 2695,USR013531,2026-05-03,2026-05-10,Hybrid,236,100,28,78,On Hold
BAT002696,ENT00431,CRS044499,Corporate Training Batch 2696,USR015121,2026-03-04,2026-04-03,Online,389,70,87,22,Running
BAT002697,ENT00029,CRS005355,Corporate Training Batch 2697,USR012655,2026-05-11,2026-08-09,Offline,266,90,79,70,Completed
BAT002698,ENT00015,CRS014731,Corporate Training Batch 2698,USR009415,2026-04-08,2026-05-08,Offline,268,98,22,86,Planned
BAT002699,ENT00324,CRS026693,Corporate Training Batch 2699,USR049621,2026-01-18,2026-03-19,Offline,368,89,52,98,Completed
BAT002700,ENT00104,CRS002238,Corporate Training Batch 2700,USR042702,2025-11-18,2026-02-16,Offline,255,74,24,79,On Hold
BAT002701,ENT00082,CRS027772,Corporate Training Batch 2701,USR017179,2026-05-07,2026-05-14,Hybrid,455,84,41,28,Running
BAT002702,ENT00472,CRS040633,Corporate Training Batch 2702,USR004064,2026-02-01,2026-05-02,Offline,339,61,24,94,Planned
BAT002703,ENT00349,CRS040542,Corporate Training Batch 2703,USR022514,2025-11-21,2025-12-21,Online,65,64,85,77,Planned
BAT002704,ENT00456,CRS043076,Corporate Training Batch 2704,USR008156,2026-01-23,2026-04-23,Online,103,78,95,63,Running
BAT002705,ENT00029,CRS015953,Corporate Training Batch 2705,USR001054,2025-12-10,2025-12-17,Online,415,91,22,54,Planned
BAT002706,ENT00438,CRS043674,Corporate Training Batch 2706,USR042449,2026-01-24,2026-03-25,Offline,241,95,23,77,Completed
BAT002707,ENT00003,CRS026682,Corporate Training Batch 2707,USR031055,2026-03-29,2026-04-05,Online,457,98,48,45,Planned
BAT002708,ENT00174,CRS021301,Corporate Training Batch 2708,USR006213,2026-02-07,2026-04-08,Offline,475,78,93,58,Running
BAT002709,ENT00365,CRS033173,Corporate Training Batch 2709,USR049701,2025-12-03,2025-12-10,Offline,183,87,94,59,Planned
BAT002710,ENT00471,CRS031265,Corporate Training Batch 2710,USR025179,2026-02-22,2026-03-01,Online,89,64,99,49,Completed
BAT002711,ENT00396,CRS001241,Corporate Training Batch 2711,USR024753,2025-11-15,2025-12-15,Offline,459,96,65,46,Planned
BAT002712,ENT00458,CRS012460,Corporate Training Batch 2712,USR037296,2026-01-01,2026-03-02,Offline,494,91,68,91,Completed
BAT002713,ENT00465,CRS034950,Corporate Training Batch 2713,USR044512,2026-03-15,2026-04-29,Hybrid,321,81,29,72,Completed
BAT002714,ENT00013,CRS011442,Corporate Training Batch 2714,USR015446,2026-02-07,2026-03-24,Online,264,77,66,42,Planned
BAT002715,ENT00071,CRS020101,Corporate Training Batch 2715,USR025481,2026-05-13,2026-05-27,Hybrid,460,92,34,81,Completed
BAT002716,ENT00318,CRS044182,Corporate Training Batch 2716,USR001524,2026-04-13,2026-06-12,Online,413,96,55,42,Completed
BAT002717,ENT00049,CRS015482,Corporate Training Batch 2717,USR011916,2025-12-11,2026-01-25,Online,432,79,45,64,Planned
BAT002718,ENT00264,CRS007758,Corporate Training Batch 2718,USR001728,2026-04-07,2026-05-07,Hybrid,65,95,32,44,Completed
BAT002719,ENT00129,CRS009780,Corporate Training Batch 2719,USR038923,2026-02-14,2026-04-15,Online,120,78,39,69,On Hold
BAT002720,ENT00041,CRS040773,Corporate Training Batch 2720,USR012681,2025-12-21,2026-02-04,Online,31,58,80,33,Completed
BAT002721,ENT00252,CRS001575,Corporate Training Batch 2721,USR049198,2026-03-28,2026-04-04,Hybrid,481,96,71,30,Planned
BAT002722,ENT00046,CRS037811,Corporate Training Batch 2722,USR040580,2025-11-16,2025-11-23,Offline,431,66,31,69,Running
BAT002723,ENT00326,CRS028689,Corporate Training Batch 2723,USR040278,2025-12-30,2026-01-13,Offline,458,89,45,83,Completed
BAT002724,ENT00003,CRS021343,Corporate Training Batch 2724,USR046379,2026-03-05,2026-06-03,Online,305,93,32,53,Planned
BAT002725,ENT00099,CRS049047,Corporate Training Batch 2725,USR003047,2025-12-09,2026-01-08,Offline,195,87,55,59,Running
BAT002726,ENT00461,CRS008496,Corporate Training Batch 2726,USR014757,2026-02-06,2026-04-07,Online,60,81,71,85,Running
BAT002727,ENT00035,CRS026675,Corporate Training Batch 2727,USR004273,2026-03-20,2026-06-18,Offline,370,62,38,96,Planned
BAT002728,ENT00187,CRS019034,Corporate Training Batch 2728,USR008523,2026-04-25,2026-06-09,Online,321,93,63,89,Running
BAT002729,ENT00086,CRS012203,Corporate Training Batch 2729,USR034029,2026-04-09,2026-07-08,Online,327,59,46,82,On Hold
BAT002730,ENT00108,CRS011033,Corporate Training Batch 2730,USR016152,2025-12-22,2026-01-21,Online,106,64,25,69,Running
BAT002731,ENT00330,CRS004785,Corporate Training Batch 2731,USR046944,2026-02-19,2026-05-20,Offline,25,81,31,94,Completed
BAT002732,ENT00434,CRS041323,Corporate Training Batch 2732,USR002308,2026-03-25,2026-06-23,Hybrid,384,83,35,63,Planned
BAT002733,ENT00070,CRS049131,Corporate Training Batch 2733,USR008573,2026-04-22,2026-05-06,Online,113,66,79,31,On Hold
BAT002734,ENT00128,CRS034800,Corporate Training Batch 2734,USR003803,2026-01-10,2026-01-24,Offline,223,89,82,21,Planned
BAT002735,ENT00090,CRS044481,Corporate Training Batch 2735,USR029153,2026-01-27,2026-03-13,Offline,108,71,88,65,Planned
BAT002736,ENT00175,CRS017387,Corporate Training Batch 2736,USR037682,2026-04-27,2026-06-26,Offline,227,68,63,26,Running
BAT002737,ENT00079,CRS042661,Corporate Training Batch 2737,USR004690,2026-01-24,2026-03-25,Offline,248,92,22,53,Completed
BAT002738,ENT00130,CRS033816,Corporate Training Batch 2738,USR048549,2026-01-05,2026-04-05,Offline,44,58,28,97,Planned
BAT002739,ENT00109,CRS034596,Corporate Training Batch 2739,USR037223,2026-02-24,2026-03-26,Offline,487,96,43,35,On Hold
BAT002740,ENT00332,CRS026636,Corporate Training Batch 2740,USR026826,2026-02-16,2026-03-02,Offline,50,64,68,41,Completed
BAT002741,ENT00060,CRS036323,Corporate Training Batch 2741,USR003965,2026-01-19,2026-03-20,Offline,19,70,25,81,On Hold
BAT002742,ENT00391,CRS009222,Corporate Training Batch 2742,USR027414,2026-03-11,2026-03-25,Offline,459,56,41,59,Running
BAT002743,ENT00356,CRS021275,Corporate Training Batch 2743,USR007227,2026-02-25,2026-04-11,Hybrid,122,58,88,35,Running
BAT002744,ENT00355,CRS016250,Corporate Training Batch 2744,USR009906,2026-02-21,2026-02-28,Offline,119,92,57,60,Running
BAT002745,ENT00298,CRS028146,Corporate Training Batch 2745,USR009238,2025-11-19,2026-01-03,Hybrid,201,57,20,64,On Hold
BAT002746,ENT00175,CRS032759,Corporate Training Batch 2746,USR046533,2026-02-04,2026-03-06,Offline,90,67,100,42,Completed
BAT002747,ENT00478,CRS011522,Corporate Training Batch 2747,USR027141,2026-03-06,2026-03-13,Hybrid,45,63,36,52,Running
BAT002748,ENT00126,CRS026794,Corporate Training Batch 2748,USR014067,2025-12-08,2026-02-06,Online,19,73,34,74,On Hold
BAT002749,ENT00133,CRS018426,Corporate Training Batch 2749,USR038723,2026-03-06,2026-06-04,Hybrid,354,83,30,93,Completed
BAT002750,ENT00124,CRS023368,Corporate Training Batch 2750,USR042985,2026-01-05,2026-02-04,Online,459,100,44,40,Running
BAT002751,ENT00075,CRS007162,Corporate Training Batch 2751,USR040351,2026-05-13,2026-08-11,Hybrid,369,70,48,83,On Hold
BAT002752,ENT00064,CRS018067,Corporate Training Batch 2752,USR023524,2026-03-24,2026-03-31,Online,336,61,84,66,On Hold
BAT002753,ENT00330,CRS014612,Corporate Training Batch 2753,USR001584,2026-04-25,2026-05-09,Hybrid,95,55,32,53,On Hold
BAT002754,ENT00044,CRS033935,Corporate Training Batch 2754,USR018880,2026-05-03,2026-07-02,Online,426,94,79,49,Completed
BAT002755,ENT00427,CRS013919,Corporate Training Batch 2755,USR025246,2025-12-02,2026-01-01,Hybrid,40,56,64,94,On Hold
BAT002756,ENT00083,CRS008598,Corporate Training Batch 2756,USR005628,2026-03-04,2026-03-18,Offline,242,80,51,79,Planned
BAT002757,ENT00198,CRS028526,Corporate Training Batch 2757,USR036118,2026-03-15,2026-06-13,Offline,168,83,93,74,Running
BAT002758,ENT00181,CRS003347,Corporate Training Batch 2758,USR012763,2026-05-06,2026-05-20,Hybrid,429,58,42,36,On Hold
BAT002759,ENT00496,CRS017737,Corporate Training Batch 2759,USR018045,2026-05-04,2026-05-18,Hybrid,222,84,62,78,Running
BAT002760,ENT00423,CRS036199,Corporate Training Batch 2760,USR008970,2026-01-08,2026-02-22,Hybrid,492,76,95,52,On Hold
BAT002761,ENT00424,CRS045561,Corporate Training Batch 2761,USR038229,2025-11-16,2025-12-31,Online,65,93,56,39,Running
BAT002762,ENT00213,CRS025257,Corporate Training Batch 2762,USR036409,2025-12-24,2026-02-07,Offline,78,62,49,79,Completed
BAT002763,ENT00138,CRS000052,Corporate Training Batch 2763,USR038262,2026-03-29,2026-04-12,Online,396,95,65,28,Completed
BAT002764,ENT00381,CRS014944,Corporate Training Batch 2764,USR008268,2025-12-08,2026-01-07,Online,82,64,25,34,Running
BAT002765,ENT00034,CRS017193,Corporate Training Batch 2765,USR026019,2026-01-03,2026-02-17,Online,396,90,39,69,Completed
BAT002766,ENT00212,CRS033650,Corporate Training Batch 2766,USR008485,2026-01-03,2026-02-17,Online,184,63,99,28,Planned
BAT002767,ENT00210,CRS041226,Corporate Training Batch 2767,USR009866,2026-04-27,2026-06-11,Online,433,82,100,86,Running
BAT002768,ENT00402,CRS006012,Corporate Training Batch 2768,USR029063,2026-01-01,2026-02-15,Hybrid,174,66,22,23,Planned
BAT002769,ENT00300,CRS049726,Corporate Training Batch 2769,USR042198,2026-03-29,2026-04-05,Offline,238,89,28,85,On Hold
BAT002770,ENT00282,CRS004140,Corporate Training Batch 2770,USR032228,2026-03-19,2026-04-18,Offline,432,82,65,82,Running
BAT002771,ENT00091,CRS040135,Corporate Training Batch 2771,USR004488,2026-03-12,2026-04-26,Hybrid,200,60,53,44,Running
BAT002772,ENT00462,CRS019472,Corporate Training Batch 2772,USR023817,2026-03-26,2026-06-24,Online,405,84,53,37,Planned
BAT002773,ENT00406,CRS010327,Corporate Training Batch 2773,USR003243,2026-01-12,2026-01-19,Offline,179,83,49,22,Running
BAT002774,ENT00388,CRS000854,Corporate Training Batch 2774,USR029096,2026-01-23,2026-02-22,Offline,73,71,61,60,Planned
BAT002775,ENT00049,CRS031595,Corporate Training Batch 2775,USR020123,2026-01-02,2026-04-02,Offline,339,69,79,61,Running
BAT002776,ENT00365,CRS013785,Corporate Training Batch 2776,USR032090,2026-05-12,2026-08-10,Offline,343,66,81,84,Running
BAT002777,ENT00388,CRS048115,Corporate Training Batch 2777,USR019025,2026-02-10,2026-03-12,Online,122,91,96,39,Planned
BAT002778,ENT00283,CRS008561,Corporate Training Batch 2778,USR009122,2026-05-13,2026-07-12,Offline,240,70,39,36,On Hold
BAT002779,ENT00082,CRS034524,Corporate Training Batch 2779,USR034048,2026-02-14,2026-02-28,Online,165,58,65,39,Planned
BAT002780,ENT00323,CRS047081,Corporate Training Batch 2780,USR045442,2026-03-02,2026-05-01,Offline,346,78,40,49,Running
BAT002781,ENT00369,CRS026103,Corporate Training Batch 2781,USR004053,2026-02-09,2026-04-10,Hybrid,131,60,97,74,Running
BAT002782,ENT00034,CRS018525,Corporate Training Batch 2782,USR037300,2026-02-15,2026-05-16,Offline,414,58,49,54,On Hold
BAT002783,ENT00497,CRS031824,Corporate Training Batch 2783,USR024206,2026-01-02,2026-02-16,Hybrid,444,85,54,24,Completed
BAT002784,ENT00108,CRS041819,Corporate Training Batch 2784,USR003502,2026-03-30,2026-05-29,Hybrid,227,66,69,40,Completed
BAT002785,ENT00120,CRS046867,Corporate Training Batch 2785,USR045878,2026-03-15,2026-05-14,Online,299,84,29,81,Completed
BAT002786,ENT00078,CRS045184,Corporate Training Batch 2786,USR034123,2026-02-12,2026-02-26,Offline,488,72,88,20,Running
BAT002787,ENT00279,CRS049799,Corporate Training Batch 2787,USR007210,2026-02-26,2026-03-12,Online,205,99,53,51,Running
BAT002788,ENT00085,CRS027837,Corporate Training Batch 2788,USR014530,2026-03-14,2026-03-21,Hybrid,179,91,100,63,Running
BAT002789,ENT00296,CRS009744,Corporate Training Batch 2789,USR031769,2025-11-19,2025-12-19,Offline,87,61,61,23,Running
BAT002790,ENT00132,CRS001556,Corporate Training Batch 2790,USR004853,2026-04-12,2026-05-12,Online,204,75,24,76,Running
BAT002791,ENT00055,CRS032749,Corporate Training Batch 2791,USR006369,2026-01-10,2026-01-24,Offline,163,91,22,87,On Hold
BAT002792,ENT00147,CRS016504,Corporate Training Batch 2792,USR031290,2026-02-06,2026-03-23,Offline,187,76,40,84,Planned
BAT002793,ENT00145,CRS041258,Corporate Training Batch 2793,USR027948,2026-03-11,2026-04-25,Offline,232,80,67,59,On Hold
BAT002794,ENT00164,CRS027475,Corporate Training Batch 2794,USR018269,2026-03-18,2026-03-25,Online,155,56,74,81,On Hold
BAT002795,ENT00401,CRS036699,Corporate Training Batch 2795,USR013849,2025-11-15,2026-01-14,Offline,412,61,43,20,On Hold
BAT002796,ENT00300,CRS037350,Corporate Training Batch 2796,USR016754,2026-03-22,2026-06-20,Offline,290,84,100,79,Completed
BAT002797,ENT00033,CRS015485,Corporate Training Batch 2797,USR012841,2025-12-23,2026-01-22,Hybrid,116,60,65,99,Completed
BAT002798,ENT00355,CRS033761,Corporate Training Batch 2798,USR031744,2026-01-24,2026-01-31,Offline,345,80,31,79,Running
BAT002799,ENT00271,CRS035570,Corporate Training Batch 2799,USR021496,2026-02-09,2026-03-26,Offline,303,97,75,67,Completed
BAT002800,ENT00043,CRS046768,Corporate Training Batch 2800,USR043624,2025-12-29,2026-03-29,Online,75,82,56,63,Planned
BAT002801,ENT00490,CRS002289,Corporate Training Batch 2801,USR004214,2025-12-07,2025-12-21,Offline,227,73,71,38,Planned
BAT002802,ENT00156,CRS047191,Corporate Training Batch 2802,USR033033,2026-02-15,2026-05-16,Online,182,96,41,68,Planned
BAT002803,ENT00076,CRS016037,Corporate Training Batch 2803,USR031069,2026-05-09,2026-05-23,Hybrid,352,74,100,42,Planned
BAT002804,ENT00259,CRS036681,Corporate Training Batch 2804,USR008793,2026-01-22,2026-03-08,Online,275,74,76,94,Planned
BAT002805,ENT00007,CRS043732,Corporate Training Batch 2805,USR032018,2026-01-17,2026-03-18,Hybrid,41,82,77,65,Running
BAT002806,ENT00123,CRS012694,Corporate Training Batch 2806,USR028899,2026-03-29,2026-04-12,Hybrid,311,80,93,79,Running
BAT002807,ENT00048,CRS011049,Corporate Training Batch 2807,USR011712,2026-03-24,2026-05-23,Offline,66,63,74,50,Planned
BAT002808,ENT00283,CRS024293,Corporate Training Batch 2808,USR018209,2025-11-15,2025-12-15,Online,191,67,98,21,Completed
BAT002809,ENT00336,CRS023435,Corporate Training Batch 2809,USR034105,2026-05-03,2026-06-17,Offline,388,74,39,75,Completed
BAT002810,ENT00018,CRS018796,Corporate Training Batch 2810,USR033211,2026-03-07,2026-03-14,Hybrid,204,61,50,20,Planned
BAT002811,ENT00156,CRS008216,Corporate Training Batch 2811,USR041291,2026-02-25,2026-04-26,Hybrid,278,80,26,36,Running
BAT002812,ENT00031,CRS042518,Corporate Training Batch 2812,USR033283,2026-05-05,2026-05-19,Offline,483,83,96,86,On Hold
BAT002813,ENT00359,CRS035173,Corporate Training Batch 2813,USR001838,2025-12-08,2026-01-22,Offline,78,74,99,47,Running
BAT002814,ENT00477,CRS045385,Corporate Training Batch 2814,USR025651,2026-03-09,2026-04-08,Hybrid,325,83,24,58,Completed
BAT002815,ENT00279,CRS009753,Corporate Training Batch 2815,USR023638,2026-04-29,2026-06-13,Hybrid,187,77,66,36,On Hold
BAT002816,ENT00438,CRS021211,Corporate Training Batch 2816,USR000340,2025-12-11,2025-12-18,Hybrid,158,73,25,53,Running
BAT002817,ENT00077,CRS040386,Corporate Training Batch 2817,USR049522,2026-03-21,2026-04-04,Online,441,76,80,65,Running
BAT002818,ENT00322,CRS032681,Corporate Training Batch 2818,USR000789,2026-01-05,2026-02-19,Hybrid,462,96,72,34,Running
BAT002819,ENT00429,CRS021938,Corporate Training Batch 2819,USR010538,2026-04-12,2026-04-19,Offline,354,92,60,86,Running
BAT002820,ENT00442,CRS017468,Corporate Training Batch 2820,USR014754,2026-04-19,2026-06-18,Offline,136,97,45,64,On Hold
BAT002821,ENT00233,CRS049010,Corporate Training Batch 2821,USR023045,2026-04-07,2026-07-06,Online,322,79,33,60,Planned
BAT002822,ENT00365,CRS042789,Corporate Training Batch 2822,USR041871,2025-11-22,2025-12-22,Offline,248,91,74,50,On Hold
BAT002823,ENT00142,CRS021125,Corporate Training Batch 2823,USR034904,2026-02-17,2026-04-03,Online,379,73,54,33,Completed
BAT002824,ENT00249,CRS035060,Corporate Training Batch 2824,USR037124,2026-03-11,2026-06-09,Hybrid,294,85,90,79,Running
BAT002825,ENT00344,CRS028917,Corporate Training Batch 2825,USR023764,2025-11-23,2025-11-30,Online,20,93,22,59,Completed
BAT002826,ENT00236,CRS046127,Corporate Training Batch 2826,USR043530,2026-01-04,2026-02-03,Hybrid,315,90,92,40,Running
BAT002827,ENT00167,CRS017097,Corporate Training Batch 2827,USR027656,2025-11-21,2026-01-20,Hybrid,328,86,100,91,Planned
BAT002828,ENT00124,CRS048826,Corporate Training Batch 2828,USR019323,2026-03-23,2026-04-06,Hybrid,371,74,90,40,On Hold
BAT002829,ENT00222,CRS020673,Corporate Training Batch 2829,USR008158,2026-04-17,2026-07-16,Online,290,79,37,31,On Hold
BAT002830,ENT00438,CRS012809,Corporate Training Batch 2830,USR045864,2026-04-06,2026-07-05,Online,68,68,95,56,On Hold
BAT002831,ENT00238,CRS043225,Corporate Training Batch 2831,USR019102,2025-12-07,2026-03-07,Offline,45,62,61,75,Planned
BAT002832,ENT00066,CRS042590,Corporate Training Batch 2832,USR009539,2026-01-30,2026-03-16,Offline,402,64,33,77,Completed
BAT002833,ENT00104,CRS036003,Corporate Training Batch 2833,USR041874,2026-03-31,2026-04-30,Hybrid,440,67,95,63,Completed
BAT002834,ENT00417,CRS023739,Corporate Training Batch 2834,USR045389,2026-04-07,2026-04-21,Online,378,87,26,48,On Hold
BAT002835,ENT00427,CRS022607,Corporate Training Batch 2835,USR047964,2026-03-25,2026-05-09,Offline,262,88,34,53,Running
BAT002836,ENT00299,CRS015833,Corporate Training Batch 2836,USR009599,2025-11-28,2025-12-12,Online,216,65,53,86,Running
BAT002837,ENT00308,CRS028887,Corporate Training Batch 2837,USR011915,2026-04-06,2026-07-05,Online,20,66,83,28,Planned
BAT002838,ENT00184,CRS014584,Corporate Training Batch 2838,USR012617,2026-03-12,2026-05-11,Online,344,99,83,25,Completed
BAT002839,ENT00025,CRS045710,Corporate Training Batch 2839,USR035602,2026-02-24,2026-04-25,Offline,490,86,30,28,Planned
BAT002840,ENT00079,CRS021613,Corporate Training Batch 2840,USR049896,2026-04-09,2026-04-16,Hybrid,144,57,79,63,Planned
BAT002841,ENT00087,CRS009969,Corporate Training Batch 2841,USR027087,2026-03-21,2026-05-05,Hybrid,289,57,68,75,Running
BAT002842,ENT00032,CRS012466,Corporate Training Batch 2842,USR044356,2026-03-01,2026-03-15,Offline,463,100,64,93,Running
BAT002843,ENT00248,CRS014841,Corporate Training Batch 2843,USR039931,2026-01-17,2026-01-24,Offline,454,57,68,27,Planned
BAT002844,ENT00458,CRS035013,Corporate Training Batch 2844,USR001322,2026-02-06,2026-03-23,Online,229,80,46,28,Running
BAT002845,ENT00487,CRS017487,Corporate Training Batch 2845,USR035254,2025-11-26,2025-12-10,Online,294,79,62,76,On Hold
BAT002846,ENT00412,CRS000053,Corporate Training Batch 2846,USR007936,2026-05-11,2026-06-25,Offline,93,94,23,75,Planned
BAT002847,ENT00386,CRS029112,Corporate Training Batch 2847,USR033950,2025-12-30,2026-03-30,Hybrid,457,89,26,77,Planned
BAT002848,ENT00083,CRS003739,Corporate Training Batch 2848,USR041381,2026-04-29,2026-05-29,Hybrid,281,66,52,95,On Hold
BAT002849,ENT00177,CRS011022,Corporate Training Batch 2849,USR049009,2026-04-20,2026-05-04,Hybrid,118,83,65,57,Running
BAT002850,ENT00425,CRS047667,Corporate Training Batch 2850,USR047534,2026-04-03,2026-04-10,Hybrid,205,100,55,28,Completed
BAT002851,ENT00293,CRS008430,Corporate Training Batch 2851,USR016738,2026-03-19,2026-04-18,Offline,193,55,87,33,Running
BAT002852,ENT00423,CRS000560,Corporate Training Batch 2852,USR024896,2026-04-26,2026-07-25,Hybrid,113,90,79,94,Running
BAT002853,ENT00017,CRS037600,Corporate Training Batch 2853,USR020879,2025-11-18,2025-12-18,Online,402,80,25,93,Completed
BAT002854,ENT00481,CRS028320,Corporate Training Batch 2854,USR003404,2026-05-10,2026-05-24,Hybrid,145,55,64,42,Planned
BAT002855,ENT00254,CRS032164,Corporate Training Batch 2855,USR008000,2026-04-22,2026-04-29,Online,58,85,73,43,Completed
BAT002856,ENT00448,CRS004003,Corporate Training Batch 2856,USR024780,2026-01-29,2026-02-12,Online,282,72,32,58,On Hold
BAT002857,ENT00097,CRS000872,Corporate Training Batch 2857,USR045400,2026-01-05,2026-04-05,Hybrid,399,87,35,68,On Hold
BAT002858,ENT00322,CRS020092,Corporate Training Batch 2858,USR016612,2025-12-29,2026-01-12,Online,373,92,73,38,Completed
BAT002859,ENT00434,CRS006079,Corporate Training Batch 2859,USR028897,2026-01-04,2026-01-18,Online,65,97,67,53,Completed
BAT002860,ENT00266,CRS028159,Corporate Training Batch 2860,USR016348,2026-01-18,2026-02-17,Hybrid,388,58,51,72,Completed
BAT002861,ENT00342,CRS026074,Corporate Training Batch 2861,USR017990,2025-12-28,2026-01-11,Hybrid,427,66,33,83,Planned
BAT002862,ENT00320,CRS015659,Corporate Training Batch 2862,USR030066,2026-05-02,2026-07-31,Hybrid,149,90,37,21,On Hold
BAT002863,ENT00190,CRS013362,Corporate Training Batch 2863,USR005255,2026-03-10,2026-04-24,Offline,165,70,45,58,Planned
BAT002864,ENT00345,CRS011193,Corporate Training Batch 2864,USR034330,2025-11-18,2025-12-02,Hybrid,494,94,63,44,On Hold
BAT002865,ENT00460,CRS045881,Corporate Training Batch 2865,USR021983,2026-03-28,2026-05-27,Offline,453,79,22,35,Running
BAT002866,ENT00144,CRS029496,Corporate Training Batch 2866,USR015558,2026-02-18,2026-04-04,Offline,295,56,48,58,Running
BAT002867,ENT00197,CRS038939,Corporate Training Batch 2867,USR040620,2026-04-27,2026-05-04,Offline,398,87,51,60,On Hold
BAT002868,ENT00249,CRS046507,Corporate Training Batch 2868,USR032953,2026-03-17,2026-05-16,Offline,274,91,26,67,Running
BAT002869,ENT00160,CRS028841,Corporate Training Batch 2869,USR001096,2026-02-24,2026-04-25,Online,500,88,54,99,Completed
BAT002870,ENT00381,CRS043248,Corporate Training Batch 2870,USR023406,2026-04-22,2026-06-06,Offline,72,60,93,74,Running
BAT002871,ENT00034,CRS019356,Corporate Training Batch 2871,USR005702,2025-12-28,2026-03-28,Hybrid,360,71,100,85,Planned
BAT002872,ENT00367,CRS015311,Corporate Training Batch 2872,USR043328,2026-01-13,2026-01-20,Offline,474,67,72,65,Running
BAT002873,ENT00130,CRS036549,Corporate Training Batch 2873,USR038252,2026-01-24,2026-02-07,Offline,102,99,91,100,On Hold
BAT002874,ENT00300,CRS008415,Corporate Training Batch 2874,USR037337,2026-02-18,2026-02-25,Online,24,96,96,26,On Hold
BAT002875,ENT00399,CRS017217,Corporate Training Batch 2875,USR019466,2026-04-28,2026-06-27,Online,149,60,31,37,Running
BAT002876,ENT00087,CRS004338,Corporate Training Batch 2876,USR004816,2025-12-29,2026-01-28,Offline,196,77,71,31,Completed
BAT002877,ENT00126,CRS048718,Corporate Training Batch 2877,USR016213,2026-04-23,2026-04-30,Hybrid,132,60,41,68,Running
BAT002878,ENT00423,CRS039818,Corporate Training Batch 2878,USR037972,2026-03-19,2026-05-03,Hybrid,280,57,46,83,Completed
BAT002879,ENT00215,CRS001949,Corporate Training Batch 2879,USR014852,2026-04-14,2026-05-29,Hybrid,195,91,65,29,On Hold
BAT002880,ENT00167,CRS008221,Corporate Training Batch 2880,USR035507,2026-03-26,2026-05-25,Hybrid,218,56,60,76,Planned
BAT002881,ENT00237,CRS031442,Corporate Training Batch 2881,USR023668,2026-01-08,2026-02-22,Online,233,70,30,63,Planned
BAT002882,ENT00227,CRS022904,Corporate Training Batch 2882,USR023122,2026-02-16,2026-05-17,Hybrid,94,92,49,23,Planned
BAT002883,ENT00324,CRS034322,Corporate Training Batch 2883,USR033735,2026-02-19,2026-04-20,Hybrid,86,65,40,43,Running
BAT002884,ENT00270,CRS019751,Corporate Training Batch 2884,USR042197,2026-04-17,2026-06-16,Hybrid,203,68,81,36,On Hold
BAT002885,ENT00382,CRS020320,Corporate Training Batch 2885,USR014937,2026-01-21,2026-02-20,Online,140,69,52,84,On Hold
BAT002886,ENT00436,CRS023282,Corporate Training Batch 2886,USR044973,2025-12-28,2026-02-11,Offline,224,70,88,52,On Hold
BAT002887,ENT00359,CRS045003,Corporate Training Batch 2887,USR038564,2026-02-22,2026-04-23,Online,370,71,23,66,Completed
BAT002888,ENT00348,CRS008871,Corporate Training Batch 2888,USR043571,2026-05-10,2026-05-24,Offline,69,83,46,64,Running
BAT002889,ENT00358,CRS024227,Corporate Training Batch 2889,USR044190,2026-01-30,2026-03-31,Online,357,81,44,94,On Hold
BAT002890,ENT00377,CRS018425,Corporate Training Batch 2890,USR048863,2026-02-19,2026-03-21,Offline,75,63,93,94,Running
BAT002891,ENT00030,CRS015236,Corporate Training Batch 2891,USR010159,2026-03-28,2026-04-11,Offline,261,70,53,76,Planned
BAT002892,ENT00274,CRS020984,Corporate Training Batch 2892,USR032617,2026-01-30,2026-02-06,Online,10,96,28,32,Completed
BAT002893,ENT00269,CRS031843,Corporate Training Batch 2893,USR026575,2026-01-25,2026-02-24,Hybrid,186,59,31,66,Planned
BAT002894,ENT00293,CRS001984,Corporate Training Batch 2894,USR005659,2026-01-31,2026-03-17,Offline,146,63,28,24,Planned
BAT002895,ENT00146,CRS013074,Corporate Training Batch 2895,USR009283,2026-01-13,2026-01-27,Hybrid,128,89,20,97,Planned
BAT002896,ENT00488,CRS001355,Corporate Training Batch 2896,USR006128,2026-01-27,2026-02-26,Hybrid,33,91,55,83,Planned
BAT002897,ENT00334,CRS039859,Corporate Training Batch 2897,USR011625,2025-12-13,2025-12-20,Offline,224,80,96,100,Completed
BAT002898,ENT00440,CRS040113,Corporate Training Batch 2898,USR018509,2026-01-07,2026-04-07,Offline,151,92,66,70,Running
BAT002899,ENT00377,CRS022601,Corporate Training Batch 2899,USR015718,2026-03-07,2026-04-21,Hybrid,349,81,96,97,Running
BAT002900,ENT00254,CRS016967,Corporate Training Batch 2900,USR005113,2025-11-22,2026-02-20,Offline,355,94,51,26,Planned
BAT002901,ENT00367,CRS003947,Corporate Training Batch 2901,USR017821,2025-12-11,2025-12-25,Offline,191,99,99,30,Completed
BAT002902,ENT00130,CRS000876,Corporate Training Batch 2902,USR044735,2026-03-11,2026-03-25,Hybrid,354,95,48,89,On Hold
BAT002903,ENT00252,CRS029291,Corporate Training Batch 2903,USR047012,2026-03-16,2026-03-23,Offline,81,97,59,86,On Hold
BAT002904,ENT00222,CRS022965,Corporate Training Batch 2904,USR022901,2026-02-01,2026-02-15,Hybrid,240,95,49,62,Completed
BAT002905,ENT00115,CRS043017,Corporate Training Batch 2905,USR036708,2026-04-26,2026-05-10,Offline,145,100,45,26,On Hold
BAT002906,ENT00234,CRS039590,Corporate Training Batch 2906,USR042767,2026-01-04,2026-01-18,Online,102,68,95,62,Running
BAT002907,ENT00263,CRS003226,Corporate Training Batch 2907,USR000422,2025-12-09,2026-01-08,Hybrid,170,69,21,78,Completed
BAT002908,ENT00363,CRS001003,Corporate Training Batch 2908,USR049685,2026-03-18,2026-04-01,Hybrid,263,87,80,21,Planned
BAT002909,ENT00285,CRS001166,Corporate Training Batch 2909,USR019745,2026-01-25,2026-04-25,Hybrid,260,64,62,34,Running
BAT002910,ENT00223,CRS005236,Corporate Training Batch 2910,USR017037,2026-03-02,2026-03-16,Hybrid,85,97,75,26,On Hold
BAT002911,ENT00137,CRS007472,Corporate Training Batch 2911,USR018670,2026-03-02,2026-04-16,Online,425,67,41,49,Running
BAT002912,ENT00294,CRS031868,Corporate Training Batch 2912,USR000267,2026-04-13,2026-06-12,Offline,77,82,75,23,On Hold
BAT002913,ENT00324,CRS014282,Corporate Training Batch 2913,USR025598,2026-02-17,2026-04-18,Offline,228,61,29,23,Planned
BAT002914,ENT00498,CRS042590,Corporate Training Batch 2914,USR019679,2026-01-04,2026-04-04,Online,366,82,40,53,On Hold
BAT002915,ENT00218,CRS010457,Corporate Training Batch 2915,USR002803,2026-01-07,2026-02-06,Offline,376,97,82,24,On Hold
BAT002916,ENT00344,CRS012753,Corporate Training Batch 2916,USR032974,2026-02-21,2026-02-28,Offline,112,98,80,82,Running
BAT002917,ENT00419,CRS036615,Corporate Training Batch 2917,USR032605,2025-12-01,2026-01-15,Online,246,100,78,65,Completed
BAT002918,ENT00335,CRS034699,Corporate Training Batch 2918,USR039537,2026-05-05,2026-05-19,Hybrid,101,71,64,38,Running
BAT002919,ENT00300,CRS016483,Corporate Training Batch 2919,USR039138,2025-12-10,2026-02-08,Offline,245,62,76,42,On Hold
BAT002920,ENT00444,CRS048336,Corporate Training Batch 2920,USR022621,2025-11-18,2026-01-02,Online,470,58,29,22,Completed
BAT002921,ENT00308,CRS024233,Corporate Training Batch 2921,USR006066,2026-03-29,2026-04-05,Hybrid,369,99,91,93,On Hold
BAT002922,ENT00462,CRS030492,Corporate Training Batch 2922,USR030100,2026-02-01,2026-04-02,Online,401,65,51,95,Planned
BAT002923,ENT00368,CRS006030,Corporate Training Batch 2923,USR043723,2025-12-03,2026-01-17,Offline,494,82,77,71,On Hold
BAT002924,ENT00076,CRS014323,Corporate Training Batch 2924,USR005655,2026-04-01,2026-05-31,Hybrid,369,91,43,33,Running
BAT002925,ENT00355,CRS019728,Corporate Training Batch 2925,USR007465,2026-02-03,2026-03-05,Online,378,77,68,48,Completed
BAT002926,ENT00409,CRS012667,Corporate Training Batch 2926,USR004375,2026-03-15,2026-03-22,Offline,481,82,57,22,On Hold
BAT002927,ENT00494,CRS047917,Corporate Training Batch 2927,USR008836,2026-01-17,2026-02-16,Offline,243,62,97,92,Running
BAT002928,ENT00430,CRS010093,Corporate Training Batch 2928,USR026169,2026-01-28,2026-03-29,Online,417,62,58,100,On Hold
BAT002929,ENT00134,CRS048225,Corporate Training Batch 2929,USR001934,2025-11-27,2025-12-27,Offline,33,87,32,37,Completed
BAT002930,ENT00025,CRS008261,Corporate Training Batch 2930,USR003389,2025-12-29,2026-02-12,Offline,224,88,40,73,On Hold
BAT002931,ENT00143,CRS032489,Corporate Training Batch 2931,USR045718,2025-12-10,2026-03-10,Online,457,80,47,34,On Hold
BAT002932,ENT00344,CRS032058,Corporate Training Batch 2932,USR045499,2026-05-04,2026-07-03,Online,250,77,42,50,On Hold
BAT002933,ENT00455,CRS042574,Corporate Training Batch 2933,USR037981,2026-04-23,2026-06-22,Hybrid,379,57,37,40,Planned
BAT002934,ENT00274,CRS048902,Corporate Training Batch 2934,USR017725,2025-11-18,2025-12-02,Offline,228,72,97,98,Planned
BAT002935,ENT00192,CRS045818,Corporate Training Batch 2935,USR000502,2026-01-18,2026-03-04,Hybrid,440,59,93,36,On Hold
BAT002936,ENT00182,CRS026016,Corporate Training Batch 2936,USR022531,2025-12-22,2026-02-20,Hybrid,411,82,92,23,On Hold
BAT002937,ENT00208,CRS027124,Corporate Training Batch 2937,USR031886,2026-03-28,2026-06-26,Online,242,68,22,83,Completed
BAT002938,ENT00470,CRS023152,Corporate Training Batch 2938,USR000799,2026-04-15,2026-04-22,Online,379,76,48,90,Running
BAT002939,ENT00092,CRS018684,Corporate Training Batch 2939,USR017336,2026-04-18,2026-05-18,Offline,151,81,39,39,Completed
BAT002940,ENT00208,CRS013500,Corporate Training Batch 2940,USR044663,2026-01-20,2026-03-06,Online,74,94,63,90,Running
BAT002941,ENT00053,CRS037525,Corporate Training Batch 2941,USR029596,2026-02-17,2026-03-19,Online,357,99,40,89,Completed
BAT002942,ENT00287,CRS043671,Corporate Training Batch 2942,USR032368,2026-04-30,2026-05-14,Offline,174,73,53,70,Running
BAT002943,ENT00255,CRS024125,Corporate Training Batch 2943,USR013826,2026-02-23,2026-04-09,Online,126,75,50,55,Running
BAT002944,ENT00052,CRS028740,Corporate Training Batch 2944,USR009496,2026-04-19,2026-04-26,Online,460,75,63,28,Completed
BAT002945,ENT00086,CRS012567,Corporate Training Batch 2945,USR029997,2026-03-01,2026-03-15,Offline,370,98,27,57,Completed
BAT002946,ENT00023,CRS021884,Corporate Training Batch 2946,USR024549,2026-05-06,2026-06-20,Hybrid,274,70,43,73,On Hold
BAT002947,ENT00092,CRS001513,Corporate Training Batch 2947,USR014388,2026-04-29,2026-05-13,Offline,79,94,61,75,Completed
BAT002948,ENT00341,CRS013054,Corporate Training Batch 2948,USR020333,2025-12-14,2025-12-21,Online,302,58,91,23,Planned
BAT002949,ENT00206,CRS014813,Corporate Training Batch 2949,USR043580,2026-01-30,2026-02-13,Hybrid,140,87,29,49,Planned
BAT002950,ENT00059,CRS002875,Corporate Training Batch 2950,USR011192,2026-02-20,2026-05-21,Offline,423,84,23,80,On Hold
BAT002951,ENT00130,CRS032141,Corporate Training Batch 2951,USR037357,2026-01-12,2026-01-26,Offline,343,78,71,43,Completed
BAT002952,ENT00499,CRS026259,Corporate Training Batch 2952,USR029595,2025-12-31,2026-01-14,Offline,138,98,86,74,Planned
BAT002953,ENT00266,CRS042780,Corporate Training Batch 2953,USR022071,2025-12-25,2026-01-08,Offline,59,58,32,75,Running
BAT002954,ENT00339,CRS021754,Corporate Training Batch 2954,USR003156,2026-03-12,2026-03-26,Hybrid,270,69,62,84,On Hold
BAT002955,ENT00213,CRS011748,Corporate Training Batch 2955,USR006492,2026-02-14,2026-03-31,Online,342,89,74,94,On Hold
BAT002956,ENT00139,CRS005949,Corporate Training Batch 2956,USR043969,2026-02-14,2026-02-28,Online,72,66,44,87,Running
BAT002957,ENT00284,CRS015945,Corporate Training Batch 2957,USR044668,2026-04-02,2026-05-02,Online,117,71,81,53,On Hold
BAT002958,ENT00026,CRS016254,Corporate Training Batch 2958,USR038124,2026-03-19,2026-06-17,Hybrid,447,76,51,47,Running
BAT002959,ENT00473,CRS036949,Corporate Training Batch 2959,USR041403,2026-04-02,2026-06-01,Online,412,94,61,86,Running
BAT002960,ENT00469,CRS043669,Corporate Training Batch 2960,USR045448,2026-02-02,2026-03-04,Hybrid,414,83,95,27,On Hold
BAT002961,ENT00240,CRS024952,Corporate Training Batch 2961,USR025180,2026-04-04,2026-04-11,Offline,126,65,45,83,Running
BAT002962,ENT00300,CRS038637,Corporate Training Batch 2962,USR011185,2026-04-28,2026-05-12,Hybrid,146,66,31,30,Running
BAT002963,ENT00229,CRS048764,Corporate Training Batch 2963,USR033541,2025-11-30,2025-12-14,Online,189,86,72,86,Planned
BAT002964,ENT00107,CRS032961,Corporate Training Batch 2964,USR025154,2025-12-29,2026-03-29,Hybrid,109,83,45,51,On Hold
BAT002965,ENT00336,CRS001940,Corporate Training Batch 2965,USR008108,2026-01-24,2026-03-25,Online,150,61,28,29,On Hold
BAT002966,ENT00080,CRS038319,Corporate Training Batch 2966,USR039183,2026-02-15,2026-04-01,Online,129,73,24,36,Running
BAT002967,ENT00101,CRS036070,Corporate Training Batch 2967,USR022293,2025-11-30,2025-12-30,Online,171,93,33,38,On Hold
BAT002968,ENT00204,CRS035275,Corporate Training Batch 2968,USR048916,2026-03-16,2026-04-30,Hybrid,284,76,46,73,On Hold
BAT002969,ENT00097,CRS012774,Corporate Training Batch 2969,USR042461,2026-03-29,2026-06-27,Hybrid,194,96,96,55,On Hold
BAT002970,ENT00286,CRS032911,Corporate Training Batch 2970,USR031546,2026-03-10,2026-03-24,Offline,92,61,88,88,Planned
BAT002971,ENT00228,CRS019742,Corporate Training Batch 2971,USR023048,2026-01-04,2026-01-18,Online,103,68,82,49,Completed
BAT002972,ENT00457,CRS020533,Corporate Training Batch 2972,USR025597,2026-04-09,2026-05-09,Online,303,59,23,78,Running
BAT002973,ENT00321,CRS025600,Corporate Training Batch 2973,USR025128,2026-01-02,2026-03-03,Online,321,100,48,82,Completed
BAT002974,ENT00230,CRS023398,Corporate Training Batch 2974,USR019718,2026-04-11,2026-04-18,Online,233,67,86,49,Completed
BAT002975,ENT00009,CRS001513,Corporate Training Batch 2975,USR038498,2026-04-09,2026-04-16,Online,322,81,76,83,Planned
BAT002976,ENT00486,CRS022452,Corporate Training Batch 2976,USR041957,2026-02-05,2026-02-19,Offline,79,78,31,51,Planned
BAT002977,ENT00159,CRS019517,Corporate Training Batch 2977,USR004053,2026-01-07,2026-03-08,Offline,158,71,45,82,Running
BAT002978,ENT00085,CRS045937,Corporate Training Batch 2978,USR000009,2026-01-01,2026-01-31,Offline,259,62,35,58,Completed
BAT002979,ENT00095,CRS017538,Corporate Training Batch 2979,USR012118,2026-03-08,2026-06-06,Online,153,72,50,64,On Hold
BAT002980,ENT00091,CRS036644,Corporate Training Batch 2980,USR041299,2026-03-31,2026-04-30,Offline,85,93,36,44,Running
BAT002981,ENT00459,CRS047774,Corporate Training Batch 2981,USR042172,2026-02-07,2026-04-08,Hybrid,206,73,97,28,Running
BAT002982,ENT00224,CRS004803,Corporate Training Batch 2982,USR049486,2025-11-16,2025-12-31,Hybrid,482,86,64,64,On Hold
BAT002983,ENT00136,CRS017011,Corporate Training Batch 2983,USR035334,2026-04-05,2026-04-19,Online,91,80,92,55,Completed
BAT002984,ENT00382,CRS010501,Corporate Training Batch 2984,USR040332,2026-01-30,2026-03-16,Online,46,91,63,70,Completed
BAT002985,ENT00499,CRS030964,Corporate Training Batch 2985,USR046568,2026-03-17,2026-05-16,Hybrid,217,75,57,76,Completed
BAT002986,ENT00471,CRS047753,Corporate Training Batch 2986,USR024510,2026-02-28,2026-03-07,Offline,500,64,37,77,Planned
BAT002987,ENT00268,CRS019506,Corporate Training Batch 2987,USR046473,2026-01-22,2026-02-05,Online,299,63,61,29,On Hold
BAT002988,ENT00482,CRS049111,Corporate Training Batch 2988,USR005231,2025-11-16,2025-11-30,Online,475,92,41,48,Planned
BAT002989,ENT00329,CRS003172,Corporate Training Batch 2989,USR003389,2026-01-10,2026-01-24,Online,201,62,84,22,On Hold
BAT002990,ENT00283,CRS046092,Corporate Training Batch 2990,USR011355,2026-03-20,2026-05-04,Offline,54,81,52,68,Completed
BAT002991,ENT00166,CRS019175,Corporate Training Batch 2991,USR042146,2025-11-21,2025-12-21,Online,30,70,87,27,Running
BAT002992,ENT00289,CRS018373,Corporate Training Batch 2992,USR004779,2026-04-06,2026-06-05,Offline,430,86,20,92,Planned
BAT002993,ENT00271,CRS003760,Corporate Training Batch 2993,USR004215,2026-01-02,2026-01-09,Hybrid,74,84,21,81,Running
BAT002994,ENT00420,CRS037037,Corporate Training Batch 2994,USR037869,2026-03-19,2026-04-02,Online,406,93,32,57,Running
BAT002995,ENT00254,CRS015517,Corporate Training Batch 2995,USR034161,2026-04-18,2026-06-17,Online,258,76,24,85,Completed
BAT002996,ENT00200,CRS041729,Corporate Training Batch 2996,USR035555,2026-02-19,2026-03-21,Online,281,69,76,43,Planned
BAT002997,ENT00436,CRS044264,Corporate Training Batch 2997,USR047611,2026-05-03,2026-05-17,Online,461,62,22,29,Completed
BAT002998,ENT00337,CRS018976,Corporate Training Batch 2998,USR032858,2026-01-22,2026-03-08,Online,34,83,100,26,Completed
BAT002999,ENT00090,CRS023110,Corporate Training Batch 2999,USR040230,2026-01-06,2026-01-13,Offline,449,99,89,23,Completed
BAT003000,ENT00042,CRS036401,Corporate Training Batch 3000,USR003229,2025-11-23,2025-12-07,Offline,209,72,78,66,Running
BAT003001,ENT00162,CRS027208,Corporate Training Batch 3001,USR024766,2026-01-19,2026-03-05,Offline,402,69,50,29,Running
BAT003002,ENT00147,CRS036572,Corporate Training Batch 3002,USR015725,2026-03-08,2026-03-15,Hybrid,40,87,75,23,Planned
BAT003003,ENT00089,CRS024817,Corporate Training Batch 3003,USR015661,2026-01-31,2026-03-02,Offline,300,83,45,61,On Hold
BAT003004,ENT00365,CRS033922,Corporate Training Batch 3004,USR026893,2026-03-07,2026-04-06,Offline,56,66,69,78,Completed
BAT003005,ENT00497,CRS030167,Corporate Training Batch 3005,USR031694,2025-11-20,2025-12-20,Online,257,78,91,62,Running
BAT003006,ENT00250,CRS048380,Corporate Training Batch 3006,USR007222,2026-02-04,2026-04-05,Online,212,78,66,32,Completed
BAT003007,ENT00485,CRS038247,Corporate Training Batch 3007,USR047231,2026-01-04,2026-01-18,Hybrid,94,71,52,57,Completed
BAT003008,ENT00237,CRS008150,Corporate Training Batch 3008,USR010122,2026-02-16,2026-05-17,Hybrid,456,73,40,27,Planned
BAT003009,ENT00404,CRS036176,Corporate Training Batch 3009,USR035609,2025-11-20,2026-01-04,Hybrid,218,91,28,50,Planned
BAT003010,ENT00157,CRS010690,Corporate Training Batch 3010,USR010068,2026-01-18,2026-01-25,Hybrid,435,99,35,100,Completed
BAT003011,ENT00023,CRS028774,Corporate Training Batch 3011,USR045986,2026-04-27,2026-05-11,Offline,91,83,28,60,On Hold
BAT003012,ENT00224,CRS006595,Corporate Training Batch 3012,USR031646,2026-03-28,2026-05-12,Hybrid,376,78,48,76,Running
BAT003013,ENT00447,CRS033117,Corporate Training Batch 3013,USR011031,2025-11-28,2026-01-27,Hybrid,240,94,54,89,On Hold
BAT003014,ENT00432,CRS044810,Corporate Training Batch 3014,USR022980,2026-03-18,2026-04-17,Hybrid,86,61,35,98,Running
BAT003015,ENT00418,CRS026960,Corporate Training Batch 3015,USR018199,2026-04-20,2026-07-19,Hybrid,58,68,22,98,Running
BAT003016,ENT00008,CRS031873,Corporate Training Batch 3016,USR015358,2025-11-15,2025-12-30,Hybrid,214,67,60,89,Planned
BAT003017,ENT00057,CRS048723,Corporate Training Batch 3017,USR015049,2026-02-09,2026-05-10,Online,20,60,58,83,On Hold
BAT003018,ENT00191,CRS034087,Corporate Training Batch 3018,USR014976,2025-12-15,2026-03-15,Offline,339,72,37,78,Completed
BAT003019,ENT00377,CRS047215,Corporate Training Batch 3019,USR018857,2026-01-09,2026-04-09,Online,296,66,86,35,Planned
BAT003020,ENT00288,CRS021492,Corporate Training Batch 3020,USR049683,2026-02-24,2026-04-25,Offline,81,69,99,25,Running
BAT003021,ENT00421,CRS041889,Corporate Training Batch 3021,USR033800,2026-05-05,2026-07-04,Online,417,60,79,34,Completed
BAT003022,ENT00016,CRS040885,Corporate Training Batch 3022,USR012521,2026-02-23,2026-05-24,Offline,179,86,79,66,Running
BAT003023,ENT00307,CRS010240,Corporate Training Batch 3023,USR021352,2026-03-13,2026-03-27,Hybrid,179,71,96,78,Running
BAT003024,ENT00161,CRS031314,Corporate Training Batch 3024,USR007268,2026-01-15,2026-01-29,Online,446,98,28,94,Planned
BAT003025,ENT00153,CRS013686,Corporate Training Batch 3025,USR030298,2026-02-24,2026-03-03,Online,497,95,80,62,Completed
BAT003026,ENT00268,CRS023022,Corporate Training Batch 3026,USR013868,2026-02-12,2026-03-29,Online,147,61,86,53,Planned
BAT003027,ENT00252,CRS006086,Corporate Training Batch 3027,USR030310,2025-11-17,2025-12-01,Online,24,65,94,85,On Hold
BAT003028,ENT00349,CRS008330,Corporate Training Batch 3028,USR019686,2026-03-10,2026-03-24,Hybrid,440,78,55,94,On Hold
BAT003029,ENT00026,CRS024717,Corporate Training Batch 3029,USR008334,2026-04-09,2026-07-08,Offline,361,62,91,37,On Hold
BAT003030,ENT00144,CRS026862,Corporate Training Batch 3030,USR002866,2026-03-05,2026-03-19,Online,35,68,71,90,Completed
BAT003031,ENT00297,CRS041731,Corporate Training Batch 3031,USR012265,2026-01-04,2026-03-05,Offline,410,77,20,87,Running
BAT003032,ENT00441,CRS038333,Corporate Training Batch 3032,USR016966,2025-12-30,2026-02-13,Offline,422,93,24,85,Running
BAT003033,ENT00283,CRS040261,Corporate Training Batch 3033,USR008175,2026-03-27,2026-04-03,Hybrid,11,63,83,78,Running
BAT003034,ENT00409,CRS010730,Corporate Training Batch 3034,USR019732,2026-02-12,2026-05-13,Online,283,96,74,39,On Hold
BAT003035,ENT00309,CRS020730,Corporate Training Batch 3035,USR003202,2026-03-15,2026-03-29,Online,418,89,91,91,Running
BAT003036,ENT00126,CRS006120,Corporate Training Batch 3036,USR037566,2025-12-28,2026-03-28,Offline,310,79,22,58,Planned
BAT003037,ENT00032,CRS000008,Corporate Training Batch 3037,USR046379,2025-12-15,2026-01-14,Hybrid,456,95,30,41,Completed
BAT003038,ENT00186,CRS029181,Corporate Training Batch 3038,USR022301,2025-11-18,2026-02-16,Hybrid,236,80,98,26,On Hold
BAT003039,ENT00169,CRS014122,Corporate Training Batch 3039,USR015772,2026-01-18,2026-03-19,Online,237,76,39,73,Completed
BAT003040,ENT00474,CRS035193,Corporate Training Batch 3040,USR008209,2026-04-29,2026-05-06,Offline,493,70,62,71,Running
BAT003041,ENT00480,CRS000845,Corporate Training Batch 3041,USR043589,2026-04-07,2026-05-22,Online,436,95,84,52,On Hold
BAT003042,ENT00330,CRS005031,Corporate Training Batch 3042,USR011493,2026-04-21,2026-06-05,Online,294,60,69,61,Running
BAT003043,ENT00498,CRS034425,Corporate Training Batch 3043,USR022092,2026-01-23,2026-01-30,Offline,146,99,50,98,Completed
BAT003044,ENT00357,CRS039980,Corporate Training Batch 3044,USR024200,2026-04-06,2026-06-05,Online,463,61,71,65,Planned
BAT003045,ENT00006,CRS027003,Corporate Training Batch 3045,USR024395,2026-05-06,2026-06-20,Online,447,100,83,25,On Hold
BAT003046,ENT00071,CRS016306,Corporate Training Batch 3046,USR012784,2026-02-20,2026-03-06,Online,177,72,77,23,Completed
BAT003047,ENT00241,CRS008682,Corporate Training Batch 3047,USR045330,2025-11-20,2025-12-04,Offline,464,57,65,74,Completed
BAT003048,ENT00453,CRS037409,Corporate Training Batch 3048,USR002046,2026-03-01,2026-05-30,Hybrid,385,100,83,46,Running
BAT003049,ENT00184,CRS025639,Corporate Training Batch 3049,USR016968,2026-03-21,2026-04-04,Hybrid,374,76,91,93,Planned
BAT003050,ENT00125,CRS029054,Corporate Training Batch 3050,USR042150,2026-01-01,2026-01-08,Hybrid,242,97,35,39,Planned
BAT003051,ENT00422,CRS038678,Corporate Training Batch 3051,USR016334,2025-12-09,2026-02-07,Offline,367,62,38,47,On Hold
BAT003052,ENT00136,CRS028629,Corporate Training Batch 3052,USR042300,2026-03-25,2026-04-01,Offline,460,88,87,85,Running
BAT003053,ENT00435,CRS011966,Corporate Training Batch 3053,USR025969,2026-02-04,2026-05-05,Hybrid,293,67,76,35,On Hold
BAT003054,ENT00232,CRS044992,Corporate Training Batch 3054,USR020012,2026-02-26,2026-05-27,Hybrid,484,67,47,73,On Hold
BAT003055,ENT00282,CRS003654,Corporate Training Batch 3055,USR048424,2026-03-07,2026-04-21,Offline,106,60,31,85,On Hold
BAT003056,ENT00258,CRS048935,Corporate Training Batch 3056,USR010543,2026-01-21,2026-04-21,Hybrid,156,99,60,55,Completed
BAT003057,ENT00011,CRS013959,Corporate Training Batch 3057,USR047515,2025-11-22,2026-01-21,Online,272,65,96,21,Completed
BAT003058,ENT00470,CRS002937,Corporate Training Batch 3058,USR025280,2026-04-16,2026-05-31,Online,249,63,41,57,Planned
BAT003059,ENT00464,CRS021511,Corporate Training Batch 3059,USR022727,2026-01-16,2026-03-17,Offline,286,94,62,58,Completed
BAT003060,ENT00109,CRS000006,Corporate Training Batch 3060,USR015885,2026-01-25,2026-02-08,Hybrid,408,64,47,96,Planned
BAT003061,ENT00425,CRS031957,Corporate Training Batch 3061,USR012403,2025-12-30,2026-02-13,Hybrid,488,68,47,86,On Hold
BAT003062,ENT00074,CRS004700,Corporate Training Batch 3062,USR022829,2026-01-19,2026-03-20,Offline,91,77,40,44,On Hold
BAT003063,ENT00014,CRS040777,Corporate Training Batch 3063,USR036166,2025-12-29,2026-01-05,Offline,98,56,69,44,Running
BAT003064,ENT00370,CRS012494,Corporate Training Batch 3064,USR001341,2026-01-04,2026-01-18,Offline,350,75,97,50,Completed
BAT003065,ENT00004,CRS041359,Corporate Training Batch 3065,USR048198,2025-11-19,2026-01-18,Online,485,67,52,65,Running
BAT003066,ENT00113,CRS046453,Corporate Training Batch 3066,USR041283,2025-12-13,2026-02-11,Offline,220,91,88,46,On Hold
BAT003067,ENT00423,CRS023985,Corporate Training Batch 3067,USR033771,2026-04-30,2026-06-29,Online,74,62,79,29,Running
BAT003068,ENT00240,CRS000636,Corporate Training Batch 3068,USR022293,2026-05-07,2026-05-21,Online,53,56,83,89,On Hold
BAT003069,ENT00254,CRS007981,Corporate Training Batch 3069,USR018374,2026-03-31,2026-04-14,Hybrid,188,68,84,41,On Hold
BAT003070,ENT00344,CRS007339,Corporate Training Batch 3070,USR044606,2026-04-01,2026-06-30,Hybrid,27,69,30,80,On Hold
BAT003071,ENT00402,CRS024952,Corporate Training Batch 3071,USR006281,2026-03-09,2026-05-08,Online,203,65,59,97,Planned
BAT003072,ENT00028,CRS044007,Corporate Training Batch 3072,USR046570,2026-02-07,2026-02-21,Online,479,81,91,69,Completed
BAT003073,ENT00441,CRS047040,Corporate Training Batch 3073,USR039273,2026-03-28,2026-06-26,Online,39,96,53,67,Completed
BAT003074,ENT00434,CRS037774,Corporate Training Batch 3074,USR042551,2026-05-07,2026-07-06,Online,87,79,50,60,Completed
BAT003075,ENT00393,CRS026970,Corporate Training Batch 3075,USR012196,2025-12-29,2026-03-29,Hybrid,72,57,47,79,Planned
BAT003076,ENT00058,CRS016263,Corporate Training Batch 3076,USR031226,2026-05-01,2026-06-15,Hybrid,410,68,100,48,On Hold
BAT003077,ENT00081,CRS047685,Corporate Training Batch 3077,USR013811,2026-04-27,2026-05-04,Hybrid,404,79,82,90,Completed
BAT003078,ENT00455,CRS048715,Corporate Training Batch 3078,USR015995,2026-02-24,2026-03-03,Offline,483,90,28,61,Running
BAT003079,ENT00355,CRS025330,Corporate Training Batch 3079,USR036777,2026-05-07,2026-06-21,Online,115,88,37,44,On Hold
BAT003080,ENT00102,CRS020379,Corporate Training Batch 3080,USR017970,2026-02-01,2026-02-15,Hybrid,371,82,67,21,Planned
BAT003081,ENT00180,CRS008243,Corporate Training Batch 3081,USR049282,2026-04-28,2026-05-28,Online,400,59,68,33,Completed
BAT003082,ENT00194,CRS040326,Corporate Training Batch 3082,USR014749,2025-11-28,2025-12-12,Offline,13,74,94,42,Completed
BAT003083,ENT00100,CRS029228,Corporate Training Batch 3083,USR032630,2025-12-16,2026-03-16,Online,353,68,43,30,Running
BAT003084,ENT00147,CRS018601,Corporate Training Batch 3084,USR014101,2026-02-09,2026-02-16,Online,281,71,78,33,Planned
BAT003085,ENT00006,CRS046656,Corporate Training Batch 3085,USR047324,2025-11-24,2025-12-08,Hybrid,354,68,97,97,On Hold
BAT003086,ENT00440,CRS027259,Corporate Training Batch 3086,USR033750,2025-12-17,2026-01-16,Offline,361,69,87,81,Planned
BAT003087,ENT00099,CRS037085,Corporate Training Batch 3087,USR008548,2026-03-14,2026-04-13,Hybrid,177,85,88,76,On Hold
BAT003088,ENT00149,CRS036701,Corporate Training Batch 3088,USR035779,2025-12-18,2026-01-01,Hybrid,279,59,92,39,Completed
BAT003089,ENT00068,CRS036431,Corporate Training Batch 3089,USR001235,2025-12-04,2026-03-04,Online,68,65,44,58,Planned
BAT003090,ENT00150,CRS001772,Corporate Training Batch 3090,USR015050,2025-12-16,2025-12-30,Hybrid,251,100,52,57,Running
BAT003091,ENT00238,CRS032128,Corporate Training Batch 3091,USR009152,2026-03-10,2026-06-08,Hybrid,161,75,88,21,Running
BAT003092,ENT00226,CRS010681,Corporate Training Batch 3092,USR028883,2025-12-15,2025-12-29,Hybrid,11,92,53,98,Completed
BAT003093,ENT00214,CRS000401,Corporate Training Batch 3093,USR005337,2026-04-20,2026-07-19,Online,236,67,36,35,Running
BAT003094,ENT00397,CRS024707,Corporate Training Batch 3094,USR019134,2026-01-24,2026-02-07,Hybrid,343,79,27,46,Running
BAT003095,ENT00048,CRS018301,Corporate Training Batch 3095,USR030072,2026-01-22,2026-03-23,Online,440,72,85,50,Running
BAT003096,ENT00465,CRS046704,Corporate Training Batch 3096,USR038729,2025-11-23,2026-02-21,Online,386,75,36,87,On Hold
BAT003097,ENT00114,CRS046695,Corporate Training Batch 3097,USR015134,2026-01-26,2026-03-12,Hybrid,465,86,73,64,Running
BAT003098,ENT00262,CRS036150,Corporate Training Batch 3098,USR009621,2026-04-08,2026-05-08,Offline,430,74,62,77,Completed
BAT003099,ENT00113,CRS033229,Corporate Training Batch 3099,USR003305,2026-03-02,2026-04-01,Online,340,59,54,95,Planned
BAT003100,ENT00380,CRS041716,Corporate Training Batch 3100,USR021703,2025-12-04,2026-03-04,Online,314,68,37,100,Running
BAT003101,ENT00200,CRS012975,Corporate Training Batch 3101,USR006310,2025-12-28,2026-01-11,Hybrid,115,73,79,59,Planned
BAT003102,ENT00299,CRS029204,Corporate Training Batch 3102,USR001944,2025-11-23,2026-01-22,Hybrid,497,73,61,42,Running
BAT003103,ENT00125,CRS023989,Corporate Training Batch 3103,USR047744,2026-05-02,2026-07-31,Offline,158,87,24,37,Planned
BAT003104,ENT00064,CRS035868,Corporate Training Batch 3104,USR028156,2025-12-17,2026-03-17,Online,48,66,85,83,Planned
BAT003105,ENT00318,CRS042034,Corporate Training Batch 3105,USR019045,2026-02-10,2026-04-11,Hybrid,409,60,22,84,Running
BAT003106,ENT00462,CRS000840,Corporate Training Batch 3106,USR015014,2026-03-16,2026-03-30,Hybrid,377,66,32,27,Running
BAT003107,ENT00455,CRS018754,Corporate Training Batch 3107,USR036739,2026-02-12,2026-03-14,Online,463,79,90,44,Planned
BAT003108,ENT00434,CRS038354,Corporate Training Batch 3108,USR039780,2026-03-22,2026-04-05,Hybrid,360,96,79,65,Completed
BAT003109,ENT00435,CRS049444,Corporate Training Batch 3109,USR027125,2026-02-20,2026-05-21,Hybrid,321,71,82,68,Completed
BAT003110,ENT00282,CRS032150,Corporate Training Batch 3110,USR027753,2026-02-17,2026-04-03,Hybrid,96,73,52,59,On Hold
BAT003111,ENT00006,CRS005439,Corporate Training Batch 3111,USR032656,2026-03-22,2026-05-21,Offline,366,72,37,89,Completed
BAT003112,ENT00210,CRS025652,Corporate Training Batch 3112,USR002606,2025-12-30,2026-02-13,Offline,142,57,31,82,On Hold
BAT003113,ENT00078,CRS036460,Corporate Training Batch 3113,USR036949,2025-12-12,2026-01-11,Offline,130,92,49,87,Running
BAT003114,ENT00212,CRS048922,Corporate Training Batch 3114,USR044458,2026-04-10,2026-04-17,Online,144,95,71,49,On Hold
BAT003115,ENT00146,CRS036880,Corporate Training Batch 3115,USR027721,2026-02-18,2026-03-20,Hybrid,310,61,58,77,On Hold
BAT003116,ENT00376,CRS013456,Corporate Training Batch 3116,USR032339,2026-01-13,2026-03-14,Offline,353,58,48,42,Running
BAT003117,ENT00181,CRS046967,Corporate Training Batch 3117,USR002347,2026-01-17,2026-04-17,Hybrid,101,55,33,59,Completed
BAT003118,ENT00164,CRS020070,Corporate Training Batch 3118,USR019642,2025-11-27,2025-12-11,Offline,200,92,90,37,On Hold
BAT003119,ENT00156,CRS025360,Corporate Training Batch 3119,USR039905,2025-11-26,2026-01-25,Offline,102,80,78,89,On Hold
BAT003120,ENT00192,CRS001762,Corporate Training Batch 3120,USR025091,2026-02-14,2026-03-31,Hybrid,500,64,93,22,Running
BAT003121,ENT00481,CRS013442,Corporate Training Batch 3121,USR000088,2026-05-09,2026-05-23,Hybrid,10,97,81,20,Running
BAT003122,ENT00152,CRS012255,Corporate Training Batch 3122,USR009936,2025-12-28,2026-01-27,Hybrid,260,83,57,52,Running
BAT003123,ENT00165,CRS035707,Corporate Training Batch 3123,USR042883,2025-11-17,2026-01-01,Online,45,66,27,50,Planned
BAT003124,ENT00266,CRS032782,Corporate Training Batch 3124,USR019821,2025-11-22,2025-11-29,Offline,41,66,51,49,On Hold
BAT003125,ENT00120,CRS043495,Corporate Training Batch 3125,USR022584,2026-02-15,2026-02-22,Online,453,85,80,46,Planned
BAT003126,ENT00250,CRS032943,Corporate Training Batch 3126,USR010919,2026-03-04,2026-04-18,Offline,150,87,40,40,On Hold
BAT003127,ENT00353,CRS011267,Corporate Training Batch 3127,USR023547,2026-02-19,2026-03-05,Hybrid,183,76,29,59,Completed
BAT003128,ENT00363,CRS021564,Corporate Training Batch 3128,USR000915,2025-12-23,2026-01-22,Hybrid,50,95,23,88,On Hold
BAT003129,ENT00247,CRS040162,Corporate Training Batch 3129,USR015351,2026-02-24,2026-04-10,Online,376,90,91,97,Planned
BAT003130,ENT00011,CRS030255,Corporate Training Batch 3130,USR046671,2026-05-12,2026-08-10,Hybrid,452,89,59,70,Completed
BAT003131,ENT00224,CRS049361,Corporate Training Batch 3131,USR003179,2026-02-14,2026-05-15,Hybrid,350,77,71,69,Running
BAT003132,ENT00135,CRS019828,Corporate Training Batch 3132,USR044107,2026-03-30,2026-04-13,Online,251,81,61,52,Running
BAT003133,ENT00032,CRS039886,Corporate Training Batch 3133,USR003460,2025-11-16,2026-02-14,Online,80,87,90,74,Completed
BAT003134,ENT00107,CRS007417,Corporate Training Batch 3134,USR029578,2026-01-14,2026-02-28,Hybrid,403,81,27,35,Running
BAT003135,ENT00485,CRS028758,Corporate Training Batch 3135,USR019768,2026-05-01,2026-06-30,Online,141,85,74,40,Completed
BAT003136,ENT00371,CRS036205,Corporate Training Batch 3136,USR023982,2025-11-14,2025-12-29,Hybrid,206,71,85,32,Running
BAT003137,ENT00205,CRS046725,Corporate Training Batch 3137,USR048678,2026-03-04,2026-03-18,Online,315,68,92,69,Planned
BAT003138,ENT00217,CRS009923,Corporate Training Batch 3138,USR049522,2026-02-06,2026-02-20,Online,432,96,46,37,Running
BAT003139,ENT00046,CRS040367,Corporate Training Batch 3139,USR048847,2026-03-19,2026-04-18,Hybrid,257,71,67,86,On Hold
BAT003140,ENT00218,CRS010408,Corporate Training Batch 3140,USR008808,2026-02-13,2026-04-14,Hybrid,26,87,79,77,Completed
BAT003141,ENT00076,CRS043325,Corporate Training Batch 3141,USR048458,2026-03-05,2026-05-04,Offline,221,95,92,71,On Hold
BAT003142,ENT00067,CRS009539,Corporate Training Batch 3142,USR044140,2026-03-05,2026-03-12,Online,475,95,53,20,Planned
BAT003143,ENT00405,CRS036768,Corporate Training Batch 3143,USR004994,2026-03-03,2026-04-17,Offline,392,91,62,92,On Hold
BAT003144,ENT00441,CRS049623,Corporate Training Batch 3144,USR020479,2026-01-25,2026-03-26,Hybrid,421,69,95,94,Planned
BAT003145,ENT00177,CRS011249,Corporate Training Batch 3145,USR011983,2026-02-25,2026-04-11,Online,177,63,66,77,Running
BAT003146,ENT00343,CRS001905,Corporate Training Batch 3146,USR002183,2025-12-22,2025-12-29,Offline,69,87,24,29,Planned
BAT003147,ENT00380,CRS034281,Corporate Training Batch 3147,USR018253,2025-11-23,2026-01-22,Hybrid,336,83,84,69,Planned
BAT003148,ENT00071,CRS015828,Corporate Training Batch 3148,USR034926,2026-01-23,2026-02-06,Offline,394,83,50,38,On Hold
BAT003149,ENT00338,CRS047444,Corporate Training Batch 3149,USR015611,2026-03-19,2026-03-26,Hybrid,47,60,80,44,Planned
BAT003150,ENT00423,CRS039145,Corporate Training Batch 3150,USR018447,2026-05-04,2026-08-02,Online,304,89,37,39,Completed
BAT003151,ENT00199,CRS030421,Corporate Training Batch 3151,USR033958,2026-01-06,2026-02-05,Online,419,99,55,67,Planned
BAT003152,ENT00182,CRS043469,Corporate Training Batch 3152,USR025894,2025-12-22,2026-03-22,Online,85,91,55,66,On Hold
BAT003153,ENT00005,CRS001344,Corporate Training Batch 3153,USR030773,2026-05-02,2026-06-16,Online,474,83,25,36,On Hold
BAT003154,ENT00049,CRS035005,Corporate Training Batch 3154,USR031454,2026-01-08,2026-02-22,Hybrid,265,79,43,36,Running
BAT003155,ENT00141,CRS049912,Corporate Training Batch 3155,USR027685,2026-01-01,2026-03-02,Online,295,99,84,69,Planned
BAT003156,ENT00496,CRS038306,Corporate Training Batch 3156,USR034189,2025-12-10,2025-12-24,Online,245,88,31,41,Running
BAT003157,ENT00423,CRS013129,Corporate Training Batch 3157,USR003132,2026-04-17,2026-04-24,Online,248,96,68,25,Running
BAT003158,ENT00112,CRS049121,Corporate Training Batch 3158,USR014805,2026-05-06,2026-05-13,Hybrid,317,98,92,32,Completed
BAT003159,ENT00211,CRS003660,Corporate Training Batch 3159,USR014198,2025-11-15,2025-12-15,Online,59,61,65,79,On Hold
BAT003160,ENT00265,CRS039096,Corporate Training Batch 3160,USR029002,2025-12-24,2026-01-07,Online,96,94,44,89,Running
BAT003161,ENT00051,CRS032461,Corporate Training Batch 3161,USR027166,2025-11-14,2026-01-13,Online,389,89,88,66,Completed
BAT003162,ENT00433,CRS042853,Corporate Training Batch 3162,USR007321,2026-04-11,2026-05-26,Offline,384,78,63,77,Running
BAT003163,ENT00168,CRS008043,Corporate Training Batch 3163,USR026774,2026-01-17,2026-04-17,Offline,362,59,54,24,Completed
BAT003164,ENT00081,CRS011958,Corporate Training Batch 3164,USR038783,2025-12-15,2025-12-29,Online,367,87,36,44,Completed
BAT003165,ENT00219,CRS028580,Corporate Training Batch 3165,USR020170,2025-11-24,2026-02-22,Offline,365,76,49,72,Planned
BAT003166,ENT00320,CRS032354,Corporate Training Batch 3166,USR043912,2026-04-20,2026-04-27,Offline,51,94,20,33,On Hold
BAT003167,ENT00482,CRS029454,Corporate Training Batch 3167,USR044384,2025-12-02,2026-01-16,Hybrid,130,92,98,36,On Hold
BAT003168,ENT00467,CRS025467,Corporate Training Batch 3168,USR030517,2026-01-20,2026-03-21,Hybrid,378,96,40,90,Planned
BAT003169,ENT00090,CRS018041,Corporate Training Batch 3169,USR021441,2026-02-25,2026-03-27,Offline,455,58,40,24,On Hold
BAT003170,ENT00161,CRS033307,Corporate Training Batch 3170,USR016926,2025-12-13,2026-01-27,Online,326,87,93,47,Completed
BAT003171,ENT00226,CRS031813,Corporate Training Batch 3171,USR008520,2025-12-08,2026-03-08,Hybrid,500,83,53,35,Completed
BAT003172,ENT00401,CRS025989,Corporate Training Batch 3172,USR022933,2026-04-01,2026-06-30,Offline,17,82,95,41,Planned
BAT003173,ENT00406,CRS017666,Corporate Training Batch 3173,USR036780,2026-02-18,2026-02-25,Online,239,90,74,61,On Hold
BAT003174,ENT00469,CRS032430,Corporate Training Batch 3174,USR046342,2025-12-03,2026-02-01,Online,267,97,90,90,Running
BAT003175,ENT00425,CRS046457,Corporate Training Batch 3175,USR032032,2026-05-01,2026-06-30,Online,137,87,68,72,Completed
BAT003176,ENT00163,CRS041414,Corporate Training Batch 3176,USR020070,2025-12-09,2026-03-09,Online,36,78,20,81,Completed
BAT003177,ENT00088,CRS013926,Corporate Training Batch 3177,USR019167,2026-02-15,2026-04-01,Online,112,97,85,20,Planned
BAT003178,ENT00340,CRS011181,Corporate Training Batch 3178,USR019099,2025-11-16,2025-11-30,Online,140,75,48,43,On Hold
BAT003179,ENT00194,CRS007275,Corporate Training Batch 3179,USR027708,2026-04-24,2026-06-08,Offline,137,73,61,90,Running
BAT003180,ENT00015,CRS028032,Corporate Training Batch 3180,USR009432,2026-05-03,2026-05-17,Online,16,73,48,100,Completed
BAT003181,ENT00241,CRS045162,Corporate Training Batch 3181,USR030462,2026-04-27,2026-05-04,Offline,227,68,97,28,Running
BAT003182,ENT00057,CRS007444,Corporate Training Batch 3182,USR038306,2026-03-31,2026-04-30,Offline,399,79,66,66,Planned
BAT003183,ENT00037,CRS000737,Corporate Training Batch 3183,USR044724,2026-02-15,2026-04-16,Hybrid,385,93,28,97,Planned
BAT003184,ENT00085,CRS024061,Corporate Training Batch 3184,USR029279,2025-12-28,2026-02-11,Online,212,89,70,31,On Hold
BAT003185,ENT00417,CRS003235,Corporate Training Batch 3185,USR042254,2025-12-03,2026-01-02,Online,409,72,79,34,Planned
BAT003186,ENT00292,CRS016958,Corporate Training Batch 3186,USR033482,2025-11-30,2026-02-28,Offline,478,60,34,49,On Hold
BAT003187,ENT00037,CRS031756,Corporate Training Batch 3187,USR046881,2025-12-10,2026-02-08,Hybrid,485,79,21,45,Completed
BAT003188,ENT00229,CRS048796,Corporate Training Batch 3188,USR030657,2026-05-12,2026-05-26,Online,144,60,52,78,On Hold
BAT003189,ENT00319,CRS029516,Corporate Training Batch 3189,USR043248,2025-12-17,2025-12-24,Offline,399,66,34,40,On Hold
BAT003190,ENT00119,CRS011287,Corporate Training Batch 3190,USR004110,2026-05-11,2026-07-10,Online,291,70,36,50,Planned
BAT003191,ENT00460,CRS015020,Corporate Training Batch 3191,USR015660,2026-03-14,2026-05-13,Online,277,88,62,74,Planned
BAT003192,ENT00058,CRS039248,Corporate Training Batch 3192,USR044240,2026-01-01,2026-01-08,Online,132,72,38,28,Planned
BAT003193,ENT00421,CRS028626,Corporate Training Batch 3193,USR037860,2026-03-07,2026-03-21,Offline,390,64,36,47,Planned
BAT003194,ENT00213,CRS047744,Corporate Training Batch 3194,USR020089,2026-04-13,2026-06-12,Online,111,61,75,38,On Hold
BAT003195,ENT00476,CRS048123,Corporate Training Batch 3195,USR000317,2025-11-18,2025-12-18,Online,336,63,95,45,On Hold
BAT003196,ENT00469,CRS033469,Corporate Training Batch 3196,USR033416,2025-12-08,2026-03-08,Offline,87,91,43,48,On Hold
BAT003197,ENT00381,CRS030383,Corporate Training Batch 3197,USR042476,2026-01-17,2026-02-16,Hybrid,408,87,37,70,Planned
BAT003198,ENT00045,CRS048381,Corporate Training Batch 3198,USR027688,2026-01-26,2026-04-26,Offline,233,98,39,99,Planned
BAT003199,ENT00468,CRS017062,Corporate Training Batch 3199,USR036581,2026-02-19,2026-05-20,Hybrid,141,71,94,89,Running
BAT003200,ENT00007,CRS025375,Corporate Training Batch 3200,USR006106,2026-03-23,2026-04-22,Hybrid,327,97,31,59,On Hold
BAT003201,ENT00072,CRS041057,Corporate Training Batch 3201,USR011781,2026-02-15,2026-04-16,Online,370,79,28,42,Completed
BAT003202,ENT00376,CRS013904,Corporate Training Batch 3202,USR002528,2025-12-20,2026-02-03,Hybrid,434,71,66,36,Completed
BAT003203,ENT00091,CRS038826,Corporate Training Batch 3203,USR019121,2026-01-06,2026-04-06,Online,383,90,89,32,On Hold
BAT003204,ENT00251,CRS038612,Corporate Training Batch 3204,USR019592,2026-01-24,2026-02-23,Offline,395,68,32,54,Running
BAT003205,ENT00127,CRS044559,Corporate Training Batch 3205,USR039076,2025-11-27,2025-12-11,Online,13,99,99,85,Completed
BAT003206,ENT00467,CRS007046,Corporate Training Batch 3206,USR024689,2025-12-05,2026-01-19,Offline,334,95,43,24,Planned
BAT003207,ENT00471,CRS044640,Corporate Training Batch 3207,USR023021,2026-01-06,2026-02-20,Online,196,90,52,26,Planned
BAT003208,ENT00365,CRS024504,Corporate Training Batch 3208,USR040599,2025-11-27,2026-01-11,Offline,60,97,86,78,Running
BAT003209,ENT00335,CRS049125,Corporate Training Batch 3209,USR037644,2026-02-18,2026-05-19,Offline,367,57,27,89,Running
BAT003210,ENT00019,CRS018576,Corporate Training Batch 3210,USR034835,2025-12-27,2026-01-03,Offline,334,77,83,82,Planned
BAT003211,ENT00450,CRS040920,Corporate Training Batch 3211,USR035993,2026-02-24,2026-04-25,Hybrid,32,91,90,55,Running
BAT003212,ENT00246,CRS039406,Corporate Training Batch 3212,USR035012,2026-01-10,2026-02-24,Offline,369,87,54,93,Completed
BAT003213,ENT00175,CRS028486,Corporate Training Batch 3213,USR039336,2026-01-04,2026-03-05,Hybrid,36,81,73,58,On Hold
BAT003214,ENT00201,CRS037692,Corporate Training Batch 3214,USR018859,2026-01-07,2026-02-21,Offline,245,99,25,46,On Hold
BAT003215,ENT00209,CRS034196,Corporate Training Batch 3215,USR031906,2026-01-21,2026-03-07,Online,56,76,88,24,On Hold
BAT003216,ENT00493,CRS041360,Corporate Training Batch 3216,USR041716,2026-04-27,2026-05-27,Hybrid,206,78,24,67,Running
BAT003217,ENT00368,CRS014865,Corporate Training Batch 3217,USR035346,2026-03-12,2026-04-11,Offline,373,76,63,42,Running
BAT003218,ENT00432,CRS019238,Corporate Training Batch 3218,USR036590,2026-01-25,2026-04-25,Offline,473,80,33,47,On Hold
BAT003219,ENT00070,CRS034360,Corporate Training Batch 3219,USR027110,2026-01-26,2026-02-25,Offline,238,72,25,61,Completed
BAT003220,ENT00355,CRS037707,Corporate Training Batch 3220,USR027524,2026-04-03,2026-04-10,Online,16,61,70,78,Completed
BAT003221,ENT00492,CRS000441,Corporate Training Batch 3221,USR001093,2025-11-28,2026-02-26,Online,396,93,83,45,Running
BAT003222,ENT00465,CRS011450,Corporate Training Batch 3222,USR049912,2025-12-12,2026-03-12,Offline,299,65,74,67,Planned
BAT003223,ENT00061,CRS012944,Corporate Training Batch 3223,USR030697,2026-02-20,2026-04-21,Online,190,97,56,72,Running
BAT003224,ENT00401,CRS006341,Corporate Training Batch 3224,USR039663,2026-03-26,2026-04-09,Hybrid,277,58,53,38,On Hold
BAT003225,ENT00102,CRS008396,Corporate Training Batch 3225,USR041510,2026-02-24,2026-04-25,Hybrid,494,57,69,45,Planned
BAT003226,ENT00443,CRS015684,Corporate Training Batch 3226,USR046646,2025-11-18,2025-12-18,Hybrid,240,62,57,45,On Hold
BAT003227,ENT00162,CRS010237,Corporate Training Batch 3227,USR029278,2026-02-18,2026-02-25,Hybrid,23,91,83,84,Planned
BAT003228,ENT00234,CRS028035,Corporate Training Batch 3228,USR007445,2025-12-03,2026-01-17,Hybrid,477,64,93,59,Planned
BAT003229,ENT00354,CRS034717,Corporate Training Batch 3229,USR032526,2026-04-02,2026-07-01,Hybrid,107,96,43,88,Running
BAT003230,ENT00202,CRS001545,Corporate Training Batch 3230,USR027663,2026-03-24,2026-04-23,Online,477,83,50,71,On Hold
BAT003231,ENT00023,CRS034555,Corporate Training Batch 3231,USR044011,2026-01-24,2026-03-10,Online,338,86,40,59,Running
BAT003232,ENT00315,CRS014493,Corporate Training Batch 3232,USR018127,2026-01-05,2026-01-12,Online,335,89,60,93,Completed
BAT003233,ENT00168,CRS048475,Corporate Training Batch 3233,USR045257,2026-01-16,2026-04-16,Online,448,91,23,58,Planned
BAT003234,ENT00415,CRS018813,Corporate Training Batch 3234,USR048406,2026-02-13,2026-03-15,Offline,473,62,61,25,Completed
BAT003235,ENT00127,CRS017984,Corporate Training Batch 3235,USR007139,2026-03-20,2026-05-19,Online,137,78,22,88,Completed
BAT003236,ENT00047,CRS018596,Corporate Training Batch 3236,USR039393,2026-01-27,2026-02-10,Offline,228,67,94,23,Completed
BAT003237,ENT00289,CRS011627,Corporate Training Batch 3237,USR033597,2026-04-19,2026-04-26,Offline,343,60,23,22,On Hold
BAT003238,ENT00408,CRS006432,Corporate Training Batch 3238,USR011306,2026-05-02,2026-05-09,Online,243,61,83,31,Completed
BAT003239,ENT00043,CRS040782,Corporate Training Batch 3239,USR007455,2026-03-27,2026-04-03,Offline,101,66,72,41,On Hold
BAT003240,ENT00210,CRS032612,Corporate Training Batch 3240,USR049681,2026-03-10,2026-04-24,Hybrid,245,71,91,45,Completed
BAT003241,ENT00227,CRS019316,Corporate Training Batch 3241,USR010988,2026-04-05,2026-04-12,Online,429,99,27,23,Running
BAT003242,ENT00369,CRS031052,Corporate Training Batch 3242,USR008057,2026-02-20,2026-03-06,Hybrid,243,87,76,42,Planned
BAT003243,ENT00154,CRS007783,Corporate Training Batch 3243,USR042653,2026-04-06,2026-04-13,Hybrid,240,93,55,98,Completed
BAT003244,ENT00243,CRS030925,Corporate Training Batch 3244,USR028315,2026-03-08,2026-04-07,Hybrid,378,62,66,85,Completed
BAT003245,ENT00048,CRS008445,Corporate Training Batch 3245,USR023741,2026-02-03,2026-04-04,Online,257,83,96,83,On Hold
BAT003246,ENT00243,CRS039764,Corporate Training Batch 3246,USR043626,2026-03-30,2026-04-29,Offline,395,97,24,62,On Hold
BAT003247,ENT00321,CRS017246,Corporate Training Batch 3247,USR008296,2026-01-12,2026-01-26,Offline,103,56,56,80,Planned
BAT003248,ENT00086,CRS044995,Corporate Training Batch 3248,USR006209,2026-01-22,2026-03-08,Hybrid,179,96,52,20,Running
BAT003249,ENT00039,CRS021095,Corporate Training Batch 3249,USR027069,2025-12-12,2026-02-10,Offline,446,97,66,69,Planned
BAT003250,ENT00085,CRS026848,Corporate Training Batch 3250,USR010310,2025-11-18,2026-01-17,Online,328,69,54,71,Running
BAT003251,ENT00187,CRS010144,Corporate Training Batch 3251,USR015598,2026-04-23,2026-05-07,Offline,75,80,47,74,Completed
BAT003252,ENT00316,CRS034744,Corporate Training Batch 3252,USR042473,2026-02-20,2026-03-06,Offline,107,57,29,31,Planned
BAT003253,ENT00294,CRS026400,Corporate Training Batch 3253,USR003456,2026-02-02,2026-03-19,Online,466,56,49,46,On Hold
BAT003254,ENT00335,CRS047296,Corporate Training Batch 3254,USR039485,2025-12-26,2026-02-09,Offline,450,57,40,65,Completed
BAT003255,ENT00165,CRS021370,Corporate Training Batch 3255,USR019452,2026-05-11,2026-05-25,Online,19,89,88,29,Planned
BAT003256,ENT00191,CRS049041,Corporate Training Batch 3256,USR002304,2025-12-28,2026-03-28,Hybrid,96,73,59,61,On Hold
BAT003257,ENT00137,CRS010506,Corporate Training Batch 3257,USR003458,2025-11-19,2025-12-19,Offline,111,62,96,68,On Hold
BAT003258,ENT00168,CRS010403,Corporate Training Batch 3258,USR044052,2026-03-13,2026-03-27,Online,39,86,79,41,Running
BAT003259,ENT00309,CRS003107,Corporate Training Batch 3259,USR024555,2026-04-30,2026-05-07,Hybrid,496,86,65,70,Running
BAT003260,ENT00403,CRS015770,Corporate Training Batch 3260,USR029868,2026-04-27,2026-05-11,Hybrid,415,60,81,20,Completed
BAT003261,ENT00260,CRS009694,Corporate Training Batch 3261,USR017717,2025-12-25,2026-01-08,Hybrid,323,95,66,97,Planned
BAT003262,ENT00109,CRS030291,Corporate Training Batch 3262,USR005473,2026-02-23,2026-05-24,Offline,428,64,33,81,On Hold
BAT003263,ENT00406,CRS034398,Corporate Training Batch 3263,USR031801,2026-05-10,2026-06-09,Offline,208,85,83,62,Running
BAT003264,ENT00340,CRS041494,Corporate Training Batch 3264,USR005303,2026-03-18,2026-04-17,Hybrid,340,78,68,58,Completed
BAT003265,ENT00348,CRS030339,Corporate Training Batch 3265,USR035799,2025-12-14,2026-01-13,Online,258,92,81,46,Completed
BAT003266,ENT00015,CRS003302,Corporate Training Batch 3266,USR007605,2025-11-20,2025-11-27,Hybrid,82,81,41,46,Running
BAT003267,ENT00012,CRS037868,Corporate Training Batch 3267,USR025374,2026-02-21,2026-03-23,Hybrid,65,65,23,58,On Hold
BAT003268,ENT00146,CRS008077,Corporate Training Batch 3268,USR008438,2026-04-17,2026-04-24,Online,265,98,44,92,On Hold
BAT003269,ENT00407,CRS005343,Corporate Training Batch 3269,USR020827,2026-03-21,2026-06-19,Online,237,68,23,62,Planned
BAT003270,ENT00175,CRS029920,Corporate Training Batch 3270,USR022863,2026-04-14,2026-07-13,Offline,207,99,75,82,Running
BAT003271,ENT00442,CRS037581,Corporate Training Batch 3271,USR004467,2026-01-18,2026-02-17,Online,461,60,68,55,Planned
BAT003272,ENT00346,CRS047992,Corporate Training Batch 3272,USR033694,2026-02-06,2026-03-23,Offline,434,87,84,39,On Hold
BAT003273,ENT00302,CRS011707,Corporate Training Batch 3273,USR041509,2026-01-08,2026-04-08,Hybrid,183,82,42,76,On Hold
BAT003274,ENT00458,CRS005884,Corporate Training Batch 3274,USR004914,2026-04-07,2026-07-06,Online,331,61,90,29,Running
BAT003275,ENT00151,CRS031769,Corporate Training Batch 3275,USR044810,2026-02-26,2026-03-05,Offline,364,60,23,31,Running
BAT003276,ENT00426,CRS040239,Corporate Training Batch 3276,USR009556,2026-03-20,2026-06-18,Offline,304,68,47,54,Running
BAT003277,ENT00014,CRS000112,Corporate Training Batch 3277,USR046785,2026-04-24,2026-05-01,Offline,343,56,30,90,On Hold
BAT003278,ENT00302,CRS027636,Corporate Training Batch 3278,USR012871,2026-01-09,2026-02-08,Online,196,93,92,68,Planned
BAT003279,ENT00341,CRS022681,Corporate Training Batch 3279,USR028705,2025-11-14,2025-12-14,Offline,164,74,49,51,On Hold
BAT003280,ENT00300,CRS047049,Corporate Training Batch 3280,USR027832,2026-05-12,2026-05-26,Online,477,61,98,92,On Hold
BAT003281,ENT00089,CRS020092,Corporate Training Batch 3281,USR009897,2026-04-13,2026-05-13,Hybrid,500,95,68,96,Running
BAT003282,ENT00060,CRS001097,Corporate Training Batch 3282,USR013257,2026-05-08,2026-06-22,Offline,340,81,41,48,Running
BAT003283,ENT00321,CRS029479,Corporate Training Batch 3283,USR046391,2025-12-19,2026-03-19,Hybrid,30,60,41,82,On Hold
BAT003284,ENT00100,CRS019601,Corporate Training Batch 3284,USR034329,2025-11-21,2025-11-28,Hybrid,428,60,37,54,Planned
BAT003285,ENT00329,CRS046937,Corporate Training Batch 3285,USR024292,2026-04-10,2026-07-09,Online,14,88,36,52,On Hold
BAT003286,ENT00224,CRS029359,Corporate Training Batch 3286,USR013572,2026-02-10,2026-02-17,Hybrid,464,79,71,99,On Hold
BAT003287,ENT00126,CRS037726,Corporate Training Batch 3287,USR029991,2025-11-15,2026-01-14,Online,307,93,33,68,On Hold
BAT003288,ENT00366,CRS008028,Corporate Training Batch 3288,USR027579,2026-01-06,2026-02-05,Online,202,95,92,24,Running
BAT003289,ENT00150,CRS039020,Corporate Training Batch 3289,USR029310,2025-11-22,2026-01-21,Hybrid,397,94,34,26,Completed
BAT003290,ENT00310,CRS001719,Corporate Training Batch 3290,USR008805,2026-02-28,2026-04-29,Online,199,83,70,58,Planned
BAT003291,ENT00282,CRS005634,Corporate Training Batch 3291,USR049209,2026-02-28,2026-03-14,Hybrid,492,83,84,58,Planned
BAT003292,ENT00164,CRS004892,Corporate Training Batch 3292,USR014874,2026-03-18,2026-03-25,Hybrid,398,68,73,43,Planned
BAT003293,ENT00347,CRS029088,Corporate Training Batch 3293,USR013996,2026-03-05,2026-04-19,Hybrid,484,92,35,27,On Hold
BAT003294,ENT00369,CRS022547,Corporate Training Batch 3294,USR008704,2026-03-07,2026-03-21,Offline,172,94,34,58,Running
BAT003295,ENT00442,CRS047301,Corporate Training Batch 3295,USR027939,2026-05-04,2026-05-11,Online,28,99,100,32,Completed
BAT003296,ENT00479,CRS034200,Corporate Training Batch 3296,USR001339,2026-03-18,2026-04-17,Offline,252,97,90,64,Completed
BAT003297,ENT00463,CRS048207,Corporate Training Batch 3297,USR025137,2026-03-11,2026-06-09,Offline,346,85,49,26,Planned
BAT003298,ENT00398,CRS005275,Corporate Training Batch 3298,USR013533,2026-01-07,2026-03-08,Offline,377,77,57,57,Running
BAT003299,ENT00097,CRS047583,Corporate Training Batch 3299,USR048889,2026-03-22,2026-04-21,Offline,284,61,95,20,On Hold
BAT003300,ENT00045,CRS031259,Corporate Training Batch 3300,USR013598,2025-12-04,2025-12-11,Online,41,61,58,53,Running
BAT003301,ENT00334,CRS012032,Corporate Training Batch 3301,USR038975,2025-11-24,2025-12-08,Online,214,93,51,90,On Hold
BAT003302,ENT00367,CRS038966,Corporate Training Batch 3302,USR032534,2026-03-29,2026-04-12,Online,23,81,47,36,Completed
BAT003303,ENT00105,CRS040540,Corporate Training Batch 3303,USR019410,2026-03-05,2026-06-03,Offline,44,95,20,67,Planned
BAT003304,ENT00394,CRS040092,Corporate Training Batch 3304,USR038532,2025-12-16,2026-02-14,Offline,419,65,65,45,Running
BAT003305,ENT00077,CRS004680,Corporate Training Batch 3305,USR044702,2026-02-11,2026-04-12,Offline,491,70,79,73,Planned
BAT003306,ENT00418,CRS035681,Corporate Training Batch 3306,USR008144,2026-04-13,2026-04-27,Hybrid,402,66,69,71,Running
BAT003307,ENT00496,CRS030210,Corporate Training Batch 3307,USR026607,2026-03-25,2026-04-08,Online,83,58,75,91,On Hold
BAT003308,ENT00076,CRS030567,Corporate Training Batch 3308,USR020198,2026-05-10,2026-08-08,Offline,439,79,59,74,Planned
BAT003309,ENT00110,CRS003440,Corporate Training Batch 3309,USR004263,2025-12-09,2026-01-23,Offline,44,59,88,59,Completed
BAT003310,ENT00150,CRS027850,Corporate Training Batch 3310,USR030260,2026-04-28,2026-06-27,Offline,52,82,77,68,Running
BAT003311,ENT00149,CRS041638,Corporate Training Batch 3311,USR003319,2026-01-19,2026-03-05,Online,361,91,22,51,Running
BAT003312,ENT00208,CRS033989,Corporate Training Batch 3312,USR003588,2026-02-02,2026-02-09,Offline,411,85,55,25,Planned
BAT003313,ENT00092,CRS017497,Corporate Training Batch 3313,USR001635,2026-02-11,2026-04-12,Offline,99,60,54,97,Completed
BAT003314,ENT00113,CRS047227,Corporate Training Batch 3314,USR020926,2025-12-17,2026-02-15,Online,239,63,85,94,Completed
BAT003315,ENT00354,CRS006318,Corporate Training Batch 3315,USR011687,2026-01-19,2026-03-05,Online,83,58,100,39,Planned
BAT003316,ENT00129,CRS025279,Corporate Training Batch 3316,USR016642,2026-01-10,2026-01-24,Online,78,66,24,57,Running
BAT003317,ENT00190,CRS002857,Corporate Training Batch 3317,USR029277,2026-05-09,2026-08-07,Hybrid,285,77,56,85,On Hold
BAT003318,ENT00092,CRS016610,Corporate Training Batch 3318,USR031185,2025-11-24,2026-02-22,Offline,489,79,73,68,Running
BAT003319,ENT00087,CRS013326,Corporate Training Batch 3319,USR019066,2026-03-03,2026-04-02,Offline,264,91,51,27,On Hold
BAT003320,ENT00203,CRS003649,Corporate Training Batch 3320,USR018216,2025-12-15,2026-02-13,Hybrid,52,88,58,46,On Hold
BAT003321,ENT00443,CRS024919,Corporate Training Batch 3321,USR023760,2026-03-01,2026-04-15,Online,196,78,72,54,On Hold
BAT003322,ENT00377,CRS038320,Corporate Training Batch 3322,USR043391,2026-03-16,2026-04-15,Online,220,73,73,100,On Hold
BAT003323,ENT00409,CRS048086,Corporate Training Batch 3323,USR009399,2026-04-25,2026-07-24,Offline,205,83,31,25,Planned
BAT003324,ENT00011,CRS046630,Corporate Training Batch 3324,USR011518,2025-12-07,2026-01-06,Hybrid,449,87,76,82,Completed
BAT003325,ENT00144,CRS047275,Corporate Training Batch 3325,USR002920,2025-12-21,2026-02-04,Offline,92,83,64,33,On Hold
BAT003326,ENT00106,CRS016480,Corporate Training Batch 3326,USR003803,2026-03-28,2026-04-11,Hybrid,267,89,72,59,Running
BAT003327,ENT00411,CRS025478,Corporate Training Batch 3327,USR034416,2025-11-26,2026-02-24,Offline,268,90,65,99,Completed
BAT003328,ENT00049,CRS029382,Corporate Training Batch 3328,USR036274,2026-05-10,2026-07-09,Online,361,66,79,50,Completed
BAT003329,ENT00355,CRS021307,Corporate Training Batch 3329,USR029937,2026-02-14,2026-02-28,Online,422,82,62,21,On Hold
BAT003330,ENT00192,CRS003539,Corporate Training Batch 3330,USR040098,2025-11-29,2025-12-06,Hybrid,176,67,51,41,Running
BAT003331,ENT00119,CRS041958,Corporate Training Batch 3331,USR042669,2026-02-25,2026-04-26,Hybrid,308,81,35,28,Planned
BAT003332,ENT00452,CRS037366,Corporate Training Batch 3332,USR002317,2026-05-04,2026-06-03,Online,125,87,72,31,Completed
BAT003333,ENT00347,CRS035721,Corporate Training Batch 3333,USR005744,2026-04-02,2026-05-02,Offline,22,90,83,59,On Hold
BAT003334,ENT00046,CRS033291,Corporate Training Batch 3334,USR028838,2026-02-15,2026-04-01,Offline,43,74,27,56,Running
BAT003335,ENT00091,CRS011085,Corporate Training Batch 3335,USR038218,2026-02-23,2026-04-24,Online,401,77,71,37,On Hold
BAT003336,ENT00011,CRS026408,Corporate Training Batch 3336,USR037505,2026-03-02,2026-04-16,Offline,373,59,61,21,Planned
BAT003337,ENT00074,CRS009356,Corporate Training Batch 3337,USR038715,2026-03-29,2026-05-28,Hybrid,385,58,34,82,Completed
BAT003338,ENT00025,CRS017281,Corporate Training Batch 3338,USR029469,2026-01-08,2026-02-07,Offline,468,96,90,100,Planned
BAT003339,ENT00404,CRS034534,Corporate Training Batch 3339,USR023780,2026-05-01,2026-05-15,Hybrid,78,98,28,74,On Hold
BAT003340,ENT00282,CRS043563,Corporate Training Batch 3340,USR004995,2026-05-06,2026-06-05,Hybrid,270,100,66,42,Completed
BAT003341,ENT00419,CRS045616,Corporate Training Batch 3341,USR030799,2026-01-06,2026-01-20,Online,95,92,63,76,Planned
BAT003342,ENT00207,CRS004448,Corporate Training Batch 3342,USR023480,2025-12-02,2026-01-31,Online,416,82,41,78,Running
BAT003343,ENT00027,CRS008322,Corporate Training Batch 3343,USR019624,2025-12-22,2026-01-05,Online,314,56,36,25,Planned
BAT003344,ENT00362,CRS041957,Corporate Training Batch 3344,USR017497,2026-02-12,2026-02-19,Hybrid,251,57,45,64,Completed
BAT003345,ENT00480,CRS033723,Corporate Training Batch 3345,USR049340,2026-02-02,2026-03-04,Hybrid,123,88,43,54,Planned
BAT003346,ENT00213,CRS026566,Corporate Training Batch 3346,USR015060,2026-02-06,2026-03-08,Hybrid,149,67,38,73,Completed
BAT003347,ENT00383,CRS025549,Corporate Training Batch 3347,USR028742,2026-01-19,2026-03-20,Offline,169,100,95,55,Planned
BAT003348,ENT00305,CRS005503,Corporate Training Batch 3348,USR044383,2026-04-07,2026-07-06,Offline,20,75,98,30,Completed
BAT003349,ENT00136,CRS002682,Corporate Training Batch 3349,USR030248,2026-03-29,2026-06-27,Offline,18,92,79,74,On Hold
BAT003350,ENT00235,CRS041272,Corporate Training Batch 3350,USR036384,2026-03-02,2026-03-09,Offline,14,66,48,54,Completed
BAT003351,ENT00099,CRS015030,Corporate Training Batch 3351,USR041399,2026-05-04,2026-07-03,Offline,83,55,48,96,Completed
BAT003352,ENT00486,CRS015743,Corporate Training Batch 3352,USR045524,2026-02-18,2026-02-25,Offline,444,71,86,100,Running
BAT003353,ENT00389,CRS040524,Corporate Training Batch 3353,USR003090,2025-12-25,2026-01-24,Online,317,77,67,47,On Hold
BAT003354,ENT00423,CRS041849,Corporate Training Batch 3354,USR006246,2026-04-08,2026-07-07,Hybrid,248,100,92,89,Completed
BAT003355,ENT00178,CRS005251,Corporate Training Batch 3355,USR011650,2026-04-30,2026-07-29,Online,235,80,37,79,Completed
BAT003356,ENT00037,CRS044542,Corporate Training Batch 3356,USR003534,2026-04-13,2026-04-27,Hybrid,98,82,74,64,On Hold
BAT003357,ENT00207,CRS026993,Corporate Training Batch 3357,USR040546,2026-01-15,2026-01-29,Hybrid,11,100,59,31,Running
BAT003358,ENT00152,CRS036807,Corporate Training Batch 3358,USR008324,2026-02-25,2026-04-26,Online,382,81,33,63,On Hold
BAT003359,ENT00277,CRS005840,Corporate Training Batch 3359,USR026459,2026-05-13,2026-07-12,Hybrid,153,87,77,83,Completed
BAT003360,ENT00055,CRS001916,Corporate Training Batch 3360,USR006071,2026-02-19,2026-05-20,Offline,59,100,47,43,Running
BAT003361,ENT00328,CRS017008,Corporate Training Batch 3361,USR048147,2026-01-23,2026-01-30,Online,443,61,25,64,Running
BAT003362,ENT00001,CRS020909,Corporate Training Batch 3362,USR037007,2026-01-12,2026-03-13,Online,266,83,100,80,Running
BAT003363,ENT00381,CRS022051,Corporate Training Batch 3363,USR041577,2026-02-04,2026-02-18,Online,226,80,58,39,On Hold
BAT003364,ENT00388,CRS039098,Corporate Training Batch 3364,USR014709,2025-11-15,2025-12-15,Online,264,94,36,69,Completed
BAT003365,ENT00187,CRS045545,Corporate Training Batch 3365,USR025487,2026-03-23,2026-05-07,Hybrid,240,73,93,22,On Hold
BAT003366,ENT00131,CRS020360,Corporate Training Batch 3366,USR009810,2026-05-11,2026-06-10,Hybrid,476,56,40,50,Running
BAT003367,ENT00415,CRS022527,Corporate Training Batch 3367,USR008445,2026-03-22,2026-06-20,Online,68,55,61,96,Completed
BAT003368,ENT00422,CRS029925,Corporate Training Batch 3368,USR000414,2026-03-17,2026-03-31,Hybrid,474,93,20,89,Planned
BAT003369,ENT00474,CRS019586,Corporate Training Batch 3369,USR040053,2025-11-16,2026-01-15,Offline,271,71,59,87,On Hold
BAT003370,ENT00237,CRS044258,Corporate Training Batch 3370,USR036861,2026-04-26,2026-07-25,Hybrid,96,100,54,23,On Hold
BAT003371,ENT00075,CRS009641,Corporate Training Batch 3371,USR034026,2025-12-23,2025-12-30,Offline,176,59,51,25,On Hold
BAT003372,ENT00335,CRS035676,Corporate Training Batch 3372,USR011808,2025-12-24,2026-02-22,Hybrid,166,100,31,76,On Hold
BAT003373,ENT00164,CRS041398,Corporate Training Batch 3373,USR023566,2025-12-25,2026-01-24,Online,132,58,35,70,Planned
BAT003374,ENT00312,CRS031658,Corporate Training Batch 3374,USR026407,2026-03-22,2026-05-21,Hybrid,440,84,63,92,Planned
BAT003375,ENT00217,CRS007210,Corporate Training Batch 3375,USR018366,2025-11-28,2026-01-12,Offline,469,87,97,52,Planned
BAT003376,ENT00395,CRS046589,Corporate Training Batch 3376,USR032967,2026-02-20,2026-04-21,Online,172,75,21,27,Running
BAT003377,ENT00153,CRS039496,Corporate Training Batch 3377,USR045862,2026-05-02,2026-06-01,Online,452,65,51,96,Planned
BAT003378,ENT00119,CRS027250,Corporate Training Batch 3378,USR011528,2026-03-21,2026-04-04,Offline,403,63,49,47,Planned
BAT003379,ENT00300,CRS038454,Corporate Training Batch 3379,USR018154,2025-12-08,2025-12-15,Offline,216,59,80,86,Planned
BAT003380,ENT00109,CRS010857,Corporate Training Batch 3380,USR039656,2025-12-27,2026-01-03,Hybrid,269,87,32,98,On Hold
BAT003381,ENT00009,CRS025351,Corporate Training Batch 3381,USR026472,2026-05-11,2026-05-18,Offline,484,94,92,44,Running
BAT003382,ENT00427,CRS009948,Corporate Training Batch 3382,USR036061,2026-03-19,2026-04-02,Online,19,72,86,88,Running
BAT003383,ENT00245,CRS021461,Corporate Training Batch 3383,USR014651,2026-05-06,2026-05-13,Offline,52,99,68,97,Completed
BAT003384,ENT00425,CRS029878,Corporate Training Batch 3384,USR049744,2026-04-19,2026-05-03,Offline,282,68,88,84,Completed
BAT003385,ENT00240,CRS029266,Corporate Training Batch 3385,USR027569,2025-11-14,2025-11-28,Online,283,65,29,59,Completed
BAT003386,ENT00376,CRS045740,Corporate Training Batch 3386,USR016178,2026-04-06,2026-04-13,Offline,493,87,64,84,Planned
BAT003387,ENT00003,CRS033032,Corporate Training Batch 3387,USR025691,2026-03-12,2026-03-19,Hybrid,214,60,87,57,On Hold
BAT003388,ENT00347,CRS015167,Corporate Training Batch 3388,USR044038,2026-02-02,2026-03-19,Online,490,100,99,98,On Hold
BAT003389,ENT00265,CRS031477,Corporate Training Batch 3389,USR036113,2026-01-26,2026-02-02,Online,275,76,44,51,Completed
BAT003390,ENT00054,CRS003291,Corporate Training Batch 3390,USR036272,2025-11-19,2026-01-03,Hybrid,487,80,46,59,Completed
BAT003391,ENT00448,CRS014231,Corporate Training Batch 3391,USR030502,2026-01-30,2026-04-30,Offline,452,93,52,85,On Hold
BAT003392,ENT00371,CRS042537,Corporate Training Batch 3392,USR013986,2025-12-03,2026-03-03,Hybrid,19,99,28,87,Planned
BAT003393,ENT00183,CRS001956,Corporate Training Batch 3393,USR036347,2026-02-07,2026-03-09,Offline,59,59,38,47,Planned
BAT003394,ENT00093,CRS013065,Corporate Training Batch 3394,USR030969,2026-03-20,2026-04-19,Offline,162,62,53,40,On Hold
BAT003395,ENT00409,CRS002966,Corporate Training Batch 3395,USR037708,2026-01-10,2026-04-10,Online,229,90,23,79,On Hold
BAT003396,ENT00004,CRS029029,Corporate Training Batch 3396,USR003505,2026-01-27,2026-04-27,Online,488,87,83,86,Completed
BAT003397,ENT00441,CRS004082,Corporate Training Batch 3397,USR011135,2025-12-16,2026-01-30,Offline,433,82,73,21,Planned
BAT003398,ENT00357,CRS021895,Corporate Training Batch 3398,USR044121,2025-12-13,2025-12-27,Hybrid,126,100,41,99,On Hold
BAT003399,ENT00140,CRS047241,Corporate Training Batch 3399,USR034598,2025-12-24,2026-02-22,Offline,156,69,33,72,Planned
BAT003400,ENT00228,CRS030212,Corporate Training Batch 3400,USR019860,2025-12-30,2026-02-28,Offline,388,76,65,84,Completed
BAT003401,ENT00005,CRS004570,Corporate Training Batch 3401,USR040691,2026-03-02,2026-05-01,Offline,462,71,70,64,Completed
BAT003402,ENT00300,CRS034763,Corporate Training Batch 3402,USR014958,2025-11-28,2025-12-28,Online,176,75,26,40,Running
BAT003403,ENT00401,CRS049397,Corporate Training Batch 3403,USR035239,2026-05-09,2026-06-08,Offline,351,71,50,100,Planned
BAT003404,ENT00206,CRS032858,Corporate Training Batch 3404,USR003574,2026-05-03,2026-05-10,Offline,371,76,96,67,Planned
BAT003405,ENT00218,CRS038070,Corporate Training Batch 3405,USR000082,2026-04-05,2026-06-04,Online,192,93,89,50,On Hold
BAT003406,ENT00235,CRS031105,Corporate Training Batch 3406,USR025512,2026-05-01,2026-05-31,Hybrid,72,75,28,82,Planned
BAT003407,ENT00321,CRS014202,Corporate Training Batch 3407,USR046406,2026-04-09,2026-05-09,Offline,390,60,50,99,Planned
BAT003408,ENT00086,CRS026737,Corporate Training Batch 3408,USR025373,2026-01-12,2026-02-11,Hybrid,242,86,82,100,On Hold
BAT003409,ENT00349,CRS026154,Corporate Training Batch 3409,USR031705,2026-04-17,2026-05-01,Offline,366,61,60,69,On Hold
BAT003410,ENT00117,CRS030037,Corporate Training Batch 3410,USR041761,2026-01-23,2026-03-24,Hybrid,96,68,32,87,Running
BAT003411,ENT00488,CRS001211,Corporate Training Batch 3411,USR011342,2026-03-06,2026-04-05,Offline,395,62,76,34,On Hold
BAT003412,ENT00013,CRS003104,Corporate Training Batch 3412,USR037397,2026-05-07,2026-05-14,Online,339,100,39,72,Planned
BAT003413,ENT00112,CRS027780,Corporate Training Batch 3413,USR041420,2025-11-29,2025-12-06,Hybrid,139,67,49,55,On Hold
BAT003414,ENT00076,CRS009603,Corporate Training Batch 3414,USR006899,2026-03-25,2026-06-23,Offline,327,74,37,70,Running
BAT003415,ENT00069,CRS034716,Corporate Training Batch 3415,USR019611,2026-02-28,2026-04-29,Online,41,61,94,61,Running
BAT003416,ENT00453,CRS038915,Corporate Training Batch 3416,USR019586,2026-02-01,2026-03-18,Offline,221,57,34,99,Planned
BAT003417,ENT00138,CRS000021,Corporate Training Batch 3417,USR042661,2026-02-09,2026-03-11,Hybrid,375,93,57,98,Planned
BAT003418,ENT00079,CRS037319,Corporate Training Batch 3418,USR049798,2026-02-04,2026-02-18,Hybrid,215,87,82,83,Planned
BAT003419,ENT00405,CRS003037,Corporate Training Batch 3419,USR037921,2025-11-25,2025-12-02,Offline,65,82,34,42,On Hold
BAT003420,ENT00039,CRS030349,Corporate Training Batch 3420,USR010353,2025-12-08,2026-03-08,Online,277,76,60,59,Completed
BAT003421,ENT00472,CRS049295,Corporate Training Batch 3421,USR009569,2026-02-25,2026-04-11,Online,10,55,98,81,Completed
BAT003422,ENT00341,CRS049866,Corporate Training Batch 3422,USR017949,2025-12-29,2026-02-27,Hybrid,171,81,58,38,Running
BAT003423,ENT00294,CRS047591,Corporate Training Batch 3423,USR041247,2026-04-10,2026-05-25,Offline,247,86,87,65,Completed
BAT003424,ENT00137,CRS017155,Corporate Training Batch 3424,USR014305,2026-04-13,2026-06-12,Online,459,70,89,36,Planned
BAT003425,ENT00392,CRS018510,Corporate Training Batch 3425,USR040085,2025-11-23,2025-12-07,Hybrid,106,57,43,67,On Hold
BAT003426,ENT00120,CRS026063,Corporate Training Batch 3426,USR017849,2026-01-29,2026-03-15,Offline,164,67,76,42,Running
BAT003427,ENT00450,CRS012454,Corporate Training Batch 3427,USR028641,2026-04-23,2026-05-23,Offline,181,55,73,66,Completed
BAT003428,ENT00233,CRS001770,Corporate Training Batch 3428,USR033973,2026-02-14,2026-03-16,Offline,14,87,37,28,On Hold
BAT003429,ENT00093,CRS048599,Corporate Training Batch 3429,USR044712,2025-11-17,2025-12-17,Online,330,88,96,72,Running
BAT003430,ENT00299,CRS010831,Corporate Training Batch 3430,USR043515,2026-01-23,2026-04-23,Offline,465,72,68,24,On Hold
BAT003431,ENT00375,CRS026680,Corporate Training Batch 3431,USR030282,2025-12-09,2026-01-23,Hybrid,81,55,39,62,Running
BAT003432,ENT00085,CRS020107,Corporate Training Batch 3432,USR001411,2026-04-02,2026-04-09,Hybrid,157,100,36,64,Completed
BAT003433,ENT00105,CRS002963,Corporate Training Batch 3433,USR001729,2025-11-30,2026-01-14,Online,444,58,70,54,Running
BAT003434,ENT00007,CRS046152,Corporate Training Batch 3434,USR036952,2026-03-30,2026-05-14,Offline,306,60,52,84,On Hold
BAT003435,ENT00256,CRS000080,Corporate Training Batch 3435,USR041820,2025-12-31,2026-01-14,Online,118,59,25,23,On Hold
BAT003436,ENT00280,CRS049849,Corporate Training Batch 3436,USR025321,2026-02-14,2026-04-15,Online,240,75,40,54,On Hold
BAT003437,ENT00303,CRS046189,Corporate Training Batch 3437,USR013652,2025-11-22,2026-01-21,Online,305,65,72,92,Completed
BAT003438,ENT00026,CRS041265,Corporate Training Batch 3438,USR004474,2025-12-22,2026-01-05,Hybrid,49,74,83,49,Completed
BAT003439,ENT00122,CRS043773,Corporate Training Batch 3439,USR004734,2026-03-13,2026-03-20,Offline,460,58,20,47,Completed
BAT003440,ENT00165,CRS013516,Corporate Training Batch 3440,USR036384,2025-12-13,2026-02-11,Offline,50,58,41,89,On Hold
BAT003441,ENT00249,CRS014786,Corporate Training Batch 3441,USR046985,2026-04-24,2026-06-08,Hybrid,120,77,20,33,Completed
BAT003442,ENT00062,CRS047493,Corporate Training Batch 3442,USR043915,2025-12-23,2025-12-30,Offline,399,56,29,86,Completed
BAT003443,ENT00242,CRS018960,Corporate Training Batch 3443,USR022029,2025-12-04,2026-01-03,Online,26,73,35,84,Running
BAT003444,ENT00264,CRS046534,Corporate Training Batch 3444,USR009943,2026-05-02,2026-06-01,Offline,478,59,20,42,Completed
BAT003445,ENT00390,CRS015226,Corporate Training Batch 3445,USR001893,2026-05-10,2026-06-09,Hybrid,467,73,90,64,Planned
BAT003446,ENT00358,CRS023247,Corporate Training Batch 3446,USR018480,2026-05-05,2026-06-04,Online,279,91,71,98,Completed
BAT003447,ENT00381,CRS041408,Corporate Training Batch 3447,USR009944,2026-03-11,2026-03-18,Offline,276,60,98,91,Planned
BAT003448,ENT00296,CRS031959,Corporate Training Batch 3448,USR038062,2026-01-29,2026-04-29,Online,106,89,89,77,Running
BAT003449,ENT00444,CRS044017,Corporate Training Batch 3449,USR005253,2025-12-04,2025-12-11,Hybrid,385,100,46,78,Completed
BAT003450,ENT00300,CRS037545,Corporate Training Batch 3450,USR046931,2026-02-27,2026-04-13,Offline,426,78,63,62,Running
BAT003451,ENT00461,CRS025962,Corporate Training Batch 3451,USR030263,2026-04-22,2026-06-21,Hybrid,167,96,75,21,On Hold
BAT003452,ENT00239,CRS012949,Corporate Training Batch 3452,USR044490,2025-12-02,2026-01-31,Hybrid,446,93,49,66,On Hold
BAT003453,ENT00120,CRS039842,Corporate Training Batch 3453,USR045876,2026-01-14,2026-02-13,Hybrid,175,58,61,91,Planned
BAT003454,ENT00466,CRS043239,Corporate Training Batch 3454,USR029157,2025-12-14,2026-03-14,Hybrid,114,93,32,40,Planned
BAT003455,ENT00228,CRS009488,Corporate Training Batch 3455,USR047603,2025-12-22,2026-03-22,Hybrid,66,88,74,94,Completed
BAT003456,ENT00010,CRS038957,Corporate Training Batch 3456,USR001314,2026-03-14,2026-04-13,Hybrid,227,93,64,63,Completed
BAT003457,ENT00406,CRS044210,Corporate Training Batch 3457,USR000126,2025-11-24,2026-01-23,Offline,48,63,98,53,Planned
BAT003458,ENT00493,CRS017738,Corporate Training Batch 3458,USR016428,2026-03-21,2026-04-20,Offline,79,93,66,49,On Hold
BAT003459,ENT00379,CRS005232,Corporate Training Batch 3459,USR034734,2026-04-13,2026-04-27,Offline,159,79,52,34,Completed
BAT003460,ENT00439,CRS039258,Corporate Training Batch 3460,USR042027,2025-11-15,2025-11-22,Offline,344,75,51,79,Planned
BAT003461,ENT00350,CRS011575,Corporate Training Batch 3461,USR005260,2026-01-26,2026-02-09,Online,110,62,79,45,Planned
BAT003462,ENT00203,CRS019355,Corporate Training Batch 3462,USR022059,2025-11-26,2025-12-03,Online,109,78,69,25,On Hold
BAT003463,ENT00207,CRS038517,Corporate Training Batch 3463,USR028306,2026-04-15,2026-05-15,Online,336,100,77,23,Planned
BAT003464,ENT00005,CRS031118,Corporate Training Batch 3464,USR043575,2026-03-20,2026-05-04,Online,213,94,68,56,Running
BAT003465,ENT00373,CRS049162,Corporate Training Batch 3465,USR035693,2026-03-23,2026-04-06,Offline,252,62,80,46,Running
BAT003466,ENT00309,CRS046746,Corporate Training Batch 3466,USR027912,2026-01-06,2026-04-06,Hybrid,144,97,41,34,Running
BAT003467,ENT00029,CRS044604,Corporate Training Batch 3467,USR027977,2025-12-09,2026-01-23,Online,489,64,83,44,Completed
BAT003468,ENT00186,CRS005048,Corporate Training Batch 3468,USR012340,2026-02-26,2026-03-05,Offline,142,96,29,79,Planned
BAT003469,ENT00231,CRS029786,Corporate Training Batch 3469,USR033116,2025-11-30,2025-12-14,Hybrid,51,59,82,68,Planned
BAT003470,ENT00292,CRS039965,Corporate Training Batch 3470,USR025163,2026-05-06,2026-06-05,Offline,129,80,95,95,Running
BAT003471,ENT00037,CRS023131,Corporate Training Batch 3471,USR012494,2026-01-09,2026-02-23,Online,343,81,52,53,Completed
BAT003472,ENT00488,CRS033395,Corporate Training Batch 3472,USR029183,2025-12-12,2025-12-26,Online,168,98,62,53,On Hold
BAT003473,ENT00023,CRS026698,Corporate Training Batch 3473,USR007491,2026-04-22,2026-07-21,Online,296,59,50,24,Planned
BAT003474,ENT00001,CRS012062,Corporate Training Batch 3474,USR042271,2026-02-04,2026-02-18,Offline,84,83,74,86,On Hold
BAT003475,ENT00119,CRS027976,Corporate Training Batch 3475,USR028474,2026-02-09,2026-02-23,Offline,397,81,90,33,Planned
BAT003476,ENT00447,CRS020207,Corporate Training Batch 3476,USR013551,2026-01-09,2026-01-16,Offline,228,86,27,48,On Hold
BAT003477,ENT00340,CRS040166,Corporate Training Batch 3477,USR036196,2026-03-21,2026-04-04,Offline,479,98,87,30,On Hold
BAT003478,ENT00280,CRS006991,Corporate Training Batch 3478,USR046066,2026-01-03,2026-03-04,Online,364,92,47,80,Running
BAT003479,ENT00141,CRS005362,Corporate Training Batch 3479,USR032973,2026-01-29,2026-02-12,Offline,245,81,44,52,Planned
BAT003480,ENT00178,CRS043127,Corporate Training Batch 3480,USR018331,2026-01-21,2026-03-22,Offline,419,66,58,94,Running
BAT003481,ENT00274,CRS045897,Corporate Training Batch 3481,USR003046,2026-03-29,2026-05-28,Hybrid,325,68,66,81,Running
BAT003482,ENT00278,CRS032588,Corporate Training Batch 3482,USR045450,2025-12-01,2025-12-08,Offline,333,77,48,88,On Hold
BAT003483,ENT00417,CRS024140,Corporate Training Batch 3483,USR004689,2025-12-12,2026-03-12,Hybrid,362,89,97,37,Running
BAT003484,ENT00187,CRS029801,Corporate Training Batch 3484,USR011833,2025-11-28,2026-02-26,Online,26,84,64,69,Planned
BAT003485,ENT00356,CRS049080,Corporate Training Batch 3485,USR038935,2025-12-08,2026-01-22,Hybrid,226,80,87,38,Planned
BAT003486,ENT00418,CRS018888,Corporate Training Batch 3486,USR008543,2026-02-17,2026-05-18,Online,255,63,74,71,Running
BAT003487,ENT00281,CRS038412,Corporate Training Batch 3487,USR045968,2026-03-27,2026-06-25,Hybrid,134,82,37,94,Completed
BAT003488,ENT00375,CRS027594,Corporate Training Batch 3488,USR002634,2026-05-07,2026-05-14,Hybrid,447,57,68,63,On Hold
BAT003489,ENT00050,CRS028453,Corporate Training Batch 3489,USR014552,2026-04-15,2026-05-15,Online,36,63,34,82,On Hold
BAT003490,ENT00101,CRS018460,Corporate Training Batch 3490,USR043608,2026-01-24,2026-03-10,Hybrid,388,71,74,24,Completed
BAT003491,ENT00469,CRS033004,Corporate Training Batch 3491,USR035676,2026-02-01,2026-02-08,Hybrid,145,100,78,82,Completed
BAT003492,ENT00256,CRS020295,Corporate Training Batch 3492,USR032657,2026-04-09,2026-06-08,Offline,112,76,34,59,Planned
BAT003493,ENT00431,CRS011764,Corporate Training Batch 3493,USR028588,2025-12-28,2026-01-11,Offline,213,97,58,94,Running
BAT003494,ENT00396,CRS029641,Corporate Training Batch 3494,USR037626,2026-03-30,2026-04-13,Online,372,68,72,54,Running
BAT003495,ENT00441,CRS013001,Corporate Training Batch 3495,USR018133,2026-03-11,2026-06-09,Online,126,90,77,77,On Hold
BAT003496,ENT00474,CRS043548,Corporate Training Batch 3496,USR027503,2026-01-20,2026-02-03,Online,287,82,55,82,Running
BAT003497,ENT00030,CRS042410,Corporate Training Batch 3497,USR005721,2026-05-09,2026-08-07,Hybrid,449,76,34,56,Completed
BAT003498,ENT00197,CRS001168,Corporate Training Batch 3498,USR045264,2026-01-20,2026-03-21,Hybrid,143,61,24,62,Planned
BAT003499,ENT00424,CRS025340,Corporate Training Batch 3499,USR000733,2026-03-09,2026-03-16,Offline,423,96,59,82,On Hold
BAT003500,ENT00074,CRS024724,Corporate Training Batch 3500,USR027372,2025-11-27,2026-01-26,Online,254,73,28,95,On Hold
BAT003501,ENT00223,CRS023497,Corporate Training Batch 3501,USR027105,2025-12-02,2026-01-16,Hybrid,205,99,75,27,Completed
BAT003502,ENT00326,CRS010463,Corporate Training Batch 3502,USR031234,2026-03-31,2026-04-14,Hybrid,121,93,69,72,On Hold
BAT003503,ENT00324,CRS016272,Corporate Training Batch 3503,USR034302,2025-11-28,2026-02-26,Offline,488,86,94,87,Completed
BAT003504,ENT00403,CRS018901,Corporate Training Batch 3504,USR002498,2026-04-16,2026-05-16,Online,345,62,37,55,On Hold
BAT003505,ENT00291,CRS022722,Corporate Training Batch 3505,USR031579,2025-12-16,2025-12-23,Online,12,97,46,31,Running
BAT003506,ENT00028,CRS009017,Corporate Training Batch 3506,USR021864,2025-12-24,2026-01-07,Hybrid,86,85,57,80,On Hold
BAT003507,ENT00211,CRS016927,Corporate Training Batch 3507,USR034749,2025-11-21,2026-02-19,Offline,181,70,96,91,Running
BAT003508,ENT00158,CRS046687,Corporate Training Batch 3508,USR017673,2026-03-25,2026-04-08,Online,379,78,35,63,On Hold
BAT003509,ENT00471,CRS026937,Corporate Training Batch 3509,USR002222,2026-03-24,2026-05-08,Hybrid,290,57,46,75,Completed
BAT003510,ENT00043,CRS021264,Corporate Training Batch 3510,USR044363,2026-01-01,2026-01-08,Hybrid,152,89,76,85,On Hold
BAT003511,ENT00438,CRS035240,Corporate Training Batch 3511,USR001182,2025-11-22,2026-02-20,Online,184,60,39,69,Planned
BAT003512,ENT00131,CRS035855,Corporate Training Batch 3512,USR044663,2026-01-31,2026-05-01,Offline,318,100,59,41,On Hold
BAT003513,ENT00478,CRS019379,Corporate Training Batch 3513,USR005150,2025-11-24,2025-12-01,Offline,113,77,56,23,Completed
BAT003514,ENT00241,CRS006287,Corporate Training Batch 3514,USR041214,2026-02-25,2026-05-26,Offline,356,97,24,63,On Hold
BAT003515,ENT00436,CRS020226,Corporate Training Batch 3515,USR032067,2026-05-04,2026-05-11,Offline,403,68,34,93,On Hold
BAT003516,ENT00410,CRS004564,Corporate Training Batch 3516,USR033470,2026-01-16,2026-01-23,Online,339,61,93,94,On Hold
BAT003517,ENT00201,CRS025497,Corporate Training Batch 3517,USR007399,2025-12-16,2026-02-14,Online,367,88,41,60,On Hold
BAT003518,ENT00266,CRS046369,Corporate Training Batch 3518,USR034684,2025-12-27,2026-01-03,Offline,26,85,23,34,Planned
BAT003519,ENT00390,CRS001936,Corporate Training Batch 3519,USR016590,2026-03-29,2026-06-27,Hybrid,271,66,90,79,Planned
BAT003520,ENT00387,CRS010986,Corporate Training Batch 3520,USR027582,2026-02-25,2026-05-26,Online,346,97,85,94,Planned
BAT003521,ENT00229,CRS036157,Corporate Training Batch 3521,USR022788,2026-01-09,2026-04-09,Hybrid,500,67,79,71,Running
BAT003522,ENT00005,CRS008256,Corporate Training Batch 3522,USR018658,2026-04-06,2026-06-05,Hybrid,106,64,64,63,On Hold
BAT003523,ENT00415,CRS031444,Corporate Training Batch 3523,USR003423,2026-01-19,2026-03-20,Online,25,80,41,95,On Hold
BAT003524,ENT00500,CRS002714,Corporate Training Batch 3524,USR033790,2026-05-08,2026-06-07,Online,231,84,81,24,Completed
BAT003525,ENT00059,CRS037622,Corporate Training Batch 3525,USR034357,2025-12-17,2026-01-31,Online,438,96,34,67,Completed
BAT003526,ENT00392,CRS003137,Corporate Training Batch 3526,USR030397,2026-03-04,2026-04-18,Online,375,86,61,75,Planned
BAT003527,ENT00218,CRS028983,Corporate Training Batch 3527,USR002819,2026-03-06,2026-06-04,Offline,193,79,99,58,Completed
BAT003528,ENT00074,CRS000557,Corporate Training Batch 3528,USR017385,2026-02-23,2026-04-09,Online,423,81,28,60,On Hold
BAT003529,ENT00008,CRS044571,Corporate Training Batch 3529,USR005603,2025-12-13,2026-01-27,Offline,297,74,22,77,Completed
BAT003530,ENT00384,CRS032115,Corporate Training Batch 3530,USR048359,2026-05-10,2026-05-24,Hybrid,61,60,40,75,Running
BAT003531,ENT00484,CRS025323,Corporate Training Batch 3531,USR018930,2025-11-20,2025-12-04,Online,398,77,96,93,Completed
BAT003532,ENT00339,CRS047431,Corporate Training Batch 3532,USR041891,2025-12-09,2025-12-16,Offline,296,92,53,45,Running
BAT003533,ENT00028,CRS024212,Corporate Training Batch 3533,USR012824,2026-04-27,2026-05-27,Hybrid,390,65,84,65,Completed
BAT003534,ENT00385,CRS015466,Corporate Training Batch 3534,USR007273,2026-02-13,2026-03-15,Offline,439,81,28,86,Planned
BAT003535,ENT00204,CRS022813,Corporate Training Batch 3535,USR004027,2025-11-25,2026-01-24,Online,92,80,82,84,Running
BAT003536,ENT00130,CRS042254,Corporate Training Batch 3536,USR000077,2026-02-22,2026-05-23,Hybrid,270,66,86,57,Running
BAT003537,ENT00022,CRS022623,Corporate Training Batch 3537,USR002047,2026-03-16,2026-05-15,Online,312,62,25,79,Running
BAT003538,ENT00455,CRS012536,Corporate Training Batch 3538,USR037760,2025-12-27,2026-01-03,Hybrid,451,90,57,36,Running
BAT003539,ENT00069,CRS038995,Corporate Training Batch 3539,USR021552,2026-02-10,2026-02-24,Online,27,80,46,61,Completed
BAT003540,ENT00108,CRS002622,Corporate Training Batch 3540,USR039255,2026-04-17,2026-06-16,Offline,345,73,89,64,Planned
BAT003541,ENT00180,CRS022094,Corporate Training Batch 3541,USR023016,2026-01-23,2026-02-22,Hybrid,231,55,60,21,Completed
BAT003542,ENT00155,CRS001037,Corporate Training Batch 3542,USR034017,2026-04-19,2026-05-03,Online,173,66,70,30,On Hold
BAT003543,ENT00448,CRS033587,Corporate Training Batch 3543,USR039579,2026-01-24,2026-01-31,Offline,57,61,59,22,Running
BAT003544,ENT00243,CRS041484,Corporate Training Batch 3544,USR045074,2025-12-21,2026-03-21,Offline,342,55,30,25,Running
BAT003545,ENT00063,CRS049607,Corporate Training Batch 3545,USR021632,2025-11-24,2025-12-24,Online,292,91,44,93,On Hold
BAT003546,ENT00135,CRS021820,Corporate Training Batch 3546,USR001752,2026-04-07,2026-04-21,Offline,110,63,95,24,Completed
BAT003547,ENT00396,CRS024684,Corporate Training Batch 3547,USR005216,2025-12-16,2026-03-16,Online,239,66,30,29,On Hold
BAT003548,ENT00073,CRS014558,Corporate Training Batch 3548,USR002196,2026-03-24,2026-03-31,Offline,452,57,51,62,On Hold
BAT003549,ENT00496,CRS018166,Corporate Training Batch 3549,USR046063,2026-01-24,2026-03-25,Hybrid,317,93,87,39,On Hold
BAT003550,ENT00141,CRS043850,Corporate Training Batch 3550,USR028671,2026-05-12,2026-08-10,Online,105,87,76,100,Running
BAT003551,ENT00433,CRS039480,Corporate Training Batch 3551,USR030166,2026-01-25,2026-03-11,Online,213,67,57,94,Planned
BAT003552,ENT00300,CRS002396,Corporate Training Batch 3552,USR023562,2025-12-23,2026-03-23,Online,459,99,85,20,On Hold
BAT003553,ENT00467,CRS006652,Corporate Training Batch 3553,USR002229,2025-12-15,2025-12-29,Offline,38,74,100,78,Planned
BAT003554,ENT00283,CRS037020,Corporate Training Batch 3554,USR043238,2026-02-27,2026-03-13,Offline,368,64,86,22,Planned
BAT003555,ENT00346,CRS028434,Corporate Training Batch 3555,USR043211,2026-04-12,2026-04-19,Hybrid,127,75,98,50,Completed
BAT003556,ENT00235,CRS002822,Corporate Training Batch 3556,USR049465,2026-01-23,2026-03-09,Offline,327,91,79,48,Planned
BAT003557,ENT00192,CRS009757,Corporate Training Batch 3557,USR037397,2026-03-05,2026-04-19,Online,195,55,99,75,Running
BAT003558,ENT00035,CRS012618,Corporate Training Batch 3558,USR037745,2026-01-15,2026-02-14,Hybrid,18,96,43,83,On Hold
BAT003559,ENT00102,CRS015928,Corporate Training Batch 3559,USR047950,2026-04-02,2026-05-17,Hybrid,297,80,83,25,On Hold
BAT003560,ENT00106,CRS002409,Corporate Training Batch 3560,USR023496,2026-01-07,2026-01-21,Offline,207,92,31,81,Planned
BAT003561,ENT00279,CRS044466,Corporate Training Batch 3561,USR047786,2026-01-03,2026-02-02,Offline,224,70,47,26,Planned
BAT003562,ENT00286,CRS016344,Corporate Training Batch 3562,USR006103,2026-01-17,2026-01-24,Online,141,80,76,49,Planned
BAT003563,ENT00058,CRS043750,Corporate Training Batch 3563,USR032498,2026-01-25,2026-02-24,Online,402,66,34,48,Running
BAT003564,ENT00132,CRS008842,Corporate Training Batch 3564,USR041487,2026-02-14,2026-03-16,Hybrid,434,100,20,53,On Hold
BAT003565,ENT00079,CRS002400,Corporate Training Batch 3565,USR035275,2026-01-28,2026-03-29,Online,403,64,90,72,Running
BAT003566,ENT00100,CRS005941,Corporate Training Batch 3566,USR013137,2026-02-13,2026-03-15,Hybrid,419,77,64,50,Completed
BAT003567,ENT00279,CRS021476,Corporate Training Batch 3567,USR036036,2025-11-25,2025-12-09,Online,75,76,71,40,Planned
BAT003568,ENT00187,CRS041269,Corporate Training Batch 3568,USR021440,2026-05-01,2026-05-15,Online,419,75,74,63,Planned
BAT003569,ENT00287,CRS001722,Corporate Training Batch 3569,USR048876,2026-02-27,2026-04-13,Hybrid,333,82,52,73,Completed
BAT003570,ENT00389,CRS048166,Corporate Training Batch 3570,USR015552,2026-03-03,2026-05-02,Offline,379,99,52,86,On Hold
BAT003571,ENT00119,CRS026438,Corporate Training Batch 3571,USR016045,2026-03-09,2026-05-08,Online,267,61,80,89,On Hold
BAT003572,ENT00468,CRS026373,Corporate Training Batch 3572,USR022439,2025-12-02,2025-12-09,Online,101,55,72,85,Running
BAT003573,ENT00193,CRS045711,Corporate Training Batch 3573,USR002419,2025-12-07,2025-12-14,Online,428,89,21,30,On Hold
BAT003574,ENT00338,CRS012143,Corporate Training Batch 3574,USR028496,2026-02-12,2026-02-19,Hybrid,218,61,25,27,On Hold
BAT003575,ENT00200,CRS022944,Corporate Training Batch 3575,USR003331,2026-04-07,2026-04-21,Online,329,65,97,34,Planned
BAT003576,ENT00256,CRS034227,Corporate Training Batch 3576,USR006289,2025-12-29,2026-03-29,Hybrid,410,93,24,75,Running
BAT003577,ENT00274,CRS000392,Corporate Training Batch 3577,USR016233,2025-12-06,2026-01-05,Online,42,59,86,42,Completed
BAT003578,ENT00329,CRS032207,Corporate Training Batch 3578,USR037005,2026-05-09,2026-06-08,Online,337,61,25,77,Planned
BAT003579,ENT00301,CRS037414,Corporate Training Batch 3579,USR034425,2026-02-19,2026-02-26,Online,88,55,81,58,Running
BAT003580,ENT00406,CRS015926,Corporate Training Batch 3580,USR042873,2026-02-14,2026-02-21,Hybrid,377,69,37,39,Planned
BAT003581,ENT00121,CRS019941,Corporate Training Batch 3581,USR024687,2026-03-02,2026-04-16,Offline,156,84,50,26,Running
BAT003582,ENT00170,CRS004828,Corporate Training Batch 3582,USR012002,2026-01-01,2026-03-02,Offline,116,92,64,58,Completed
BAT003583,ENT00330,CRS034387,Corporate Training Batch 3583,USR004420,2026-02-11,2026-05-12,Online,55,92,100,71,Completed
BAT003584,ENT00341,CRS009286,Corporate Training Batch 3584,USR030291,2026-03-29,2026-04-28,Offline,442,86,48,92,On Hold
BAT003585,ENT00185,CRS032934,Corporate Training Batch 3585,USR019808,2026-04-23,2026-06-22,Hybrid,401,91,21,82,Planned
BAT003586,ENT00495,CRS047934,Corporate Training Batch 3586,USR037715,2026-02-01,2026-03-03,Online,144,99,57,72,On Hold
BAT003587,ENT00344,CRS029860,Corporate Training Batch 3587,USR034767,2026-04-30,2026-06-29,Online,146,82,47,28,Planned
BAT003588,ENT00454,CRS048457,Corporate Training Batch 3588,USR020660,2026-02-25,2026-04-11,Online,109,55,73,75,Running
BAT003589,ENT00156,CRS040915,Corporate Training Batch 3589,USR019790,2026-01-17,2026-04-17,Hybrid,15,84,38,96,Planned
BAT003590,ENT00122,CRS005644,Corporate Training Batch 3590,USR015241,2026-01-08,2026-01-15,Hybrid,178,77,88,57,Planned
BAT003591,ENT00047,CRS045288,Corporate Training Batch 3591,USR045110,2026-02-10,2026-04-11,Hybrid,440,66,63,55,Planned
BAT003592,ENT00212,CRS006990,Corporate Training Batch 3592,USR039397,2026-03-13,2026-03-20,Hybrid,271,85,42,37,Completed
BAT003593,ENT00429,CRS003529,Corporate Training Batch 3593,USR022299,2025-12-26,2026-02-09,Online,279,97,100,56,Completed
BAT003594,ENT00207,CRS020181,Corporate Training Batch 3594,USR009046,2026-04-22,2026-07-21,Hybrid,292,87,49,75,Completed
BAT003595,ENT00202,CRS028401,Corporate Training Batch 3595,USR031811,2026-05-11,2026-06-25,Hybrid,284,58,56,65,Planned
BAT003596,ENT00278,CRS047175,Corporate Training Batch 3596,USR012628,2026-01-02,2026-01-16,Hybrid,61,76,37,86,Planned
BAT003597,ENT00112,CRS007386,Corporate Training Batch 3597,USR034326,2025-12-18,2026-01-01,Hybrid,129,89,90,21,Completed
BAT003598,ENT00119,CRS037055,Corporate Training Batch 3598,USR041973,2026-02-15,2026-05-16,Online,37,81,27,91,Planned
BAT003599,ENT00422,CRS002605,Corporate Training Batch 3599,USR041004,2025-12-07,2025-12-21,Offline,366,92,76,69,On Hold
BAT003600,ENT00186,CRS002037,Corporate Training Batch 3600,USR019393,2025-12-18,2026-01-17,Online,311,71,45,33,Completed
BAT003601,ENT00254,CRS046059,Corporate Training Batch 3601,USR008347,2026-04-17,2026-04-24,Hybrid,211,74,96,32,On Hold
BAT003602,ENT00430,CRS017831,Corporate Training Batch 3602,USR044996,2026-01-04,2026-04-04,Hybrid,153,95,79,25,Planned
BAT003603,ENT00452,CRS040556,Corporate Training Batch 3603,USR015228,2026-04-21,2026-06-20,Hybrid,426,81,69,37,On Hold
BAT003604,ENT00094,CRS033305,Corporate Training Batch 3604,USR004282,2026-02-05,2026-04-06,Online,311,93,77,97,Planned
BAT003605,ENT00045,CRS023797,Corporate Training Batch 3605,USR049501,2026-01-19,2026-03-05,Offline,59,99,82,29,On Hold
BAT003606,ENT00259,CRS036673,Corporate Training Batch 3606,USR017064,2025-12-15,2026-02-13,Online,334,70,42,40,On Hold
BAT003607,ENT00095,CRS006737,Corporate Training Batch 3607,USR042712,2025-11-19,2026-01-03,Hybrid,455,61,99,28,Running
BAT003608,ENT00060,CRS016267,Corporate Training Batch 3608,USR002586,2025-11-19,2025-12-03,Online,373,84,86,60,Completed
BAT003609,ENT00500,CRS048371,Corporate Training Batch 3609,USR034454,2025-11-22,2026-02-20,Offline,345,82,48,39,Planned
BAT003610,ENT00435,CRS022392,Corporate Training Batch 3610,USR006259,2026-05-09,2026-05-16,Online,29,89,36,43,On Hold
BAT003611,ENT00227,CRS046271,Corporate Training Batch 3611,USR021250,2026-04-09,2026-04-16,Online,239,97,24,61,Completed
BAT003612,ENT00048,CRS039351,Corporate Training Batch 3612,USR001577,2026-05-07,2026-05-21,Offline,231,64,81,52,Planned
BAT003613,ENT00001,CRS036037,Corporate Training Batch 3613,USR001313,2025-11-29,2025-12-13,Hybrid,244,79,59,70,Completed
BAT003614,ENT00165,CRS006824,Corporate Training Batch 3614,USR018397,2026-03-24,2026-05-23,Offline,378,96,92,76,On Hold
BAT003615,ENT00349,CRS023768,Corporate Training Batch 3615,USR012272,2026-03-25,2026-04-01,Offline,456,95,89,89,Completed
BAT003616,ENT00336,CRS027680,Corporate Training Batch 3616,USR006069,2026-02-02,2026-02-09,Offline,162,87,74,41,Completed
BAT003617,ENT00187,CRS000836,Corporate Training Batch 3617,USR013231,2026-04-16,2026-04-23,Hybrid,322,70,50,93,Planned
BAT003618,ENT00087,CRS009957,Corporate Training Batch 3618,USR019379,2026-04-03,2026-07-02,Hybrid,88,81,53,49,On Hold
BAT003619,ENT00088,CRS035029,Corporate Training Batch 3619,USR034171,2025-11-23,2025-11-30,Online,483,81,71,85,Running
BAT003620,ENT00130,CRS014671,Corporate Training Batch 3620,USR048276,2025-12-11,2026-01-10,Online,257,95,36,78,Running
BAT003621,ENT00436,CRS034413,Corporate Training Batch 3621,USR028029,2026-03-09,2026-03-16,Online,231,77,96,58,Completed
BAT003622,ENT00040,CRS037691,Corporate Training Batch 3622,USR040168,2026-03-27,2026-05-11,Online,271,77,84,60,Running
BAT003623,ENT00180,CRS004568,Corporate Training Batch 3623,USR025620,2026-03-10,2026-04-24,Hybrid,51,91,44,57,Completed
BAT003624,ENT00414,CRS046487,Corporate Training Batch 3624,USR002425,2026-03-17,2026-03-24,Online,460,95,95,58,Completed
BAT003625,ENT00408,CRS043860,Corporate Training Batch 3625,USR043022,2026-01-11,2026-04-11,Offline,350,84,49,38,Completed
BAT003626,ENT00092,CRS031970,Corporate Training Batch 3626,USR030676,2026-03-25,2026-06-23,Online,283,75,81,54,Planned
BAT003627,ENT00145,CRS043244,Corporate Training Batch 3627,USR000704,2026-02-06,2026-02-20,Offline,35,82,23,30,Completed
BAT003628,ENT00376,CRS029572,Corporate Training Batch 3628,USR013301,2025-11-19,2025-12-19,Online,460,74,43,37,Running
BAT003629,ENT00388,CRS001206,Corporate Training Batch 3629,USR022230,2026-05-13,2026-06-27,Offline,59,76,62,77,Planned
BAT003630,ENT00128,CRS037596,Corporate Training Batch 3630,USR039767,2026-02-18,2026-04-04,Online,443,68,26,75,Running
BAT003631,ENT00052,CRS047683,Corporate Training Batch 3631,USR004775,2026-05-05,2026-06-04,Offline,136,80,23,55,On Hold
BAT003632,ENT00368,CRS010900,Corporate Training Batch 3632,USR043559,2026-02-21,2026-04-07,Hybrid,288,56,77,54,Planned
BAT003633,ENT00142,CRS004910,Corporate Training Batch 3633,USR024348,2025-12-10,2025-12-24,Online,89,98,45,50,Completed
BAT003634,ENT00248,CRS024105,Corporate Training Batch 3634,USR011913,2026-02-17,2026-02-24,Offline,485,58,98,70,On Hold
BAT003635,ENT00396,CRS035728,Corporate Training Batch 3635,USR041996,2026-04-02,2026-05-17,Hybrid,167,72,90,62,Planned
BAT003636,ENT00476,CRS035800,Corporate Training Batch 3636,USR031618,2026-02-14,2026-02-28,Offline,99,95,65,74,On Hold
BAT003637,ENT00134,CRS008059,Corporate Training Batch 3637,USR011458,2026-05-04,2026-08-02,Online,326,77,88,82,Completed
BAT003638,ENT00455,CRS038795,Corporate Training Batch 3638,USR006281,2026-03-02,2026-04-16,Offline,433,84,87,66,Planned
BAT003639,ENT00153,CRS021191,Corporate Training Batch 3639,USR031793,2026-03-01,2026-03-31,Offline,296,94,92,32,Completed
BAT003640,ENT00002,CRS001779,Corporate Training Batch 3640,USR026745,2025-12-04,2026-03-04,Offline,344,55,41,23,Planned
BAT003641,ENT00029,CRS044205,Corporate Training Batch 3641,USR015296,2026-04-19,2026-06-03,Hybrid,349,96,47,92,On Hold
BAT003642,ENT00180,CRS044351,Corporate Training Batch 3642,USR029047,2025-11-27,2025-12-04,Offline,191,85,87,83,Planned
BAT003643,ENT00133,CRS017461,Corporate Training Batch 3643,USR049430,2026-03-09,2026-05-08,Offline,59,57,57,22,On Hold
BAT003644,ENT00253,CRS042362,Corporate Training Batch 3644,USR045634,2026-01-29,2026-02-05,Offline,247,71,35,88,Completed
BAT003645,ENT00225,CRS025154,Corporate Training Batch 3645,USR001237,2026-01-05,2026-01-19,Offline,77,81,27,99,Planned
BAT003646,ENT00219,CRS033806,Corporate Training Batch 3646,USR048478,2026-01-21,2026-01-28,Online,20,97,27,73,Planned
BAT003647,ENT00424,CRS010254,Corporate Training Batch 3647,USR029608,2026-05-12,2026-08-10,Offline,360,94,47,21,On Hold
BAT003648,ENT00398,CRS028475,Corporate Training Batch 3648,USR009450,2026-01-15,2026-01-22,Online,214,68,86,35,Completed
BAT003649,ENT00023,CRS003248,Corporate Training Batch 3649,USR000269,2026-03-14,2026-03-28,Online,358,58,83,53,On Hold
BAT003650,ENT00356,CRS000239,Corporate Training Batch 3650,USR048826,2026-03-13,2026-05-12,Online,282,87,38,73,Completed
BAT003651,ENT00344,CRS000889,Corporate Training Batch 3651,USR013482,2026-02-23,2026-03-02,Hybrid,346,58,75,20,Completed
BAT003652,ENT00490,CRS042263,Corporate Training Batch 3652,USR049549,2025-12-22,2026-02-20,Offline,35,94,64,36,On Hold
BAT003653,ENT00276,CRS005606,Corporate Training Batch 3653,USR023401,2025-12-08,2026-01-07,Online,44,75,94,78,On Hold
BAT003654,ENT00462,CRS042497,Corporate Training Batch 3654,USR035714,2026-03-23,2026-04-06,Hybrid,407,90,97,48,Completed
BAT003655,ENT00334,CRS038990,Corporate Training Batch 3655,USR042395,2026-01-20,2026-02-03,Hybrid,30,68,93,22,On Hold
BAT003656,ENT00382,CRS021286,Corporate Training Batch 3656,USR000353,2026-03-07,2026-03-21,Online,141,83,63,21,Running
BAT003657,ENT00334,CRS049667,Corporate Training Batch 3657,USR012368,2026-02-27,2026-04-28,Offline,130,93,24,50,Running
BAT003658,ENT00079,CRS014736,Corporate Training Batch 3658,USR026440,2026-04-26,2026-05-26,Online,304,84,37,67,Planned
BAT003659,ENT00060,CRS037783,Corporate Training Batch 3659,USR042906,2026-03-18,2026-05-02,Online,120,57,60,63,Running
BAT003660,ENT00115,CRS040742,Corporate Training Batch 3660,USR004337,2026-01-06,2026-02-05,Online,468,97,40,62,On Hold
BAT003661,ENT00356,CRS013512,Corporate Training Batch 3661,USR000952,2026-01-07,2026-03-08,Online,450,96,41,73,Running
BAT003662,ENT00262,CRS046217,Corporate Training Batch 3662,USR036995,2026-04-15,2026-04-22,Online,148,72,81,36,On Hold
BAT003663,ENT00470,CRS049371,Corporate Training Batch 3663,USR000517,2025-12-27,2026-03-27,Hybrid,196,99,42,75,Running
BAT003664,ENT00252,CRS004620,Corporate Training Batch 3664,USR040857,2026-02-18,2026-02-25,Offline,367,97,93,42,On Hold
BAT003665,ENT00285,CRS042405,Corporate Training Batch 3665,USR002027,2026-04-29,2026-06-13,Offline,297,76,24,54,Running
BAT003666,ENT00064,CRS032063,Corporate Training Batch 3666,USR026043,2026-04-07,2026-07-06,Hybrid,215,67,70,28,Running
BAT003667,ENT00114,CRS004781,Corporate Training Batch 3667,USR016568,2026-02-14,2026-02-21,Online,194,70,57,23,On Hold
BAT003668,ENT00413,CRS015951,Corporate Training Batch 3668,USR023136,2025-12-14,2026-03-14,Online,355,93,41,95,Planned
BAT003669,ENT00441,CRS025913,Corporate Training Batch 3669,USR019906,2026-04-16,2026-07-15,Offline,309,60,58,31,Completed
BAT003670,ENT00356,CRS019022,Corporate Training Batch 3670,USR046619,2026-03-19,2026-04-02,Hybrid,297,58,67,97,Completed
BAT003671,ENT00248,CRS044281,Corporate Training Batch 3671,USR022689,2025-11-29,2026-01-13,Hybrid,260,84,36,41,Completed
BAT003672,ENT00495,CRS004937,Corporate Training Batch 3672,USR025831,2026-01-16,2026-01-30,Hybrid,210,91,53,33,Planned
BAT003673,ENT00375,CRS003676,Corporate Training Batch 3673,USR015074,2026-02-04,2026-03-06,Online,195,88,87,100,Completed
BAT003674,ENT00299,CRS001903,Corporate Training Batch 3674,USR039219,2025-11-17,2025-12-01,Hybrid,197,94,71,80,Running
BAT003675,ENT00277,CRS025742,Corporate Training Batch 3675,USR046363,2026-03-14,2026-06-12,Hybrid,130,97,80,76,Planned
BAT003676,ENT00014,CRS025181,Corporate Training Batch 3676,USR038904,2026-04-03,2026-04-10,Offline,291,74,76,63,Completed
BAT003677,ENT00489,CRS010403,Corporate Training Batch 3677,USR019095,2026-04-05,2026-04-19,Online,230,79,80,88,On Hold
BAT003678,ENT00459,CRS039810,Corporate Training Batch 3678,USR009292,2026-03-20,2026-05-04,Hybrid,467,66,68,28,Running
BAT003679,ENT00411,CRS025373,Corporate Training Batch 3679,USR046145,2026-02-05,2026-04-06,Offline,264,65,91,64,On Hold
BAT003680,ENT00007,CRS020356,Corporate Training Batch 3680,USR010810,2026-01-12,2026-01-26,Hybrid,354,62,71,51,Completed
BAT003681,ENT00365,CRS009659,Corporate Training Batch 3681,USR015312,2025-11-23,2025-11-30,Offline,92,60,79,63,Planned
BAT003682,ENT00106,CRS043561,Corporate Training Batch 3682,USR041756,2025-12-27,2026-01-10,Hybrid,375,94,44,73,Planned
BAT003683,ENT00439,CRS005256,Corporate Training Batch 3683,USR049736,2026-03-27,2026-04-26,Offline,105,62,39,39,On Hold
BAT003684,ENT00440,CRS015068,Corporate Training Batch 3684,USR007726,2025-11-30,2025-12-07,Hybrid,500,98,89,93,Planned
BAT003685,ENT00207,CRS028608,Corporate Training Batch 3685,USR005108,2026-01-24,2026-01-31,Hybrid,190,81,28,55,Completed
BAT003686,ENT00067,CRS011508,Corporate Training Batch 3686,USR020492,2026-05-13,2026-06-12,Online,431,75,98,42,Running
BAT003687,ENT00203,CRS015977,Corporate Training Batch 3687,USR000940,2025-12-20,2026-02-03,Online,101,87,64,26,Completed
BAT003688,ENT00055,CRS044172,Corporate Training Batch 3688,USR024468,2025-11-29,2026-01-28,Hybrid,321,55,100,46,Running
BAT003689,ENT00484,CRS020700,Corporate Training Batch 3689,USR039724,2026-01-02,2026-01-09,Hybrid,135,87,23,91,On Hold
BAT003690,ENT00123,CRS027618,Corporate Training Batch 3690,USR019084,2025-11-30,2026-02-28,Online,486,97,20,82,Running
BAT003691,ENT00333,CRS040190,Corporate Training Batch 3691,USR036046,2025-12-14,2026-03-14,Offline,484,67,82,26,Planned
BAT003692,ENT00222,CRS044761,Corporate Training Batch 3692,USR010045,2026-02-23,2026-03-25,Hybrid,447,83,99,59,On Hold
BAT003693,ENT00290,CRS029175,Corporate Training Batch 3693,USR010394,2026-01-07,2026-01-21,Offline,429,63,92,79,Running
BAT003694,ENT00482,CRS038306,Corporate Training Batch 3694,USR004097,2025-11-16,2025-11-23,Online,293,59,37,76,Running
BAT003695,ENT00283,CRS017563,Corporate Training Batch 3695,USR018352,2025-12-14,2025-12-28,Online,154,84,45,44,On Hold
BAT003696,ENT00312,CRS018893,Corporate Training Batch 3696,USR038753,2026-03-15,2026-06-13,Online,353,62,28,92,On Hold
BAT003697,ENT00192,CRS003256,Corporate Training Batch 3697,USR047260,2025-11-26,2025-12-03,Offline,41,93,45,52,Completed
BAT003698,ENT00133,CRS029910,Corporate Training Batch 3698,USR031193,2026-04-07,2026-07-06,Hybrid,96,96,66,40,On Hold
BAT003699,ENT00421,CRS003290,Corporate Training Batch 3699,USR041094,2025-12-07,2025-12-21,Hybrid,333,55,77,42,On Hold
BAT003700,ENT00156,CRS030537,Corporate Training Batch 3700,USR026394,2026-03-17,2026-06-15,Online,425,89,45,78,Completed
BAT003701,ENT00153,CRS016282,Corporate Training Batch 3701,USR009592,2026-02-07,2026-04-08,Online,177,83,97,30,Completed
BAT003702,ENT00271,CRS042058,Corporate Training Batch 3702,USR003665,2025-12-22,2026-02-20,Hybrid,154,71,46,24,Planned
BAT003703,ENT00108,CRS024101,Corporate Training Batch 3703,USR000712,2026-04-15,2026-05-15,Offline,431,80,94,93,On Hold
BAT003704,ENT00457,CRS041188,Corporate Training Batch 3704,USR005249,2026-03-13,2026-06-11,Hybrid,58,66,49,39,Planned
BAT003705,ENT00270,CRS022876,Corporate Training Batch 3705,USR006415,2025-11-25,2025-12-25,Online,95,62,76,35,Planned
BAT003706,ENT00089,CRS016405,Corporate Training Batch 3706,USR039870,2026-03-06,2026-06-04,Online,354,75,67,53,Planned
BAT003707,ENT00099,CRS045867,Corporate Training Batch 3707,USR008594,2025-12-14,2026-02-12,Hybrid,181,76,58,29,Running
BAT003708,ENT00334,CRS034469,Corporate Training Batch 3708,USR043058,2026-03-16,2026-05-15,Online,395,73,97,24,On Hold
BAT003709,ENT00364,CRS040377,Corporate Training Batch 3709,USR019685,2026-03-14,2026-06-12,Hybrid,374,79,38,94,Running
BAT003710,ENT00440,CRS028665,Corporate Training Batch 3710,USR012005,2026-01-06,2026-04-06,Hybrid,139,75,46,44,Planned
BAT003711,ENT00184,CRS008245,Corporate Training Batch 3711,USR027020,2026-01-17,2026-01-31,Hybrid,172,63,87,98,Planned
BAT003712,ENT00276,CRS013099,Corporate Training Batch 3712,USR024543,2026-01-06,2026-03-07,Offline,19,82,72,97,Planned
BAT003713,ENT00052,CRS040847,Corporate Training Batch 3713,USR027593,2026-05-06,2026-07-05,Hybrid,478,93,21,32,On Hold
BAT003714,ENT00061,CRS047546,Corporate Training Batch 3714,USR020925,2025-11-17,2026-01-16,Online,423,71,36,62,Planned
BAT003715,ENT00290,CRS002858,Corporate Training Batch 3715,USR007570,2026-03-08,2026-03-15,Hybrid,347,91,38,32,On Hold
BAT003716,ENT00239,CRS039813,Corporate Training Batch 3716,USR012833,2026-01-07,2026-01-14,Online,122,83,36,59,On Hold
BAT003717,ENT00016,CRS021304,Corporate Training Batch 3717,USR045174,2025-12-19,2025-12-26,Hybrid,200,94,76,90,On Hold
BAT003718,ENT00264,CRS045303,Corporate Training Batch 3718,USR038712,2026-03-02,2026-03-09,Online,275,91,62,100,Completed
BAT003719,ENT00052,CRS037054,Corporate Training Batch 3719,USR006755,2026-04-29,2026-05-13,Offline,344,87,96,41,Completed
BAT003720,ENT00278,CRS043833,Corporate Training Batch 3720,USR033527,2026-04-15,2026-06-14,Hybrid,143,98,25,33,On Hold
BAT003721,ENT00280,CRS047933,Corporate Training Batch 3721,USR007994,2026-05-12,2026-06-26,Hybrid,191,89,24,25,Running
BAT003722,ENT00036,CRS049282,Corporate Training Batch 3722,USR009563,2026-03-17,2026-04-16,Hybrid,102,91,74,43,On Hold
BAT003723,ENT00239,CRS020606,Corporate Training Batch 3723,USR030872,2026-02-01,2026-03-03,Online,81,69,34,42,Planned
BAT003724,ENT00315,CRS034529,Corporate Training Batch 3724,USR048866,2025-12-20,2026-01-19,Offline,34,99,80,94,Completed
BAT003725,ENT00029,CRS041574,Corporate Training Batch 3725,USR020332,2026-03-12,2026-05-11,Offline,94,73,66,92,On Hold
BAT003726,ENT00419,CRS040996,Corporate Training Batch 3726,USR002809,2026-01-24,2026-01-31,Offline,198,88,39,77,Planned
BAT003727,ENT00481,CRS031589,Corporate Training Batch 3727,USR027223,2026-05-04,2026-08-02,Online,10,97,86,24,Completed
BAT003728,ENT00017,CRS040741,Corporate Training Batch 3728,USR005499,2026-04-06,2026-07-05,Online,70,79,53,43,Planned
BAT003729,ENT00362,CRS033560,Corporate Training Batch 3729,USR014352,2025-12-10,2026-03-10,Online,201,74,22,31,On Hold
BAT003730,ENT00134,CRS019761,Corporate Training Batch 3730,USR009545,2026-01-14,2026-02-13,Online,68,77,60,71,Planned
BAT003731,ENT00093,CRS015793,Corporate Training Batch 3731,USR006423,2025-12-22,2025-12-29,Hybrid,230,75,53,67,On Hold
BAT003732,ENT00218,CRS028701,Corporate Training Batch 3732,USR026490,2026-02-26,2026-03-12,Hybrid,138,80,89,97,Running
BAT003733,ENT00300,CRS036621,Corporate Training Batch 3733,USR000581,2026-03-17,2026-05-01,Online,456,79,41,26,Planned
BAT003734,ENT00165,CRS036034,Corporate Training Batch 3734,USR041507,2025-12-27,2026-03-27,Online,58,95,81,43,Completed
BAT003735,ENT00356,CRS035838,Corporate Training Batch 3735,USR025583,2026-05-06,2026-07-05,Online,131,55,77,44,On Hold
BAT003736,ENT00172,CRS030710,Corporate Training Batch 3736,USR021776,2026-04-25,2026-06-24,Hybrid,109,66,95,28,Planned
BAT003737,ENT00274,CRS013032,Corporate Training Batch 3737,USR013406,2026-03-17,2026-04-16,Hybrid,398,86,41,49,On Hold
BAT003738,ENT00083,CRS020011,Corporate Training Batch 3738,USR028906,2026-02-11,2026-03-28,Offline,484,100,69,46,Completed
BAT003739,ENT00384,CRS009685,Corporate Training Batch 3739,USR041876,2026-01-12,2026-02-26,Online,370,71,87,51,On Hold
BAT003740,ENT00437,CRS038220,Corporate Training Batch 3740,USR033727,2026-04-18,2026-06-17,Online,48,72,86,59,Running
BAT003741,ENT00468,CRS025325,Corporate Training Batch 3741,USR027345,2025-11-14,2026-01-13,Offline,245,61,53,85,On Hold
BAT003742,ENT00020,CRS031892,Corporate Training Batch 3742,USR026335,2026-01-10,2026-03-11,Hybrid,432,75,91,47,On Hold
BAT003743,ENT00205,CRS030297,Corporate Training Batch 3743,USR049390,2025-11-22,2025-12-06,Offline,370,98,76,75,On Hold
BAT003744,ENT00176,CRS041119,Corporate Training Batch 3744,USR041592,2026-02-03,2026-02-10,Hybrid,68,89,65,100,Planned
BAT003745,ENT00037,CRS004063,Corporate Training Batch 3745,USR041418,2026-01-19,2026-01-26,Offline,485,99,72,37,On Hold
BAT003746,ENT00287,CRS030949,Corporate Training Batch 3746,USR002920,2025-12-02,2025-12-16,Online,500,85,69,71,Planned
BAT003747,ENT00433,CRS020985,Corporate Training Batch 3747,USR025138,2026-04-05,2026-05-05,Online,332,56,96,59,Running
BAT003748,ENT00182,CRS000076,Corporate Training Batch 3748,USR014428,2026-02-08,2026-03-10,Online,98,79,49,90,Completed
BAT003749,ENT00018,CRS031186,Corporate Training Batch 3749,USR022641,2025-11-25,2026-02-23,Offline,221,57,63,97,Completed
BAT003750,ENT00174,CRS015809,Corporate Training Batch 3750,USR021292,2026-03-30,2026-05-29,Hybrid,209,69,64,58,Completed
BAT003751,ENT00091,CRS027394,Corporate Training Batch 3751,USR007376,2026-03-21,2026-04-20,Offline,457,86,22,35,On Hold
BAT003752,ENT00310,CRS025545,Corporate Training Batch 3752,USR021545,2026-03-26,2026-04-02,Online,148,99,64,88,Completed
BAT003753,ENT00358,CRS043419,Corporate Training Batch 3753,USR028876,2025-12-06,2025-12-13,Online,49,89,62,78,On Hold
BAT003754,ENT00326,CRS000603,Corporate Training Batch 3754,USR047465,2026-03-09,2026-04-08,Online,275,89,41,36,Running
BAT003755,ENT00443,CRS026616,Corporate Training Batch 3755,USR010981,2026-04-08,2026-04-15,Online,401,83,77,65,Running
BAT003756,ENT00008,CRS049132,Corporate Training Batch 3756,USR019203,2026-02-28,2026-04-29,Online,488,67,32,61,On Hold
BAT003757,ENT00229,CRS030043,Corporate Training Batch 3757,USR028954,2026-05-01,2026-07-30,Offline,239,88,77,56,Completed
BAT003758,ENT00092,CRS028560,Corporate Training Batch 3758,USR004635,2026-05-10,2026-06-09,Hybrid,210,67,84,78,Planned
BAT003759,ENT00118,CRS000392,Corporate Training Batch 3759,USR023087,2026-01-05,2026-04-05,Online,456,68,54,71,On Hold
BAT003760,ENT00157,CRS020915,Corporate Training Batch 3760,USR037529,2025-11-14,2026-01-13,Hybrid,253,63,90,86,On Hold
BAT003761,ENT00456,CRS007983,Corporate Training Batch 3761,USR024632,2026-03-18,2026-03-25,Hybrid,201,86,65,60,On Hold
BAT003762,ENT00156,CRS018306,Corporate Training Batch 3762,USR024641,2025-12-14,2026-03-14,Hybrid,476,59,69,64,Running
BAT003763,ENT00144,CRS014893,Corporate Training Batch 3763,USR043165,2025-12-27,2026-01-26,Hybrid,250,84,40,56,Planned
BAT003764,ENT00032,CRS006788,Corporate Training Batch 3764,USR031695,2025-11-30,2026-01-29,Offline,450,81,76,39,Completed
BAT003765,ENT00221,CRS005363,Corporate Training Batch 3765,USR030509,2026-04-10,2026-04-24,Hybrid,210,61,53,28,Completed
BAT003766,ENT00449,CRS036980,Corporate Training Batch 3766,USR011941,2026-05-03,2026-05-17,Online,161,87,95,49,Completed
BAT003767,ENT00358,CRS019112,Corporate Training Batch 3767,USR049804,2026-01-04,2026-02-18,Hybrid,353,64,49,27,Running
BAT003768,ENT00111,CRS030487,Corporate Training Batch 3768,USR044623,2025-12-08,2026-01-22,Hybrid,95,70,26,57,Completed
BAT003769,ENT00249,CRS013297,Corporate Training Batch 3769,USR011149,2026-04-19,2026-05-03,Online,22,82,26,30,Planned
BAT003770,ENT00215,CRS038956,Corporate Training Batch 3770,USR029903,2026-02-16,2026-05-17,Online,492,77,45,78,Completed
BAT003771,ENT00404,CRS005653,Corporate Training Batch 3771,USR044297,2026-03-22,2026-05-21,Offline,221,89,53,30,On Hold
BAT003772,ENT00393,CRS010347,Corporate Training Batch 3772,USR020896,2025-11-23,2026-01-07,Online,158,90,29,75,Running
BAT003773,ENT00244,CRS016211,Corporate Training Batch 3773,USR041480,2026-02-24,2026-03-03,Offline,447,98,59,37,Running
BAT003774,ENT00224,CRS024273,Corporate Training Batch 3774,USR032565,2025-11-25,2026-02-23,Hybrid,497,71,85,83,Completed
BAT003775,ENT00342,CRS043545,Corporate Training Batch 3775,USR011729,2025-11-15,2026-01-14,Hybrid,485,75,43,70,Running
BAT003776,ENT00435,CRS015924,Corporate Training Batch 3776,USR020133,2026-02-27,2026-03-29,Online,456,74,62,60,Planned
BAT003777,ENT00064,CRS018884,Corporate Training Batch 3777,USR046298,2025-11-23,2026-02-21,Online,419,81,49,30,On Hold
BAT003778,ENT00066,CRS011573,Corporate Training Batch 3778,USR008723,2026-03-26,2026-04-25,Online,420,88,92,61,Running
BAT003779,ENT00205,CRS041405,Corporate Training Batch 3779,USR022803,2026-05-07,2026-08-05,Offline,481,56,73,93,Running
BAT003780,ENT00008,CRS026063,Corporate Training Batch 3780,USR035584,2026-01-11,2026-04-11,Online,420,57,62,28,Planned
BAT003781,ENT00116,CRS041274,Corporate Training Batch 3781,USR000086,2026-03-11,2026-03-18,Online,176,80,68,55,On Hold
BAT003782,ENT00328,CRS036474,Corporate Training Batch 3782,USR008040,2026-01-14,2026-04-14,Online,497,75,100,53,Running
BAT003783,ENT00405,CRS020041,Corporate Training Batch 3783,USR042244,2025-11-23,2026-02-21,Hybrid,115,71,44,100,On Hold
BAT003784,ENT00321,CRS037487,Corporate Training Batch 3784,USR034843,2025-12-27,2026-03-27,Hybrid,259,82,65,47,Planned
BAT003785,ENT00415,CRS029909,Corporate Training Batch 3785,USR019654,2026-02-11,2026-03-28,Offline,494,66,40,92,Running
BAT003786,ENT00072,CRS033870,Corporate Training Batch 3786,USR026793,2026-01-17,2026-02-16,Online,294,64,23,22,Running
BAT003787,ENT00012,CRS021923,Corporate Training Batch 3787,USR036595,2026-05-07,2026-05-14,Hybrid,498,87,93,90,Planned
BAT003788,ENT00056,CRS003826,Corporate Training Batch 3788,USR004974,2026-02-24,2026-03-10,Online,50,70,64,69,On Hold
BAT003789,ENT00149,CRS014916,Corporate Training Batch 3789,USR031997,2026-04-10,2026-06-09,Online,48,65,58,43,Completed
BAT003790,ENT00073,CRS038593,Corporate Training Batch 3790,USR005016,2025-11-28,2025-12-05,Offline,83,56,92,86,Planned
BAT003791,ENT00476,CRS007254,Corporate Training Batch 3791,USR049752,2025-12-01,2025-12-08,Hybrid,186,71,95,33,On Hold
BAT003792,ENT00423,CRS023841,Corporate Training Batch 3792,USR030224,2025-12-06,2026-01-20,Online,296,57,28,89,Running
BAT003793,ENT00152,CRS017670,Corporate Training Batch 3793,USR002920,2026-02-06,2026-04-07,Online,371,86,33,60,On Hold
BAT003794,ENT00260,CRS022282,Corporate Training Batch 3794,USR010084,2026-02-11,2026-02-18,Online,384,80,96,73,Completed
BAT003795,ENT00040,CRS030147,Corporate Training Batch 3795,USR009618,2025-11-26,2025-12-26,Hybrid,219,67,71,32,Completed
BAT003796,ENT00021,CRS013078,Corporate Training Batch 3796,USR024149,2026-01-18,2026-03-04,Online,278,77,100,58,Completed
BAT003797,ENT00342,CRS044617,Corporate Training Batch 3797,USR035496,2026-04-06,2026-05-06,Online,134,61,69,52,Completed
BAT003798,ENT00153,CRS024691,Corporate Training Batch 3798,USR015172,2026-04-20,2026-06-04,Online,292,60,28,100,On Hold
BAT003799,ENT00112,CRS001270,Corporate Training Batch 3799,USR013842,2025-11-19,2026-02-17,Hybrid,411,63,81,31,Planned
BAT003800,ENT00198,CRS000600,Corporate Training Batch 3800,USR005966,2026-03-27,2026-05-11,Online,251,79,24,40,Running
BAT003801,ENT00186,CRS041122,Corporate Training Batch 3801,USR038676,2025-12-10,2026-02-08,Offline,293,94,20,69,On Hold
BAT003802,ENT00363,CRS033695,Corporate Training Batch 3802,USR005184,2026-01-19,2026-02-18,Hybrid,281,62,83,86,Running
BAT003803,ENT00459,CRS018618,Corporate Training Batch 3803,USR028131,2025-11-26,2025-12-10,Hybrid,47,87,83,64,On Hold
BAT003804,ENT00036,CRS007578,Corporate Training Batch 3804,USR037933,2025-12-17,2026-01-31,Hybrid,304,100,35,66,On Hold
BAT003805,ENT00091,CRS002289,Corporate Training Batch 3805,USR002070,2026-04-22,2026-05-06,Hybrid,489,64,96,27,Completed
BAT003806,ENT00328,CRS032778,Corporate Training Batch 3806,USR032033,2026-03-28,2026-04-27,Offline,20,94,99,79,Completed
BAT003807,ENT00063,CRS049719,Corporate Training Batch 3807,USR045072,2026-01-10,2026-01-24,Hybrid,362,91,94,44,Planned
BAT003808,ENT00341,CRS036006,Corporate Training Batch 3808,USR008053,2025-11-30,2026-01-14,Online,106,70,53,54,Planned
BAT003809,ENT00116,CRS010828,Corporate Training Batch 3809,USR041633,2026-03-08,2026-04-07,Hybrid,498,60,69,60,On Hold
BAT003810,ENT00336,CRS026990,Corporate Training Batch 3810,USR025988,2026-01-22,2026-03-23,Hybrid,51,59,30,69,Completed
BAT003811,ENT00033,CRS012908,Corporate Training Batch 3811,USR042291,2026-04-17,2026-04-24,Online,329,62,99,89,Planned
BAT003812,ENT00022,CRS026381,Corporate Training Batch 3812,USR002608,2025-11-16,2025-11-30,Offline,104,59,54,98,On Hold
BAT003813,ENT00220,CRS015985,Corporate Training Batch 3813,USR039805,2025-12-07,2025-12-21,Online,393,93,34,63,On Hold
BAT003814,ENT00487,CRS031421,Corporate Training Batch 3814,USR001112,2026-04-15,2026-07-14,Hybrid,386,64,96,72,Completed
BAT003815,ENT00320,CRS013454,Corporate Training Batch 3815,USR007397,2025-11-25,2026-01-09,Online,427,87,90,59,Planned
BAT003816,ENT00377,CRS028335,Corporate Training Batch 3816,USR038885,2025-12-05,2025-12-19,Offline,21,68,65,61,Completed
BAT003817,ENT00266,CRS025063,Corporate Training Batch 3817,USR001348,2025-12-08,2026-01-22,Hybrid,225,63,26,53,On Hold
BAT003818,ENT00008,CRS019994,Corporate Training Batch 3818,USR042053,2026-01-16,2026-01-23,Offline,201,67,53,77,Running
BAT003819,ENT00320,CRS028966,Corporate Training Batch 3819,USR033206,2026-01-30,2026-04-30,Hybrid,155,99,56,77,Planned
BAT003820,ENT00334,CRS020394,Corporate Training Batch 3820,USR031652,2026-01-16,2026-02-15,Hybrid,72,89,56,37,Running
BAT003821,ENT00058,CRS040026,Corporate Training Batch 3821,USR016775,2025-12-27,2026-01-03,Hybrid,35,58,100,73,Running
BAT003822,ENT00142,CRS024964,Corporate Training Batch 3822,USR024681,2026-04-23,2026-05-23,Online,39,93,53,30,Completed
BAT003823,ENT00325,CRS036402,Corporate Training Batch 3823,USR013419,2026-03-04,2026-04-18,Offline,318,63,81,50,Running
BAT003824,ENT00153,CRS033305,Corporate Training Batch 3824,USR013132,2026-01-28,2026-04-28,Offline,91,95,90,62,On Hold
BAT003825,ENT00178,CRS019936,Corporate Training Batch 3825,USR018629,2025-12-03,2026-01-02,Hybrid,27,98,81,52,Completed
BAT003826,ENT00106,CRS002868,Corporate Training Batch 3826,USR024101,2025-12-02,2026-01-01,Online,271,78,27,92,On Hold
BAT003827,ENT00071,CRS047493,Corporate Training Batch 3827,USR024231,2026-02-03,2026-04-04,Offline,138,81,99,50,Planned
BAT003828,ENT00420,CRS042503,Corporate Training Batch 3828,USR007153,2025-12-17,2026-01-31,Offline,153,85,93,89,Running
BAT003829,ENT00316,CRS025268,Corporate Training Batch 3829,USR018800,2025-12-26,2026-01-02,Offline,26,63,53,23,On Hold
BAT003830,ENT00099,CRS011834,Corporate Training Batch 3830,USR022505,2026-02-05,2026-02-19,Offline,411,77,42,89,Running
BAT003831,ENT00278,CRS008134,Corporate Training Batch 3831,USR015452,2025-12-07,2026-01-21,Offline,249,70,39,42,Planned
BAT003832,ENT00327,CRS016888,Corporate Training Batch 3832,USR034596,2026-04-25,2026-07-24,Offline,122,88,32,50,Completed
BAT003833,ENT00441,CRS020316,Corporate Training Batch 3833,USR021192,2026-02-09,2026-02-23,Online,76,66,74,87,Running
BAT003834,ENT00240,CRS041301,Corporate Training Batch 3834,USR014162,2026-03-20,2026-04-03,Online,350,99,30,72,Running
BAT003835,ENT00124,CRS025007,Corporate Training Batch 3835,USR031935,2025-11-15,2025-11-29,Hybrid,12,62,44,40,Planned
BAT003836,ENT00098,CRS046686,Corporate Training Batch 3836,USR042875,2026-03-10,2026-04-09,Online,27,86,96,79,On Hold
BAT003837,ENT00400,CRS025685,Corporate Training Batch 3837,USR006235,2026-04-09,2026-05-24,Offline,367,93,61,34,Completed
BAT003838,ENT00224,CRS024735,Corporate Training Batch 3838,USR021542,2026-01-06,2026-01-20,Offline,70,91,80,83,On Hold
BAT003839,ENT00475,CRS018105,Corporate Training Batch 3839,USR011100,2026-01-03,2026-02-17,Online,298,78,46,82,Planned
BAT003840,ENT00133,CRS035782,Corporate Training Batch 3840,USR029755,2025-11-26,2026-01-10,Offline,283,63,70,82,Running
BAT003841,ENT00329,CRS004450,Corporate Training Batch 3841,USR044508,2026-04-27,2026-06-11,Hybrid,433,94,76,94,Planned
BAT003842,ENT00330,CRS002542,Corporate Training Batch 3842,USR029329,2026-04-08,2026-04-15,Online,357,74,88,49,Running
BAT003843,ENT00275,CRS023248,Corporate Training Batch 3843,USR007621,2026-02-01,2026-03-18,Hybrid,354,100,66,39,Planned
BAT003844,ENT00451,CRS005102,Corporate Training Batch 3844,USR017735,2026-04-11,2026-04-25,Online,252,68,47,49,On Hold
BAT003845,ENT00215,CRS020705,Corporate Training Batch 3845,USR011172,2026-01-18,2026-02-17,Online,238,58,85,75,On Hold
BAT003846,ENT00256,CRS045217,Corporate Training Batch 3846,USR024948,2026-03-23,2026-04-22,Offline,197,68,33,77,On Hold
BAT003847,ENT00363,CRS005395,Corporate Training Batch 3847,USR026507,2026-05-06,2026-05-13,Hybrid,443,55,37,50,Planned
BAT003848,ENT00079,CRS046276,Corporate Training Batch 3848,USR002155,2026-04-28,2026-05-05,Hybrid,47,56,75,37,Completed
BAT003849,ENT00427,CRS003224,Corporate Training Batch 3849,USR015383,2026-04-18,2026-05-02,Hybrid,299,57,81,44,Planned
BAT003850,ENT00423,CRS021177,Corporate Training Batch 3850,USR025350,2026-04-08,2026-04-22,Hybrid,150,82,51,71,Planned
BAT003851,ENT00298,CRS040783,Corporate Training Batch 3851,USR014643,2026-02-02,2026-03-04,Online,114,56,88,73,Completed
BAT003852,ENT00052,CRS036862,Corporate Training Batch 3852,USR026053,2026-02-28,2026-03-14,Hybrid,348,89,96,52,On Hold
BAT003853,ENT00409,CRS017825,Corporate Training Batch 3853,USR012410,2026-05-13,2026-05-20,Hybrid,206,73,70,50,Running
BAT003854,ENT00460,CRS033233,Corporate Training Batch 3854,USR014184,2026-05-11,2026-06-10,Hybrid,235,56,21,81,Planned
BAT003855,ENT00310,CRS027633,Corporate Training Batch 3855,USR028108,2026-04-16,2026-06-15,Offline,54,78,68,77,Completed
BAT003856,ENT00262,CRS026411,Corporate Training Batch 3856,USR013239,2026-05-10,2026-05-24,Offline,427,75,100,62,On Hold
BAT003857,ENT00047,CRS042808,Corporate Training Batch 3857,USR041453,2026-03-11,2026-06-09,Online,308,64,36,62,On Hold
BAT003858,ENT00499,CRS047847,Corporate Training Batch 3858,USR046836,2026-03-02,2026-03-09,Hybrid,96,94,31,34,Completed
BAT003859,ENT00204,CRS028036,Corporate Training Batch 3859,USR016739,2026-05-13,2026-05-20,Hybrid,496,73,28,37,On Hold
BAT003860,ENT00239,CRS037304,Corporate Training Batch 3860,USR041257,2026-04-20,2026-05-04,Hybrid,318,83,45,28,Completed
BAT003861,ENT00206,CRS023990,Corporate Training Batch 3861,USR014601,2026-04-28,2026-06-12,Online,233,88,99,63,Running
BAT003862,ENT00036,CRS038547,Corporate Training Batch 3862,USR034440,2026-05-11,2026-05-18,Hybrid,57,99,99,22,On Hold
BAT003863,ENT00111,CRS049170,Corporate Training Batch 3863,USR023510,2025-12-05,2025-12-12,Offline,458,68,67,63,Planned
BAT003864,ENT00342,CRS019937,Corporate Training Batch 3864,USR045702,2025-12-06,2026-01-20,Online,474,62,83,96,Running
BAT003865,ENT00071,CRS015045,Corporate Training Batch 3865,USR008377,2026-02-28,2026-05-29,Online,483,84,41,27,Completed
BAT003866,ENT00078,CRS000404,Corporate Training Batch 3866,USR047389,2026-01-25,2026-03-26,Offline,458,63,65,77,Planned
BAT003867,ENT00167,CRS016705,Corporate Training Batch 3867,USR026196,2025-11-22,2025-11-29,Offline,298,93,99,85,Planned
BAT003868,ENT00105,CRS010468,Corporate Training Batch 3868,USR044535,2026-04-03,2026-06-02,Hybrid,97,77,59,21,On Hold
BAT003869,ENT00141,CRS044151,Corporate Training Batch 3869,USR006678,2025-11-21,2025-12-05,Offline,446,71,56,55,Running
BAT003870,ENT00019,CRS021444,Corporate Training Batch 3870,USR049422,2026-04-05,2026-07-04,Hybrid,169,59,46,65,Running
BAT003871,ENT00075,CRS026700,Corporate Training Batch 3871,USR040065,2026-04-23,2026-06-22,Offline,444,92,71,43,On Hold
BAT003872,ENT00127,CRS000041,Corporate Training Batch 3872,USR017193,2025-11-23,2026-01-07,Hybrid,396,69,81,53,Completed
BAT003873,ENT00396,CRS020857,Corporate Training Batch 3873,USR034101,2026-01-15,2026-03-01,Online,26,100,67,23,On Hold
BAT003874,ENT00156,CRS024251,Corporate Training Batch 3874,USR015888,2025-12-27,2026-02-25,Offline,83,81,52,74,On Hold
BAT003875,ENT00118,CRS047576,Corporate Training Batch 3875,USR047113,2026-05-05,2026-05-12,Online,223,99,43,28,Running
BAT003876,ENT00389,CRS001618,Corporate Training Batch 3876,USR028392,2025-11-29,2025-12-06,Offline,429,93,87,46,On Hold
BAT003877,ENT00059,CRS044411,Corporate Training Batch 3877,USR000183,2026-01-16,2026-01-30,Online,49,97,50,85,Planned
BAT003878,ENT00299,CRS005082,Corporate Training Batch 3878,USR048263,2026-04-13,2026-05-28,Online,143,77,55,80,Running
BAT003879,ENT00499,CRS040335,Corporate Training Batch 3879,USR010106,2026-01-13,2026-01-20,Online,405,91,61,99,Running
BAT003880,ENT00406,CRS006725,Corporate Training Batch 3880,USR003852,2026-03-04,2026-04-03,Offline,470,69,37,33,Completed
BAT003881,ENT00187,CRS002111,Corporate Training Batch 3881,USR036447,2026-01-25,2026-02-01,Hybrid,486,83,83,66,Planned
BAT003882,ENT00221,CRS003655,Corporate Training Batch 3882,USR042574,2026-04-29,2026-06-28,Online,395,56,92,62,Planned
BAT003883,ENT00288,CRS029848,Corporate Training Batch 3883,USR029776,2025-11-19,2026-01-18,Offline,212,63,96,23,Planned
BAT003884,ENT00028,CRS002446,Corporate Training Batch 3884,USR037311,2025-11-22,2025-12-22,Hybrid,77,100,38,82,Completed
BAT003885,ENT00099,CRS021388,Corporate Training Batch 3885,USR007496,2026-04-21,2026-04-28,Hybrid,435,93,42,89,Running
BAT003886,ENT00263,CRS004064,Corporate Training Batch 3886,USR009790,2026-01-12,2026-01-26,Online,446,89,72,49,Completed
BAT003887,ENT00181,CRS012983,Corporate Training Batch 3887,USR033063,2026-05-08,2026-06-07,Online,316,91,99,24,On Hold
BAT003888,ENT00360,CRS049869,Corporate Training Batch 3888,USR020915,2026-03-06,2026-06-04,Hybrid,21,79,72,49,On Hold
BAT003889,ENT00318,CRS015606,Corporate Training Batch 3889,USR048389,2025-11-24,2025-12-24,Hybrid,76,87,68,89,Completed
BAT003890,ENT00359,CRS041551,Corporate Training Batch 3890,USR037421,2026-03-24,2026-04-07,Offline,339,60,88,24,On Hold
BAT003891,ENT00106,CRS000027,Corporate Training Batch 3891,USR016414,2026-04-13,2026-06-12,Online,268,90,56,46,Completed
BAT003892,ENT00078,CRS048357,Corporate Training Batch 3892,USR040388,2025-12-31,2026-03-31,Offline,460,68,67,33,Completed
BAT003893,ENT00259,CRS013102,Corporate Training Batch 3893,USR015516,2026-04-03,2026-07-02,Online,462,91,20,62,Running
BAT003894,ENT00410,CRS040456,Corporate Training Batch 3894,USR011731,2026-04-28,2026-05-12,Hybrid,146,97,72,75,On Hold
BAT003895,ENT00068,CRS019336,Corporate Training Batch 3895,USR012733,2025-11-21,2025-11-28,Hybrid,131,71,63,28,On Hold
BAT003896,ENT00193,CRS043718,Corporate Training Batch 3896,USR034172,2026-02-24,2026-04-10,Offline,468,61,37,33,On Hold
BAT003897,ENT00221,CRS049523,Corporate Training Batch 3897,USR018851,2026-01-31,2026-04-01,Hybrid,247,81,43,42,Completed
BAT003898,ENT00057,CRS030195,Corporate Training Batch 3898,USR020831,2026-01-09,2026-01-23,Online,150,100,70,27,On Hold
BAT003899,ENT00333,CRS014343,Corporate Training Batch 3899,USR040936,2025-12-24,2026-02-07,Hybrid,298,91,79,48,Completed
BAT003900,ENT00311,CRS012812,Corporate Training Batch 3900,USR038225,2026-01-14,2026-03-15,Hybrid,286,73,20,43,Running
BAT003901,ENT00267,CRS033330,Corporate Training Batch 3901,USR006257,2026-05-09,2026-06-23,Online,191,83,27,44,Running
BAT003902,ENT00436,CRS015191,Corporate Training Batch 3902,USR034647,2026-03-08,2026-03-15,Offline,294,71,92,40,Completed
BAT003903,ENT00458,CRS032111,Corporate Training Batch 3903,USR045087,2026-03-08,2026-03-22,Offline,324,61,71,68,Planned
BAT003904,ENT00166,CRS011392,Corporate Training Batch 3904,USR048362,2026-01-27,2026-02-26,Offline,223,61,21,79,Planned
BAT003905,ENT00226,CRS005720,Corporate Training Batch 3905,USR032000,2026-05-12,2026-05-19,Online,48,82,71,76,Running
BAT003906,ENT00090,CRS023310,Corporate Training Batch 3906,USR007335,2026-01-21,2026-04-21,Offline,312,86,67,85,Running
BAT003907,ENT00411,CRS011089,Corporate Training Batch 3907,USR034677,2025-12-15,2025-12-29,Online,338,74,61,89,Planned
BAT003908,ENT00166,CRS017943,Corporate Training Batch 3908,USR038627,2025-12-25,2026-02-23,Offline,498,80,34,37,Planned
BAT003909,ENT00272,CRS044097,Corporate Training Batch 3909,USR017050,2025-12-28,2026-01-04,Hybrid,354,98,45,36,Completed
BAT003910,ENT00086,CRS031841,Corporate Training Batch 3910,USR013267,2025-12-17,2026-03-17,Offline,43,99,53,95,Planned
BAT003911,ENT00016,CRS035797,Corporate Training Batch 3911,USR014775,2025-12-12,2026-01-26,Online,272,66,90,98,Completed
BAT003912,ENT00356,CRS016025,Corporate Training Batch 3912,USR018852,2026-01-27,2026-02-26,Offline,341,97,57,36,On Hold
BAT003913,ENT00242,CRS007395,Corporate Training Batch 3913,USR019089,2026-03-01,2026-04-15,Hybrid,206,84,90,23,On Hold
BAT003914,ENT00393,CRS008383,Corporate Training Batch 3914,USR048023,2026-02-17,2026-03-03,Offline,59,60,94,48,Completed
BAT003915,ENT00107,CRS016096,Corporate Training Batch 3915,USR001457,2026-04-10,2026-06-09,Online,413,68,85,49,Completed
BAT003916,ENT00079,CRS031207,Corporate Training Batch 3916,USR018585,2026-04-06,2026-04-20,Hybrid,22,69,55,53,Planned
BAT003917,ENT00219,CRS032288,Corporate Training Batch 3917,USR020017,2026-04-27,2026-05-11,Hybrid,403,77,68,38,Planned
BAT003918,ENT00060,CRS037316,Corporate Training Batch 3918,USR029507,2026-02-14,2026-02-28,Online,481,73,83,46,Completed
BAT003919,ENT00007,CRS015183,Corporate Training Batch 3919,USR013990,2026-01-19,2026-03-05,Offline,271,82,100,97,Planned
BAT003920,ENT00139,CRS012777,Corporate Training Batch 3920,USR020421,2026-04-05,2026-06-04,Hybrid,277,59,23,34,Planned
BAT003921,ENT00453,CRS032273,Corporate Training Batch 3921,USR009799,2026-04-11,2026-05-26,Online,205,64,90,21,On Hold
BAT003922,ENT00152,CRS043664,Corporate Training Batch 3922,USR038518,2026-03-22,2026-06-20,Online,363,64,71,74,Planned
BAT003923,ENT00223,CRS000724,Corporate Training Batch 3923,USR048372,2026-04-19,2026-05-03,Hybrid,195,82,25,47,Running
BAT003924,ENT00495,CRS038880,Corporate Training Batch 3924,USR049821,2025-12-31,2026-01-07,Hybrid,189,96,58,26,On Hold
BAT003925,ENT00417,CRS032631,Corporate Training Batch 3925,USR024938,2026-01-16,2026-03-02,Hybrid,298,92,81,30,Completed
BAT003926,ENT00187,CRS034672,Corporate Training Batch 3926,USR015304,2026-01-29,2026-03-30,Offline,230,78,80,85,Completed
BAT003927,ENT00052,CRS042782,Corporate Training Batch 3927,USR007385,2025-12-04,2026-01-18,Hybrid,44,83,65,67,Planned
BAT003928,ENT00414,CRS019064,Corporate Training Batch 3928,USR008484,2026-04-19,2026-05-19,Online,234,70,80,97,Running
BAT003929,ENT00361,CRS008261,Corporate Training Batch 3929,USR007247,2026-03-07,2026-06-05,Online,64,79,35,90,Running
BAT003930,ENT00394,CRS021451,Corporate Training Batch 3930,USR046197,2026-03-05,2026-05-04,Online,346,68,26,41,Running
BAT003931,ENT00277,CRS045720,Corporate Training Batch 3931,USR011709,2026-02-15,2026-02-22,Online,393,90,71,83,Completed
BAT003932,ENT00437,CRS001938,Corporate Training Batch 3932,USR044632,2026-05-04,2026-07-03,Hybrid,72,86,35,39,On Hold
BAT003933,ENT00070,CRS002977,Corporate Training Batch 3933,USR029472,2026-02-05,2026-02-19,Offline,54,66,82,32,Completed
BAT003934,ENT00022,CRS049632,Corporate Training Batch 3934,USR042317,2025-12-02,2025-12-09,Hybrid,343,85,85,27,Planned
BAT003935,ENT00352,CRS014029,Corporate Training Batch 3935,USR042003,2025-12-07,2026-01-21,Offline,233,66,47,21,Running
BAT003936,ENT00273,CRS026825,Corporate Training Batch 3936,USR031962,2026-04-02,2026-05-02,Offline,254,60,33,41,Running
BAT003937,ENT00054,CRS031669,Corporate Training Batch 3937,USR017822,2026-01-18,2026-03-19,Hybrid,259,77,35,57,On Hold
BAT003938,ENT00069,CRS032911,Corporate Training Batch 3938,USR033407,2026-03-10,2026-04-24,Online,174,83,91,55,Running
BAT003939,ENT00079,CRS003516,Corporate Training Batch 3939,USR037873,2026-04-09,2026-04-23,Online,11,96,20,41,Completed
BAT003940,ENT00395,CRS005942,Corporate Training Batch 3940,USR028307,2026-01-22,2026-04-22,Hybrid,96,84,35,51,Planned
BAT003941,ENT00241,CRS034568,Corporate Training Batch 3941,USR048438,2026-03-28,2026-05-27,Online,264,78,33,36,Running
BAT003942,ENT00156,CRS044065,Corporate Training Batch 3942,USR025722,2026-01-20,2026-02-19,Online,175,56,81,84,On Hold
BAT003943,ENT00483,CRS029272,Corporate Training Batch 3943,USR028945,2025-11-15,2025-12-30,Offline,373,88,67,75,Running
BAT003944,ENT00474,CRS021774,Corporate Training Batch 3944,USR028300,2026-02-03,2026-03-05,Online,261,95,92,69,Planned
BAT003945,ENT00142,CRS021912,Corporate Training Batch 3945,USR030215,2025-12-25,2026-03-25,Offline,99,92,33,27,On Hold
BAT003946,ENT00124,CRS019895,Corporate Training Batch 3946,USR010055,2026-02-18,2026-04-19,Hybrid,99,99,92,31,Planned
BAT003947,ENT00195,CRS017735,Corporate Training Batch 3947,USR010974,2026-01-21,2026-03-07,Offline,265,80,94,27,On Hold
BAT003948,ENT00423,CRS041995,Corporate Training Batch 3948,USR005536,2026-02-19,2026-02-26,Offline,347,82,66,75,Running
BAT003949,ENT00092,CRS013828,Corporate Training Batch 3949,USR019104,2026-04-20,2026-04-27,Online,48,78,39,54,Planned
BAT003950,ENT00497,CRS003064,Corporate Training Batch 3950,USR009603,2026-04-03,2026-07-02,Hybrid,482,96,95,57,Planned
BAT003951,ENT00147,CRS035700,Corporate Training Batch 3951,USR038297,2026-01-09,2026-04-09,Hybrid,392,76,53,88,Completed
BAT003952,ENT00117,CRS024309,Corporate Training Batch 3952,USR047868,2025-11-19,2026-01-03,Offline,134,85,39,46,Completed
BAT003953,ENT00423,CRS021857,Corporate Training Batch 3953,USR035958,2025-12-02,2026-01-31,Online,363,88,65,89,On Hold
BAT003954,ENT00344,CRS027074,Corporate Training Batch 3954,USR025521,2026-03-14,2026-06-12,Offline,55,56,55,38,Planned
BAT003955,ENT00261,CRS035426,Corporate Training Batch 3955,USR032476,2026-01-18,2026-01-25,Offline,449,83,27,82,On Hold
BAT003956,ENT00317,CRS012804,Corporate Training Batch 3956,USR033709,2026-04-11,2026-05-11,Offline,130,89,53,25,Completed
BAT003957,ENT00321,CRS008362,Corporate Training Batch 3957,USR025275,2025-11-22,2026-02-20,Online,494,57,35,35,Completed
BAT003958,ENT00296,CRS047077,Corporate Training Batch 3958,USR020973,2025-12-01,2025-12-08,Offline,50,55,98,30,Running
BAT003959,ENT00051,CRS020255,Corporate Training Batch 3959,USR028785,2026-04-26,2026-06-25,Online,121,87,32,20,Running
BAT003960,ENT00034,CRS013665,Corporate Training Batch 3960,USR018059,2026-03-20,2026-06-18,Online,47,77,38,86,Planned
BAT003961,ENT00325,CRS003860,Corporate Training Batch 3961,USR049565,2025-12-14,2026-01-13,Offline,410,72,85,98,Running
BAT003962,ENT00144,CRS043094,Corporate Training Batch 3962,USR006588,2026-01-02,2026-02-01,Online,365,80,92,36,Running
BAT003963,ENT00409,CRS017955,Corporate Training Batch 3963,USR029742,2025-12-19,2025-12-26,Online,358,70,54,22,Running
BAT003964,ENT00181,CRS007346,Corporate Training Batch 3964,USR012815,2025-12-27,2026-01-10,Online,294,69,67,44,On Hold
BAT003965,ENT00203,CRS004552,Corporate Training Batch 3965,USR020927,2026-04-16,2026-04-23,Hybrid,126,70,27,40,Running
BAT003966,ENT00287,CRS032600,Corporate Training Batch 3966,USR048813,2026-04-05,2026-07-04,Offline,379,55,51,88,Running
BAT003967,ENT00249,CRS039653,Corporate Training Batch 3967,USR000078,2026-01-27,2026-03-28,Online,147,92,84,99,On Hold
BAT003968,ENT00021,CRS029502,Corporate Training Batch 3968,USR006526,2026-04-05,2026-05-05,Online,375,83,25,39,Completed
BAT003969,ENT00234,CRS045310,Corporate Training Batch 3969,USR005013,2026-05-01,2026-06-15,Hybrid,384,77,91,43,On Hold
BAT003970,ENT00075,CRS036966,Corporate Training Batch 3970,USR029232,2026-04-23,2026-07-22,Offline,309,95,21,98,On Hold
BAT003971,ENT00158,CRS010487,Corporate Training Batch 3971,USR008106,2026-02-20,2026-03-22,Online,475,88,69,94,Completed
BAT003972,ENT00382,CRS007201,Corporate Training Batch 3972,USR036474,2026-04-29,2026-06-13,Hybrid,265,87,81,57,Planned
BAT003973,ENT00332,CRS005376,Corporate Training Batch 3973,USR015223,2026-05-05,2026-06-19,Offline,337,89,96,49,Completed
BAT003974,ENT00438,CRS021266,Corporate Training Batch 3974,USR028031,2025-11-16,2026-02-14,Hybrid,153,67,31,26,Planned
BAT003975,ENT00160,CRS035789,Corporate Training Batch 3975,USR010257,2025-11-16,2025-12-16,Hybrid,500,71,86,62,Planned
BAT003976,ENT00221,CRS022905,Corporate Training Batch 3976,USR048089,2025-12-10,2025-12-17,Online,295,68,63,36,On Hold
BAT003977,ENT00305,CRS022304,Corporate Training Batch 3977,USR035089,2026-04-18,2026-06-02,Online,108,68,82,22,Completed
BAT003978,ENT00384,CRS045921,Corporate Training Batch 3978,USR015553,2026-02-19,2026-03-21,Online,348,80,25,98,Planned
BAT003979,ENT00275,CRS019857,Corporate Training Batch 3979,USR018506,2026-01-04,2026-01-11,Offline,466,69,41,75,On Hold
BAT003980,ENT00157,CRS000904,Corporate Training Batch 3980,USR021069,2026-03-21,2026-04-20,Hybrid,288,89,88,98,Running
BAT003981,ENT00280,CRS013074,Corporate Training Batch 3981,USR044513,2025-12-04,2026-01-18,Offline,379,87,68,46,Planned
BAT003982,ENT00249,CRS010291,Corporate Training Batch 3982,USR038583,2026-05-13,2026-06-27,Offline,137,81,34,91,On Hold
BAT003983,ENT00130,CRS034620,Corporate Training Batch 3983,USR048972,2026-01-08,2026-02-22,Offline,262,78,24,34,Running
BAT003984,ENT00259,CRS009472,Corporate Training Batch 3984,USR008989,2026-03-20,2026-05-19,Offline,327,62,79,90,On Hold
BAT003985,ENT00056,CRS032638,Corporate Training Batch 3985,USR048564,2026-01-03,2026-01-17,Hybrid,480,96,74,40,On Hold
BAT003986,ENT00121,CRS031487,Corporate Training Batch 3986,USR034766,2026-04-13,2026-05-28,Online,218,83,99,80,Planned
BAT003987,ENT00282,CRS008846,Corporate Training Batch 3987,USR014732,2026-02-21,2026-04-22,Offline,113,81,76,95,Planned
BAT003988,ENT00057,CRS013994,Corporate Training Batch 3988,USR013370,2026-03-16,2026-03-23,Offline,126,85,22,28,Running
BAT003989,ENT00324,CRS007770,Corporate Training Batch 3989,USR029014,2026-01-06,2026-01-13,Offline,141,80,34,34,Running
BAT003990,ENT00039,CRS040616,Corporate Training Batch 3990,USR029322,2026-02-22,2026-03-01,Offline,25,98,86,78,Planned
BAT003991,ENT00188,CRS025298,Corporate Training Batch 3991,USR027479,2026-04-05,2026-06-04,Offline,477,81,47,73,Running
BAT003992,ENT00292,CRS045514,Corporate Training Batch 3992,USR001144,2026-02-19,2026-02-26,Offline,347,69,92,66,Completed
BAT003993,ENT00411,CRS008475,Corporate Training Batch 3993,USR040096,2026-02-16,2026-03-02,Offline,331,80,99,96,Completed
BAT003994,ENT00197,CRS013291,Corporate Training Batch 3994,USR009685,2026-05-13,2026-06-27,Offline,383,55,42,29,Planned
BAT003995,ENT00376,CRS041239,Corporate Training Batch 3995,USR012579,2026-04-07,2026-05-07,Offline,15,65,71,33,Planned
BAT003996,ENT00215,CRS011271,Corporate Training Batch 3996,USR028678,2026-03-02,2026-05-01,Hybrid,294,60,39,65,On Hold
BAT003997,ENT00484,CRS048384,Corporate Training Batch 3997,USR020937,2026-04-16,2026-06-15,Online,252,58,84,88,Planned
BAT003998,ENT00432,CRS024572,Corporate Training Batch 3998,USR000596,2025-12-31,2026-03-01,Hybrid,283,77,58,80,Planned
BAT003999,ENT00110,CRS044511,Corporate Training Batch 3999,USR017902,2025-12-31,2026-02-14,Hybrid,453,71,77,47,Running
BAT004000,ENT00198,CRS031768,Corporate Training Batch 4000,USR038934,2025-12-19,2026-01-02,Hybrid,472,100,99,70,Completed
BAT004001,ENT00182,CRS021934,Corporate Training Batch 4001,USR001510,2026-01-04,2026-01-18,Online,250,77,38,53,On Hold
BAT004002,ENT00400,CRS048732,Corporate Training Batch 4002,USR021072,2026-01-02,2026-03-03,Hybrid,257,99,76,93,On Hold
BAT004003,ENT00203,CRS045942,Corporate Training Batch 4003,USR025897,2026-02-18,2026-04-19,Hybrid,337,69,49,83,Running
BAT004004,ENT00473,CRS027767,Corporate Training Batch 4004,USR020821,2026-03-26,2026-05-10,Offline,181,92,94,40,Planned
BAT004005,ENT00238,CRS020588,Corporate Training Batch 4005,USR013543,2025-12-31,2026-01-14,Offline,106,82,100,79,Planned
BAT004006,ENT00026,CRS034390,Corporate Training Batch 4006,USR016576,2026-05-02,2026-05-16,Offline,436,63,54,32,Completed
BAT004007,ENT00475,CRS008104,Corporate Training Batch 4007,USR038668,2025-12-25,2026-02-08,Online,197,78,89,87,On Hold
BAT004008,ENT00455,CRS010991,Corporate Training Batch 4008,USR041193,2026-01-08,2026-04-08,Online,479,59,31,20,Planned
BAT004009,ENT00080,CRS028545,Corporate Training Batch 4009,USR043223,2026-03-08,2026-03-15,Hybrid,368,91,79,61,Running
BAT004010,ENT00025,CRS044880,Corporate Training Batch 4010,USR038021,2026-05-13,2026-05-27,Offline,431,66,73,42,On Hold
BAT004011,ENT00114,CRS031485,Corporate Training Batch 4011,USR025406,2026-03-14,2026-04-28,Hybrid,10,84,72,34,Completed
BAT004012,ENT00166,CRS033523,Corporate Training Batch 4012,USR018671,2025-12-05,2026-01-04,Offline,14,70,31,78,Completed
BAT004013,ENT00191,CRS026674,Corporate Training Batch 4013,USR028709,2026-02-19,2026-03-21,Offline,242,88,44,69,On Hold
BAT004014,ENT00178,CRS025450,Corporate Training Batch 4014,USR002115,2026-04-03,2026-06-02,Hybrid,181,77,63,26,On Hold
BAT004015,ENT00083,CRS039550,Corporate Training Batch 4015,USR029484,2025-11-19,2026-01-18,Offline,261,86,72,45,Completed
BAT004016,ENT00181,CRS004077,Corporate Training Batch 4016,USR038403,2026-03-14,2026-05-13,Hybrid,449,85,35,49,On Hold
BAT004017,ENT00367,CRS012652,Corporate Training Batch 4017,USR044182,2025-11-17,2026-01-01,Hybrid,410,70,92,95,Running
BAT004018,ENT00050,CRS012664,Corporate Training Batch 4018,USR002905,2026-05-10,2026-05-17,Hybrid,380,76,60,77,Running
BAT004019,ENT00166,CRS010829,Corporate Training Batch 4019,USR044157,2026-03-17,2026-06-15,Offline,126,85,63,72,Running
BAT004020,ENT00020,CRS002852,Corporate Training Batch 4020,USR020807,2025-11-24,2025-12-08,Online,119,85,50,99,On Hold
BAT004021,ENT00440,CRS034622,Corporate Training Batch 4021,USR007441,2026-01-25,2026-02-08,Hybrid,78,89,54,42,On Hold
BAT004022,ENT00095,CRS019048,Corporate Training Batch 4022,USR001081,2026-03-15,2026-04-14,Offline,439,72,27,89,Running
BAT004023,ENT00456,CRS006453,Corporate Training Batch 4023,USR011937,2026-03-07,2026-05-06,Hybrid,311,71,39,33,Running
BAT004024,ENT00450,CRS010567,Corporate Training Batch 4024,USR030515,2025-12-11,2025-12-18,Offline,192,80,42,56,Planned
BAT004025,ENT00289,CRS022224,Corporate Training Batch 4025,USR005355,2025-12-26,2026-02-09,Hybrid,53,68,95,91,Planned
BAT004026,ENT00017,CRS001017,Corporate Training Batch 4026,USR009843,2025-12-21,2026-03-21,Offline,333,80,45,84,Planned
BAT004027,ENT00153,CRS026133,Corporate Training Batch 4027,USR030709,2026-01-01,2026-03-02,Hybrid,456,57,76,28,On Hold
BAT004028,ENT00408,CRS039910,Corporate Training Batch 4028,USR019755,2026-02-09,2026-02-16,Online,255,86,57,33,Planned
BAT004029,ENT00257,CRS041646,Corporate Training Batch 4029,USR015878,2025-12-21,2026-01-20,Online,214,63,82,22,Completed
BAT004030,ENT00269,CRS038373,Corporate Training Batch 4030,USR045225,2025-12-15,2026-03-15,Offline,164,84,79,69,Completed
BAT004031,ENT00140,CRS031162,Corporate Training Batch 4031,USR005498,2026-05-04,2026-08-02,Hybrid,292,98,73,37,Running
BAT004032,ENT00194,CRS031759,Corporate Training Batch 4032,USR046251,2025-11-29,2026-01-13,Offline,11,85,30,29,Completed
BAT004033,ENT00033,CRS015607,Corporate Training Batch 4033,USR036593,2026-03-29,2026-04-12,Online,229,62,47,85,Planned
BAT004034,ENT00162,CRS038533,Corporate Training Batch 4034,USR010967,2025-11-19,2026-01-18,Offline,185,68,59,79,Planned
BAT004035,ENT00400,CRS032214,Corporate Training Batch 4035,USR028341,2026-01-14,2026-01-21,Offline,426,78,44,86,Running
BAT004036,ENT00038,CRS027143,Corporate Training Batch 4036,USR030940,2026-04-03,2026-05-03,Online,174,60,29,59,On Hold
BAT004037,ENT00149,CRS031084,Corporate Training Batch 4037,USR030563,2026-02-24,2026-04-25,Hybrid,299,92,43,25,On Hold
BAT004038,ENT00127,CRS042294,Corporate Training Batch 4038,USR017073,2026-03-09,2026-04-08,Offline,373,85,59,63,On Hold
BAT004039,ENT00093,CRS008508,Corporate Training Batch 4039,USR016112,2025-12-12,2026-02-10,Offline,199,94,64,31,On Hold
BAT004040,ENT00278,CRS031929,Corporate Training Batch 4040,USR002114,2026-02-17,2026-03-19,Online,66,58,91,32,Running
BAT004041,ENT00252,CRS011583,Corporate Training Batch 4041,USR017754,2025-11-30,2026-02-28,Offline,344,81,79,84,Running
BAT004042,ENT00424,CRS024365,Corporate Training Batch 4042,USR035909,2026-03-08,2026-03-22,Hybrid,351,74,85,67,Planned
BAT004043,ENT00178,CRS015013,Corporate Training Batch 4043,USR009828,2026-02-25,2026-04-11,Offline,357,64,23,35,On Hold
BAT004044,ENT00195,CRS049458,Corporate Training Batch 4044,USR027636,2026-02-17,2026-05-18,Online,313,97,76,84,Completed
BAT004045,ENT00443,CRS037005,Corporate Training Batch 4045,USR034260,2026-05-08,2026-07-07,Hybrid,94,60,88,56,Planned
BAT004046,ENT00103,CRS047100,Corporate Training Batch 4046,USR023081,2025-12-09,2026-01-23,Online,309,87,71,56,Completed
BAT004047,ENT00468,CRS040989,Corporate Training Batch 4047,USR023450,2026-01-25,2026-03-11,Online,252,61,82,43,Completed
BAT004048,ENT00008,CRS022185,Corporate Training Batch 4048,USR006232,2026-03-26,2026-04-09,Hybrid,382,79,34,72,Running
BAT004049,ENT00074,CRS047369,Corporate Training Batch 4049,USR010884,2026-02-25,2026-04-26,Offline,220,100,73,96,Completed
BAT004050,ENT00372,CRS043431,Corporate Training Batch 4050,USR031795,2025-12-30,2026-01-13,Offline,94,75,66,73,On Hold
BAT004051,ENT00441,CRS042611,Corporate Training Batch 4051,USR019916,2026-03-03,2026-04-17,Offline,35,100,95,67,Planned
BAT004052,ENT00409,CRS004316,Corporate Training Batch 4052,USR049790,2026-05-05,2026-07-04,Online,37,92,39,81,Running
BAT004053,ENT00101,CRS028999,Corporate Training Batch 4053,USR014150,2026-04-15,2026-04-29,Hybrid,487,90,53,38,Completed
BAT004054,ENT00031,CRS041542,Corporate Training Batch 4054,USR008234,2026-04-26,2026-07-25,Hybrid,484,99,81,96,On Hold
BAT004055,ENT00113,CRS046593,Corporate Training Batch 4055,USR008262,2026-04-15,2026-04-22,Offline,34,67,82,47,On Hold
BAT004056,ENT00104,CRS017530,Corporate Training Batch 4056,USR045754,2026-03-06,2026-04-05,Offline,240,82,57,33,On Hold
BAT004057,ENT00086,CRS018078,Corporate Training Batch 4057,USR009717,2026-02-06,2026-04-07,Offline,488,83,78,41,Completed
BAT004058,ENT00246,CRS043530,Corporate Training Batch 4058,USR025464,2025-12-06,2026-03-06,Online,335,82,23,45,Completed
BAT004059,ENT00321,CRS042023,Corporate Training Batch 4059,USR006267,2026-02-16,2026-04-02,Online,115,65,76,21,Completed
BAT004060,ENT00393,CRS010068,Corporate Training Batch 4060,USR026676,2026-01-22,2026-01-29,Hybrid,331,63,93,89,On Hold
BAT004061,ENT00139,CRS028070,Corporate Training Batch 4061,USR008393,2025-12-07,2025-12-14,Online,209,94,27,42,Completed
BAT004062,ENT00463,CRS007965,Corporate Training Batch 4062,USR012727,2026-01-18,2026-04-18,Online,115,87,66,100,Running
BAT004063,ENT00447,CRS046667,Corporate Training Batch 4063,USR023608,2025-12-21,2026-02-04,Offline,26,65,56,97,Planned
BAT004064,ENT00234,CRS006645,Corporate Training Batch 4064,USR019738,2026-01-07,2026-04-07,Offline,137,74,78,95,Completed
BAT004065,ENT00376,CRS020636,Corporate Training Batch 4065,USR023501,2026-02-18,2026-04-19,Online,388,90,100,67,Completed
BAT004066,ENT00403,CRS011470,Corporate Training Batch 4066,USR019087,2026-03-26,2026-04-25,Online,112,81,94,51,On Hold
BAT004067,ENT00406,CRS025134,Corporate Training Batch 4067,USR043184,2026-05-03,2026-05-10,Online,70,86,30,81,Completed
BAT004068,ENT00450,CRS007546,Corporate Training Batch 4068,USR015183,2026-04-01,2026-06-30,Hybrid,478,94,73,56,On Hold
BAT004069,ENT00256,CRS025010,Corporate Training Batch 4069,USR023124,2026-02-28,2026-04-29,Online,498,76,23,89,Running
BAT004070,ENT00166,CRS022083,Corporate Training Batch 4070,USR045100,2026-01-25,2026-02-24,Hybrid,159,57,33,28,Running
BAT004071,ENT00013,CRS039503,Corporate Training Batch 4071,USR004490,2025-11-19,2025-12-03,Offline,246,99,76,54,Running
BAT004072,ENT00478,CRS018978,Corporate Training Batch 4072,USR043830,2026-05-08,2026-07-07,Offline,412,79,52,63,Running
BAT004073,ENT00158,CRS035549,Corporate Training Batch 4073,USR044996,2026-02-13,2026-04-14,Online,203,98,82,43,Planned
BAT004074,ENT00197,CRS043104,Corporate Training Batch 4074,USR020149,2026-02-19,2026-02-26,Offline,219,98,64,85,Completed
BAT004075,ENT00013,CRS001788,Corporate Training Batch 4075,USR020349,2026-05-12,2026-06-11,Offline,456,98,40,54,On Hold
BAT004076,ENT00238,CRS026177,Corporate Training Batch 4076,USR009327,2026-02-09,2026-02-23,Hybrid,170,65,40,71,On Hold
BAT004077,ENT00436,CRS011983,Corporate Training Batch 4077,USR027903,2026-02-25,2026-03-27,Offline,360,62,85,99,On Hold
BAT004078,ENT00427,CRS023881,Corporate Training Batch 4078,USR015952,2026-04-05,2026-06-04,Hybrid,473,67,55,30,Running
BAT004079,ENT00068,CRS042701,Corporate Training Batch 4079,USR003517,2026-02-10,2026-03-12,Online,262,70,22,49,On Hold
BAT004080,ENT00264,CRS030521,Corporate Training Batch 4080,USR030451,2026-03-24,2026-06-22,Online,170,62,40,48,Running
BAT004081,ENT00049,CRS044845,Corporate Training Batch 4081,USR002741,2026-05-10,2026-06-24,Offline,131,91,84,73,Completed
BAT004082,ENT00093,CRS044368,Corporate Training Batch 4082,USR020700,2026-02-28,2026-03-07,Hybrid,14,55,83,46,Running
BAT004083,ENT00126,CRS011523,Corporate Training Batch 4083,USR016436,2026-01-09,2026-03-10,Hybrid,364,83,41,80,Planned
BAT004084,ENT00182,CRS035085,Corporate Training Batch 4084,USR026415,2025-12-30,2026-03-30,Online,123,85,31,54,Running
BAT004085,ENT00058,CRS000191,Corporate Training Batch 4085,USR039799,2026-01-30,2026-04-30,Hybrid,276,100,33,90,Planned
BAT004086,ENT00372,CRS009738,Corporate Training Batch 4086,USR043774,2026-01-26,2026-02-25,Offline,473,95,93,67,Completed
BAT004087,ENT00131,CRS014467,Corporate Training Batch 4087,USR049200,2026-04-27,2026-06-11,Hybrid,433,77,30,44,Planned
BAT004088,ENT00461,CRS038036,Corporate Training Batch 4088,USR041803,2026-01-22,2026-04-22,Hybrid,188,67,47,80,Completed
BAT004089,ENT00244,CRS011072,Corporate Training Batch 4089,USR011611,2026-04-22,2026-06-21,Offline,240,71,65,24,Planned
BAT004090,ENT00127,CRS045908,Corporate Training Batch 4090,USR008117,2026-04-07,2026-04-14,Online,126,91,80,63,On Hold
BAT004091,ENT00271,CRS020752,Corporate Training Batch 4091,USR035632,2025-11-19,2026-02-17,Offline,185,63,33,88,On Hold
BAT004092,ENT00401,CRS008377,Corporate Training Batch 4092,USR046739,2026-03-13,2026-04-12,Offline,146,56,34,36,Running
BAT004093,ENT00013,CRS014717,Corporate Training Batch 4093,USR023262,2025-12-12,2025-12-19,Offline,190,55,58,29,On Hold
BAT004094,ENT00278,CRS031291,Corporate Training Batch 4094,USR041398,2026-03-22,2026-05-06,Offline,180,63,56,28,Running
BAT004095,ENT00088,CRS009422,Corporate Training Batch 4095,USR023569,2026-01-06,2026-02-05,Hybrid,130,60,51,25,Planned
BAT004096,ENT00057,CRS047078,Corporate Training Batch 4096,USR048753,2026-05-08,2026-06-07,Hybrid,279,94,33,24,On Hold
BAT004097,ENT00103,CRS044587,Corporate Training Batch 4097,USR000064,2025-12-10,2025-12-24,Online,328,94,87,71,Running
BAT004098,ENT00046,CRS029469,Corporate Training Batch 4098,USR035029,2025-11-25,2026-01-09,Offline,168,60,42,27,On Hold
BAT004099,ENT00086,CRS046456,Corporate Training Batch 4099,USR035744,2026-05-07,2026-05-21,Online,323,73,50,41,Running
BAT004100,ENT00084,CRS026860,Corporate Training Batch 4100,USR023456,2026-01-21,2026-02-04,Hybrid,337,64,32,100,Planned
BAT004101,ENT00464,CRS030877,Corporate Training Batch 4101,USR032773,2025-12-09,2026-03-09,Online,115,93,35,65,Running
BAT004102,ENT00475,CRS007055,Corporate Training Batch 4102,USR009994,2025-12-28,2026-03-28,Hybrid,222,97,76,68,Planned
BAT004103,ENT00193,CRS011704,Corporate Training Batch 4103,USR016948,2026-04-29,2026-05-06,Hybrid,416,98,83,68,On Hold
BAT004104,ENT00408,CRS020254,Corporate Training Batch 4104,USR018820,2026-02-21,2026-02-28,Hybrid,127,80,75,72,Running
BAT004105,ENT00106,CRS006551,Corporate Training Batch 4105,USR021372,2026-01-21,2026-02-20,Offline,191,71,41,25,Running
BAT004106,ENT00500,CRS016859,Corporate Training Batch 4106,USR034624,2025-12-28,2026-01-27,Hybrid,476,79,50,89,On Hold
BAT004107,ENT00228,CRS037064,Corporate Training Batch 4107,USR010786,2026-03-25,2026-04-24,Online,118,59,28,38,Completed
BAT004108,ENT00105,CRS040641,Corporate Training Batch 4108,USR026117,2026-01-17,2026-01-24,Offline,302,75,79,59,Running
BAT004109,ENT00317,CRS033146,Corporate Training Batch 4109,USR014479,2026-01-14,2026-02-28,Hybrid,258,98,53,59,Running
BAT004110,ENT00488,CRS038453,Corporate Training Batch 4110,USR033959,2025-12-14,2025-12-21,Offline,191,98,97,56,Running
BAT004111,ENT00013,CRS002079,Corporate Training Batch 4111,USR039059,2025-12-14,2026-01-28,Offline,165,86,43,54,On Hold
BAT004112,ENT00206,CRS024752,Corporate Training Batch 4112,USR012444,2026-01-24,2026-03-10,Hybrid,353,84,99,47,On Hold
BAT004113,ENT00354,CRS048053,Corporate Training Batch 4113,USR041997,2025-11-28,2025-12-12,Online,149,94,59,29,Planned
BAT004114,ENT00096,CRS006080,Corporate Training Batch 4114,USR012042,2026-05-11,2026-06-25,Offline,142,80,89,88,Running
BAT004115,ENT00360,CRS037326,Corporate Training Batch 4115,USR027677,2026-01-19,2026-02-02,Online,212,85,38,75,Completed
BAT004116,ENT00037,CRS027519,Corporate Training Batch 4116,USR033353,2025-11-27,2025-12-27,Hybrid,398,84,39,92,Planned
BAT004117,ENT00379,CRS046233,Corporate Training Batch 4117,USR025205,2026-02-06,2026-03-08,Online,181,92,94,74,Planned
BAT004118,ENT00002,CRS004679,Corporate Training Batch 4118,USR049047,2026-01-24,2026-02-23,Offline,56,56,99,53,Planned
BAT004119,ENT00323,CRS048436,Corporate Training Batch 4119,USR032174,2026-03-19,2026-06-17,Online,422,71,65,77,On Hold
BAT004120,ENT00382,CRS030232,Corporate Training Batch 4120,USR007159,2026-03-13,2026-03-27,Offline,212,94,90,52,Planned
BAT004121,ENT00289,CRS031789,Corporate Training Batch 4121,USR028239,2026-04-17,2026-07-16,Hybrid,346,82,47,61,On Hold
BAT004122,ENT00389,CRS047093,Corporate Training Batch 4122,USR042781,2026-04-02,2026-06-01,Online,214,84,23,20,On Hold
BAT004123,ENT00498,CRS018694,Corporate Training Batch 4123,USR012366,2025-11-17,2025-12-17,Hybrid,108,58,70,33,Completed
BAT004124,ENT00176,CRS039146,Corporate Training Batch 4124,USR005999,2026-01-11,2026-04-11,Offline,374,85,82,82,On Hold
BAT004125,ENT00408,CRS036705,Corporate Training Batch 4125,USR032070,2026-04-03,2026-04-17,Hybrid,440,83,60,98,Running
BAT004126,ENT00058,CRS027258,Corporate Training Batch 4126,USR043562,2026-01-30,2026-03-01,Hybrid,253,62,72,51,Planned
BAT004127,ENT00425,CRS007309,Corporate Training Batch 4127,USR013785,2025-11-29,2026-02-27,Offline,312,66,83,36,On Hold
BAT004128,ENT00362,CRS028207,Corporate Training Batch 4128,USR019981,2025-12-18,2026-03-18,Offline,285,97,72,48,Running
BAT004129,ENT00383,CRS017720,Corporate Training Batch 4129,USR014866,2026-02-27,2026-04-28,Hybrid,82,97,30,49,Running
BAT004130,ENT00366,CRS027252,Corporate Training Batch 4130,USR048727,2025-11-15,2025-11-22,Online,241,66,47,23,Planned
BAT004131,ENT00286,CRS000528,Corporate Training Batch 4131,USR040575,2026-02-13,2026-03-30,Offline,36,78,28,56,On Hold
BAT004132,ENT00096,CRS041159,Corporate Training Batch 4132,USR023472,2026-04-02,2026-07-01,Hybrid,224,72,28,43,Completed
BAT004133,ENT00398,CRS007421,Corporate Training Batch 4133,USR047959,2026-04-21,2026-04-28,Offline,344,55,62,88,Completed
BAT004134,ENT00003,CRS014784,Corporate Training Batch 4134,USR005287,2026-03-26,2026-04-02,Online,302,86,56,60,On Hold
BAT004135,ENT00242,CRS002539,Corporate Training Batch 4135,USR001048,2026-04-07,2026-04-14,Offline,119,67,88,47,Planned
BAT004136,ENT00302,CRS048980,Corporate Training Batch 4136,USR043234,2026-01-24,2026-03-10,Online,333,85,54,98,Completed
BAT004137,ENT00335,CRS047149,Corporate Training Batch 4137,USR004282,2026-03-22,2026-05-06,Hybrid,482,62,51,68,On Hold
BAT004138,ENT00427,CRS049547,Corporate Training Batch 4138,USR005293,2026-02-16,2026-04-17,Offline,82,77,55,62,On Hold
BAT004139,ENT00296,CRS016483,Corporate Training Batch 4139,USR019445,2026-03-28,2026-06-26,Offline,12,67,50,38,Completed
BAT004140,ENT00079,CRS014083,Corporate Training Batch 4140,USR014255,2025-11-16,2026-02-14,Hybrid,255,82,41,27,On Hold
BAT004141,ENT00097,CRS019067,Corporate Training Batch 4141,USR035575,2026-01-25,2026-04-25,Offline,80,62,90,51,Running
BAT004142,ENT00469,CRS011214,Corporate Training Batch 4142,USR029026,2025-12-22,2026-03-22,Online,84,95,62,63,Planned
BAT004143,ENT00098,CRS036089,Corporate Training Batch 4143,USR047930,2026-03-15,2026-03-29,Hybrid,74,86,37,71,Running
BAT004144,ENT00394,CRS030525,Corporate Training Batch 4144,USR032480,2025-12-08,2025-12-22,Offline,415,60,98,44,Planned
BAT004145,ENT00133,CRS006809,Corporate Training Batch 4145,USR034002,2025-12-13,2026-01-27,Offline,370,60,37,37,Running
BAT004146,ENT00114,CRS004237,Corporate Training Batch 4146,USR017655,2026-01-29,2026-02-05,Online,284,95,38,33,Planned
BAT004147,ENT00239,CRS041031,Corporate Training Batch 4147,USR006623,2026-03-28,2026-05-27,Hybrid,455,64,81,96,Running
BAT004148,ENT00453,CRS006781,Corporate Training Batch 4148,USR001275,2026-03-06,2026-03-13,Offline,441,73,68,95,Completed
BAT004149,ENT00466,CRS047005,Corporate Training Batch 4149,USR032940,2026-02-28,2026-03-30,Hybrid,387,96,90,59,Completed
BAT004150,ENT00238,CRS027158,Corporate Training Batch 4150,USR038970,2026-02-16,2026-02-23,Offline,246,80,76,95,Planned
BAT004151,ENT00499,CRS013183,Corporate Training Batch 4151,USR029248,2025-12-06,2025-12-13,Hybrid,228,89,32,38,Completed
BAT004152,ENT00053,CRS034514,Corporate Training Batch 4152,USR014363,2026-03-04,2026-05-03,Offline,60,67,55,99,Planned
BAT004153,ENT00357,CRS027004,Corporate Training Batch 4153,USR049324,2025-11-28,2025-12-12,Offline,66,66,22,93,Planned
BAT004154,ENT00464,CRS047171,Corporate Training Batch 4154,USR021604,2026-02-06,2026-02-13,Offline,287,99,42,56,Running
BAT004155,ENT00437,CRS018126,Corporate Training Batch 4155,USR002682,2026-05-09,2026-05-23,Offline,420,55,83,46,Planned
BAT004156,ENT00179,CRS043871,Corporate Training Batch 4156,USR040635,2025-11-23,2025-12-07,Hybrid,455,63,74,94,Running
BAT004157,ENT00194,CRS026354,Corporate Training Batch 4157,USR041233,2026-03-12,2026-04-26,Hybrid,66,58,98,67,Running
BAT004158,ENT00296,CRS020343,Corporate Training Batch 4158,USR037113,2026-03-05,2026-04-19,Offline,226,66,68,22,Planned
BAT004159,ENT00359,CRS049846,Corporate Training Batch 4159,USR011985,2026-01-22,2026-02-05,Online,258,87,24,64,Completed
BAT004160,ENT00440,CRS015039,Corporate Training Batch 4160,USR039876,2026-02-17,2026-04-03,Offline,179,68,87,46,Completed
BAT004161,ENT00460,CRS020762,Corporate Training Batch 4161,USR036308,2026-04-14,2026-04-28,Offline,203,74,76,71,Completed
BAT004162,ENT00024,CRS039572,Corporate Training Batch 4162,USR032863,2025-11-24,2025-12-01,Online,302,72,59,36,Planned
BAT004163,ENT00069,CRS006467,Corporate Training Batch 4163,USR011618,2025-11-29,2026-01-13,Hybrid,222,72,45,67,Completed
BAT004164,ENT00453,CRS022252,Corporate Training Batch 4164,USR048570,2025-11-18,2025-11-25,Offline,150,98,85,49,Running
BAT004165,ENT00175,CRS008743,Corporate Training Batch 4165,USR033765,2026-02-27,2026-04-13,Online,208,55,53,72,Completed
BAT004166,ENT00462,CRS022916,Corporate Training Batch 4166,USR035361,2025-12-24,2026-01-07,Offline,384,71,97,57,Running
BAT004167,ENT00135,CRS047651,Corporate Training Batch 4167,USR009959,2026-05-05,2026-06-19,Hybrid,448,99,57,63,Completed
BAT004168,ENT00249,CRS028828,Corporate Training Batch 4168,USR013357,2025-11-28,2025-12-05,Hybrid,420,97,61,78,Planned
BAT004169,ENT00198,CRS020031,Corporate Training Batch 4169,USR030374,2026-05-02,2026-07-31,Online,480,99,88,82,Completed
BAT004170,ENT00455,CRS047497,Corporate Training Batch 4170,USR012415,2026-01-25,2026-02-08,Online,489,94,85,95,Completed
BAT004171,ENT00227,CRS006058,Corporate Training Batch 4171,USR021098,2026-03-13,2026-05-12,Online,98,82,27,88,Completed
BAT004172,ENT00150,CRS033743,Corporate Training Batch 4172,USR019168,2026-04-26,2026-05-10,Online,19,93,45,93,Completed
BAT004173,ENT00288,CRS048116,Corporate Training Batch 4173,USR009886,2026-04-07,2026-04-21,Offline,90,95,28,26,Running
BAT004174,ENT00103,CRS010119,Corporate Training Batch 4174,USR037665,2026-02-27,2026-05-28,Online,252,99,24,69,On Hold
BAT004175,ENT00141,CRS017993,Corporate Training Batch 4175,USR022214,2026-04-12,2026-04-26,Hybrid,207,62,76,48,Completed
BAT004176,ENT00036,CRS000246,Corporate Training Batch 4176,USR029934,2025-12-20,2026-03-20,Offline,369,86,73,58,On Hold
BAT004177,ENT00473,CRS009479,Corporate Training Batch 4177,USR003085,2026-04-20,2026-04-27,Online,159,80,75,34,On Hold
BAT004178,ENT00491,CRS037899,Corporate Training Batch 4178,USR019158,2026-02-14,2026-04-15,Offline,333,58,27,94,Planned
BAT004179,ENT00141,CRS043151,Corporate Training Batch 4179,USR032275,2025-12-24,2026-02-07,Offline,491,70,83,36,Completed
BAT004180,ENT00070,CRS003729,Corporate Training Batch 4180,USR004176,2026-02-14,2026-03-31,Hybrid,30,63,29,92,On Hold
BAT004181,ENT00318,CRS005963,Corporate Training Batch 4181,USR006872,2026-02-11,2026-04-12,Hybrid,146,72,91,42,Planned
BAT004182,ENT00483,CRS010620,Corporate Training Batch 4182,USR013075,2026-03-05,2026-05-04,Hybrid,468,67,49,55,Completed
BAT004183,ENT00090,CRS009883,Corporate Training Batch 4183,USR043096,2025-12-11,2025-12-25,Offline,170,66,33,39,Planned
BAT004184,ENT00422,CRS028044,Corporate Training Batch 4184,USR030503,2025-12-14,2026-01-28,Online,90,75,46,65,Completed
BAT004185,ENT00185,CRS009078,Corporate Training Batch 4185,USR040678,2026-03-21,2026-03-28,Offline,155,68,83,41,Completed
BAT004186,ENT00144,CRS028357,Corporate Training Batch 4186,USR018744,2026-04-09,2026-04-16,Hybrid,443,91,30,37,Running
BAT004187,ENT00261,CRS040428,Corporate Training Batch 4187,USR033046,2026-03-07,2026-05-06,Hybrid,470,89,20,73,Completed
BAT004188,ENT00129,CRS013950,Corporate Training Batch 4188,USR041224,2025-11-28,2026-02-26,Online,150,56,33,75,Planned
BAT004189,ENT00274,CRS046444,Corporate Training Batch 4189,USR003445,2026-01-17,2026-02-16,Hybrid,157,61,20,81,Planned
BAT004190,ENT00013,CRS003897,Corporate Training Batch 4190,USR024861,2025-11-22,2026-02-20,Online,235,62,77,80,Completed
BAT004191,ENT00448,CRS017493,Corporate Training Batch 4191,USR033514,2026-05-12,2026-08-10,Offline,393,86,79,38,Running
BAT004192,ENT00036,CRS026578,Corporate Training Batch 4192,USR044311,2026-01-18,2026-02-17,Hybrid,187,61,23,88,Planned
BAT004193,ENT00179,CRS012014,Corporate Training Batch 4193,USR008931,2026-01-26,2026-03-27,Hybrid,429,93,87,51,Running
BAT004194,ENT00486,CRS042888,Corporate Training Batch 4194,USR040635,2026-01-02,2026-01-09,Online,410,82,94,26,Running
BAT004195,ENT00179,CRS038530,Corporate Training Batch 4195,USR023505,2026-02-26,2026-04-12,Hybrid,21,56,83,80,Planned
BAT004196,ENT00320,CRS001236,Corporate Training Batch 4196,USR041300,2026-01-18,2026-03-04,Offline,495,97,48,90,Planned
BAT004197,ENT00013,CRS030675,Corporate Training Batch 4197,USR004288,2025-11-27,2026-01-26,Offline,151,60,62,87,On Hold
BAT004198,ENT00266,CRS020446,Corporate Training Batch 4198,USR015752,2026-02-19,2026-05-20,Offline,256,95,20,76,Planned
BAT004199,ENT00262,CRS021191,Corporate Training Batch 4199,USR014103,2026-05-11,2026-06-10,Hybrid,194,71,61,80,Running
BAT004200,ENT00228,CRS021148,Corporate Training Batch 4200,USR034556,2026-01-18,2026-03-19,Online,346,57,63,57,Planned
BAT004201,ENT00072,CRS000922,Corporate Training Batch 4201,USR013920,2026-04-03,2026-04-17,Offline,120,61,56,35,Planned
BAT004202,ENT00348,CRS029807,Corporate Training Batch 4202,USR002771,2026-04-15,2026-06-14,Online,491,79,44,62,Completed
BAT004203,ENT00042,CRS048785,Corporate Training Batch 4203,USR043022,2026-04-05,2026-04-12,Offline,193,64,58,40,Completed
BAT004204,ENT00420,CRS038939,Corporate Training Batch 4204,USR032499,2026-04-02,2026-05-17,Online,296,70,85,71,Completed
BAT004205,ENT00489,CRS043820,Corporate Training Batch 4205,USR036364,2025-12-30,2026-02-28,Hybrid,319,91,69,76,Planned
BAT004206,ENT00279,CRS011394,Corporate Training Batch 4206,USR043570,2026-04-03,2026-04-17,Offline,246,56,75,67,Completed
BAT004207,ENT00022,CRS035064,Corporate Training Batch 4207,USR041451,2026-02-11,2026-03-28,Online,215,74,49,98,On Hold
BAT004208,ENT00260,CRS009372,Corporate Training Batch 4208,USR002380,2026-02-28,2026-03-14,Offline,70,77,77,33,Running
BAT004209,ENT00175,CRS040557,Corporate Training Batch 4209,USR031325,2026-03-16,2026-03-30,Online,131,55,34,26,Completed
BAT004210,ENT00235,CRS033892,Corporate Training Batch 4210,USR042059,2026-02-07,2026-03-24,Hybrid,27,68,24,32,Planned
BAT004211,ENT00492,CRS036882,Corporate Training Batch 4211,USR018296,2025-12-21,2026-03-21,Offline,252,85,86,74,Completed
BAT004212,ENT00061,CRS014298,Corporate Training Batch 4212,USR035097,2026-03-19,2026-04-02,Offline,224,95,75,66,Running
BAT004213,ENT00183,CRS049719,Corporate Training Batch 4213,USR035820,2026-04-27,2026-06-11,Online,407,63,100,52,Planned
BAT004214,ENT00063,CRS001827,Corporate Training Batch 4214,USR046817,2026-02-21,2026-02-28,Online,118,58,95,58,Running
BAT004215,ENT00391,CRS031471,Corporate Training Batch 4215,USR021097,2025-11-30,2025-12-14,Offline,499,88,34,77,Completed
BAT004216,ENT00469,CRS001731,Corporate Training Batch 4216,USR040253,2025-12-25,2026-01-01,Hybrid,319,60,86,75,On Hold
BAT004217,ENT00257,CRS034410,Corporate Training Batch 4217,USR012647,2026-01-20,2026-03-21,Hybrid,176,72,33,87,Planned
BAT004218,ENT00475,CRS029423,Corporate Training Batch 4218,USR021543,2026-04-24,2026-05-24,Hybrid,105,96,55,98,On Hold
BAT004219,ENT00018,CRS046834,Corporate Training Batch 4219,USR017047,2026-05-02,2026-05-16,Online,254,73,35,68,Planned
BAT004220,ENT00084,CRS003426,Corporate Training Batch 4220,USR011297,2026-03-12,2026-04-26,Hybrid,235,93,60,93,On Hold
BAT004221,ENT00228,CRS032887,Corporate Training Batch 4221,USR033923,2026-02-28,2026-04-29,Online,382,76,74,38,Planned
BAT004222,ENT00358,CRS020685,Corporate Training Batch 4222,USR001665,2026-02-18,2026-05-19,Online,238,63,92,94,Planned
BAT004223,ENT00034,CRS022474,Corporate Training Batch 4223,USR027553,2026-04-13,2026-06-12,Online,415,84,35,93,Completed
BAT004224,ENT00179,CRS041500,Corporate Training Batch 4224,USR006459,2025-12-10,2025-12-17,Online,487,62,33,96,Completed
BAT004225,ENT00344,CRS009457,Corporate Training Batch 4225,USR014444,2026-03-16,2026-03-30,Online,269,88,28,92,Planned
BAT004226,ENT00357,CRS032967,Corporate Training Batch 4226,USR001113,2026-01-24,2026-02-23,Online,295,94,65,92,On Hold
BAT004227,ENT00186,CRS002826,Corporate Training Batch 4227,USR029310,2026-04-04,2026-06-03,Hybrid,363,87,54,32,Completed
BAT004228,ENT00272,CRS021691,Corporate Training Batch 4228,USR018525,2026-03-20,2026-04-19,Hybrid,276,96,74,87,Completed
BAT004229,ENT00127,CRS035935,Corporate Training Batch 4229,USR017767,2025-12-10,2026-01-09,Hybrid,106,58,20,45,Completed
BAT004230,ENT00199,CRS006020,Corporate Training Batch 4230,USR014073,2025-12-15,2025-12-22,Hybrid,422,64,85,34,Completed
BAT004231,ENT00164,CRS016957,Corporate Training Batch 4231,USR003231,2025-11-25,2025-12-02,Hybrid,363,80,70,95,On Hold
BAT004232,ENT00119,CRS023972,Corporate Training Batch 4232,USR022746,2026-04-06,2026-04-20,Hybrid,199,81,32,89,Completed
BAT004233,ENT00234,CRS042712,Corporate Training Batch 4233,USR012733,2025-11-18,2026-01-02,Hybrid,315,58,53,66,On Hold
BAT004234,ENT00152,CRS013459,Corporate Training Batch 4234,USR015480,2025-12-04,2026-01-03,Hybrid,49,81,100,20,On Hold
BAT004235,ENT00251,CRS032222,Corporate Training Batch 4235,USR016261,2026-05-06,2026-08-04,Hybrid,11,93,100,48,Running
BAT004236,ENT00036,CRS041929,Corporate Training Batch 4236,USR000976,2026-05-05,2026-06-19,Offline,164,74,96,45,On Hold
BAT004237,ENT00001,CRS027097,Corporate Training Batch 4237,USR016872,2026-01-19,2026-03-20,Offline,132,96,87,36,Planned
BAT004238,ENT00267,CRS007564,Corporate Training Batch 4238,USR011200,2026-03-12,2026-06-10,Hybrid,317,74,25,86,Running
BAT004239,ENT00005,CRS012768,Corporate Training Batch 4239,USR013944,2025-12-06,2026-03-06,Online,122,94,37,22,Running
BAT004240,ENT00146,CRS024614,Corporate Training Batch 4240,USR022915,2026-03-01,2026-04-15,Offline,254,73,20,88,Running
BAT004241,ENT00334,CRS035109,Corporate Training Batch 4241,USR002687,2026-01-05,2026-01-19,Online,251,93,26,54,Completed
BAT004242,ENT00447,CRS018985,Corporate Training Batch 4242,USR036702,2026-01-28,2026-03-14,Offline,424,94,46,49,Planned
BAT004243,ENT00176,CRS027208,Corporate Training Batch 4243,USR024381,2026-03-04,2026-05-03,Hybrid,357,57,96,96,Planned
BAT004244,ENT00303,CRS033172,Corporate Training Batch 4244,USR045352,2026-03-04,2026-03-11,Offline,402,60,87,27,Running
BAT004245,ENT00327,CRS036909,Corporate Training Batch 4245,USR017099,2026-05-12,2026-06-26,Online,331,71,40,94,Planned
BAT004246,ENT00259,CRS021039,Corporate Training Batch 4246,USR020925,2026-05-04,2026-06-03,Hybrid,326,88,93,22,Completed
BAT004247,ENT00159,CRS029849,Corporate Training Batch 4247,USR023091,2025-12-06,2025-12-13,Online,146,93,29,66,Running
BAT004248,ENT00070,CRS039802,Corporate Training Batch 4248,USR018385,2026-03-24,2026-05-23,Hybrid,293,88,85,36,Completed
BAT004249,ENT00217,CRS018134,Corporate Training Batch 4249,USR030409,2026-04-26,2026-06-25,Offline,124,100,34,91,Planned
BAT004250,ENT00366,CRS000288,Corporate Training Batch 4250,USR029875,2026-05-13,2026-05-27,Offline,452,74,90,35,Running
BAT004251,ENT00479,CRS042866,Corporate Training Batch 4251,USR033133,2026-01-11,2026-03-12,Offline,296,97,91,78,On Hold
BAT004252,ENT00011,CRS030876,Corporate Training Batch 4252,USR013651,2025-11-16,2025-12-16,Hybrid,337,60,42,84,On Hold
BAT004253,ENT00329,CRS023891,Corporate Training Batch 4253,USR049052,2026-03-23,2026-05-07,Offline,387,68,22,25,On Hold
BAT004254,ENT00068,CRS047721,Corporate Training Batch 4254,USR011801,2026-01-18,2026-04-18,Online,120,55,64,41,Planned
BAT004255,ENT00287,CRS030434,Corporate Training Batch 4255,USR012232,2026-01-19,2026-03-05,Offline,312,69,82,52,Completed
BAT004256,ENT00182,CRS049087,Corporate Training Batch 4256,USR015413,2026-02-25,2026-04-26,Offline,299,75,65,84,Completed
BAT004257,ENT00385,CRS021995,Corporate Training Batch 4257,USR005032,2026-02-09,2026-03-26,Online,353,63,94,31,Completed
BAT004258,ENT00390,CRS012750,Corporate Training Batch 4258,USR048745,2026-03-21,2026-04-20,Offline,268,71,66,49,Running
BAT004259,ENT00345,CRS002355,Corporate Training Batch 4259,USR010163,2025-11-27,2025-12-27,Hybrid,198,80,72,75,Completed
BAT004260,ENT00357,CRS016108,Corporate Training Batch 4260,USR029645,2026-04-04,2026-05-04,Online,13,56,87,34,Planned
BAT004261,ENT00471,CRS025957,Corporate Training Batch 4261,USR033674,2026-03-07,2026-04-06,Offline,348,69,91,86,Running
BAT004262,ENT00124,CRS005404,Corporate Training Batch 4262,USR042053,2026-02-23,2026-03-09,Online,309,64,81,71,Planned
BAT004263,ENT00335,CRS040865,Corporate Training Batch 4263,USR003261,2025-12-02,2025-12-16,Hybrid,175,60,23,35,Running
BAT004264,ENT00329,CRS008044,Corporate Training Batch 4264,USR047854,2026-03-03,2026-03-17,Offline,229,69,81,21,On Hold
BAT004265,ENT00316,CRS007512,Corporate Training Batch 4265,USR042922,2026-01-05,2026-02-19,Hybrid,322,97,56,60,Running
BAT004266,ENT00469,CRS029368,Corporate Training Batch 4266,USR024763,2026-04-11,2026-05-11,Hybrid,494,62,61,85,Running
BAT004267,ENT00100,CRS009903,Corporate Training Batch 4267,USR008301,2026-01-12,2026-04-12,Hybrid,257,57,65,81,Completed
BAT004268,ENT00008,CRS007304,Corporate Training Batch 4268,USR006137,2026-03-30,2026-05-14,Offline,93,57,29,42,Running
BAT004269,ENT00445,CRS032254,Corporate Training Batch 4269,USR045294,2026-03-27,2026-04-26,Online,356,73,61,43,On Hold
BAT004270,ENT00408,CRS036318,Corporate Training Batch 4270,USR029230,2026-03-08,2026-05-07,Offline,241,72,67,78,On Hold
BAT004271,ENT00040,CRS021130,Corporate Training Batch 4271,USR000801,2025-12-21,2026-01-20,Hybrid,432,70,74,64,On Hold
BAT004272,ENT00443,CRS011555,Corporate Training Batch 4272,USR014462,2026-03-08,2026-06-06,Offline,131,86,84,51,Completed
BAT004273,ENT00044,CRS037170,Corporate Training Batch 4273,USR000709,2026-02-15,2026-05-16,Offline,20,61,82,71,Completed
BAT004274,ENT00387,CRS005750,Corporate Training Batch 4274,USR000909,2026-01-16,2026-03-02,Offline,130,74,32,73,Planned
BAT004275,ENT00197,CRS029391,Corporate Training Batch 4275,USR016305,2026-03-24,2026-04-07,Offline,451,72,90,69,Completed
BAT004276,ENT00127,CRS005218,Corporate Training Batch 4276,USR020005,2026-03-10,2026-06-08,Offline,243,98,86,63,Completed
BAT004277,ENT00241,CRS031952,Corporate Training Batch 4277,USR005295,2026-02-20,2026-03-06,Offline,241,61,88,96,On Hold
BAT004278,ENT00344,CRS018664,Corporate Training Batch 4278,USR025123,2026-01-13,2026-04-13,Hybrid,104,65,47,67,Planned
BAT004279,ENT00204,CRS029288,Corporate Training Batch 4279,USR002932,2026-02-08,2026-04-09,Offline,116,88,78,77,Completed
BAT004280,ENT00080,CRS000062,Corporate Training Batch 4280,USR042185,2026-02-28,2026-03-30,Offline,77,57,90,62,Planned
BAT004281,ENT00496,CRS006847,Corporate Training Batch 4281,USR023528,2026-02-12,2026-03-29,Online,207,77,74,59,Planned
BAT004282,ENT00011,CRS005962,Corporate Training Batch 4282,USR017037,2025-12-11,2026-01-25,Online,499,56,67,83,On Hold
BAT004283,ENT00179,CRS004713,Corporate Training Batch 4283,USR008249,2025-11-23,2026-01-07,Hybrid,151,62,21,39,Running
BAT004284,ENT00091,CRS041282,Corporate Training Batch 4284,USR029963,2026-03-29,2026-04-05,Offline,119,72,74,56,On Hold
BAT004285,ENT00370,CRS042020,Corporate Training Batch 4285,USR010717,2026-01-14,2026-01-28,Offline,497,98,20,46,Running
BAT004286,ENT00377,CRS041811,Corporate Training Batch 4286,USR033493,2026-02-22,2026-03-01,Offline,183,65,37,38,Running
BAT004287,ENT00402,CRS022076,Corporate Training Batch 4287,USR018055,2025-11-14,2025-12-29,Online,347,72,44,56,Running
BAT004288,ENT00267,CRS024221,Corporate Training Batch 4288,USR017477,2026-01-15,2026-04-15,Offline,247,64,40,26,Running
BAT004289,ENT00380,CRS018888,Corporate Training Batch 4289,USR014139,2025-12-31,2026-01-30,Hybrid,146,85,44,46,Completed
BAT004290,ENT00460,CRS013650,Corporate Training Batch 4290,USR037150,2026-01-19,2026-03-05,Offline,435,96,64,52,On Hold
BAT004291,ENT00483,CRS027425,Corporate Training Batch 4291,USR036760,2026-01-09,2026-04-09,Offline,307,60,73,41,Running
BAT004292,ENT00333,CRS049615,Corporate Training Batch 4292,USR045810,2025-11-16,2025-12-16,Online,250,60,38,45,On Hold
BAT004293,ENT00364,CRS020512,Corporate Training Batch 4293,USR015858,2026-04-13,2026-04-20,Online,467,85,83,97,On Hold
BAT004294,ENT00351,CRS008739,Corporate Training Batch 4294,USR049812,2025-11-20,2026-02-18,Offline,292,93,53,76,Running
BAT004295,ENT00296,CRS036660,Corporate Training Batch 4295,USR004754,2026-02-10,2026-02-24,Hybrid,55,85,86,63,On Hold
BAT004296,ENT00067,CRS009740,Corporate Training Batch 4296,USR003590,2026-05-02,2026-06-01,Hybrid,94,91,38,44,On Hold
BAT004297,ENT00218,CRS041206,Corporate Training Batch 4297,USR030052,2026-01-24,2026-02-23,Hybrid,339,57,30,83,Running
BAT004298,ENT00320,CRS012855,Corporate Training Batch 4298,USR031590,2026-01-31,2026-04-01,Offline,110,98,88,24,Planned
BAT004299,ENT00215,CRS032911,Corporate Training Batch 4299,USR033241,2025-12-27,2026-02-25,Online,374,78,62,62,Completed
BAT004300,ENT00101,CRS026239,Corporate Training Batch 4300,USR042874,2026-04-18,2026-06-17,Hybrid,84,75,54,51,Planned
BAT004301,ENT00109,CRS020499,Corporate Training Batch 4301,USR018650,2026-01-17,2026-02-16,Online,359,91,60,80,Running
BAT004302,ENT00053,CRS035490,Corporate Training Batch 4302,USR030072,2026-01-10,2026-02-24,Hybrid,228,57,32,51,On Hold
BAT004303,ENT00132,CRS019207,Corporate Training Batch 4303,USR037076,2026-01-06,2026-01-13,Online,274,64,45,46,Running
BAT004304,ENT00499,CRS037201,Corporate Training Batch 4304,USR023080,2026-04-21,2026-07-20,Hybrid,436,66,23,91,On Hold
BAT004305,ENT00233,CRS012640,Corporate Training Batch 4305,USR031307,2026-04-30,2026-05-14,Hybrid,25,73,100,66,Completed
BAT004306,ENT00283,CRS025049,Corporate Training Batch 4306,USR034641,2026-05-03,2026-05-17,Offline,192,80,30,76,Running
BAT004307,ENT00405,CRS005453,Corporate Training Batch 4307,USR045001,2026-03-13,2026-03-27,Online,367,69,51,25,Completed
BAT004308,ENT00076,CRS026545,Corporate Training Batch 4308,USR017182,2026-01-22,2026-02-05,Online,312,73,79,63,Completed
BAT004309,ENT00031,CRS027514,Corporate Training Batch 4309,USR020067,2026-01-31,2026-02-14,Offline,433,82,89,20,Completed
BAT004310,ENT00145,CRS022812,Corporate Training Batch 4310,USR014061,2026-02-26,2026-04-27,Offline,58,91,49,99,On Hold
BAT004311,ENT00090,CRS016178,Corporate Training Batch 4311,USR006480,2026-03-06,2026-03-13,Online,107,90,93,81,Completed
BAT004312,ENT00484,CRS043770,Corporate Training Batch 4312,USR042182,2026-01-21,2026-04-21,Online,283,100,96,66,Completed
BAT004313,ENT00001,CRS038418,Corporate Training Batch 4313,USR032227,2026-02-06,2026-03-08,Online,221,69,51,55,Completed
BAT004314,ENT00002,CRS023272,Corporate Training Batch 4314,USR034809,2025-12-11,2025-12-25,Hybrid,55,66,31,86,Running
BAT004315,ENT00315,CRS001112,Corporate Training Batch 4315,USR040380,2025-11-24,2025-12-01,Online,484,88,64,29,Completed
BAT004316,ENT00116,CRS007048,Corporate Training Batch 4316,USR038810,2026-05-05,2026-07-04,Hybrid,163,84,26,22,Running
BAT004317,ENT00120,CRS025709,Corporate Training Batch 4317,USR026557,2025-11-26,2025-12-03,Hybrid,202,76,55,66,Running
BAT004318,ENT00017,CRS001973,Corporate Training Batch 4318,USR015795,2026-04-24,2026-07-23,Hybrid,251,100,50,43,On Hold
BAT004319,ENT00434,CRS024585,Corporate Training Batch 4319,USR043865,2025-12-29,2026-02-27,Hybrid,173,98,77,86,Completed
BAT004320,ENT00277,CRS041038,Corporate Training Batch 4320,USR000420,2025-11-15,2025-12-15,Hybrid,134,62,21,61,Planned
BAT004321,ENT00277,CRS026712,Corporate Training Batch 4321,USR016088,2025-12-31,2026-01-07,Online,401,69,85,64,Running
BAT004322,ENT00449,CRS034097,Corporate Training Batch 4322,USR027300,2026-02-21,2026-05-22,Offline,316,99,52,44,Running
BAT004323,ENT00464,CRS046806,Corporate Training Batch 4323,USR020703,2026-04-21,2026-05-05,Hybrid,481,62,30,58,Running
BAT004324,ENT00327,CRS034775,Corporate Training Batch 4324,USR041056,2026-05-04,2026-05-18,Hybrid,344,57,57,56,On Hold
BAT004325,ENT00101,CRS009256,Corporate Training Batch 4325,USR007272,2026-03-21,2026-06-19,Offline,355,90,99,71,Completed
BAT004326,ENT00118,CRS046563,Corporate Training Batch 4326,USR039115,2026-03-20,2026-04-03,Online,11,96,73,80,Planned
BAT004327,ENT00229,CRS037091,Corporate Training Batch 4327,USR033414,2026-03-28,2026-04-27,Offline,325,89,57,68,Running
BAT004328,ENT00426,CRS010797,Corporate Training Batch 4328,USR049523,2026-01-17,2026-03-03,Hybrid,448,92,81,24,On Hold
BAT004329,ENT00118,CRS011235,Corporate Training Batch 4329,USR009288,2025-11-23,2025-11-30,Online,251,96,29,45,Completed
BAT004330,ENT00042,CRS027804,Corporate Training Batch 4330,USR030296,2026-01-02,2026-01-09,Online,217,67,48,96,Planned
BAT004331,ENT00174,CRS023139,Corporate Training Batch 4331,USR023684,2026-05-04,2026-05-11,Hybrid,359,56,99,50,On Hold
BAT004332,ENT00202,CRS046503,Corporate Training Batch 4332,USR001975,2026-02-28,2026-03-30,Online,404,56,92,32,Running
BAT004333,ENT00355,CRS032850,Corporate Training Batch 4333,USR014975,2026-05-06,2026-06-05,Hybrid,397,70,57,66,Completed
BAT004334,ENT00290,CRS039369,Corporate Training Batch 4334,USR000187,2025-11-22,2026-01-21,Hybrid,483,99,28,59,Running
BAT004335,ENT00359,CRS026954,Corporate Training Batch 4335,USR048900,2026-01-19,2026-03-20,Offline,185,59,65,27,On Hold
BAT004336,ENT00070,CRS035057,Corporate Training Batch 4336,USR017037,2025-12-28,2026-03-28,Online,187,87,25,86,Running
BAT004337,ENT00004,CRS039472,Corporate Training Batch 4337,USR014761,2026-03-30,2026-04-13,Hybrid,282,59,37,84,Planned
BAT004338,ENT00103,CRS037151,Corporate Training Batch 4338,USR001653,2026-01-19,2026-02-02,Hybrid,88,82,98,28,Planned
BAT004339,ENT00425,CRS048013,Corporate Training Batch 4339,USR030102,2026-01-11,2026-01-18,Online,32,61,68,78,Completed
BAT004340,ENT00171,CRS012747,Corporate Training Batch 4340,USR013699,2026-02-02,2026-03-04,Hybrid,425,58,83,44,Running
BAT004341,ENT00048,CRS049249,Corporate Training Batch 4341,USR013838,2026-03-15,2026-05-14,Online,473,95,49,76,Planned
BAT004342,ENT00254,CRS028706,Corporate Training Batch 4342,USR019457,2026-01-15,2026-04-15,Hybrid,129,92,94,46,On Hold
BAT004343,ENT00265,CRS042377,Corporate Training Batch 4343,USR036091,2026-03-19,2026-05-03,Hybrid,122,90,35,27,Completed
BAT004344,ENT00141,CRS038486,Corporate Training Batch 4344,USR027176,2026-03-04,2026-04-03,Hybrid,259,62,71,91,Running
BAT004345,ENT00160,CRS033877,Corporate Training Batch 4345,USR016920,2025-12-03,2026-01-02,Online,363,75,65,44,On Hold
BAT004346,ENT00192,CRS008771,Corporate Training Batch 4346,USR048020,2026-02-21,2026-03-07,Hybrid,464,98,46,24,Completed
BAT004347,ENT00276,CRS031340,Corporate Training Batch 4347,USR012522,2026-02-27,2026-03-13,Offline,74,68,64,40,On Hold
BAT004348,ENT00440,CRS023463,Corporate Training Batch 4348,USR039367,2026-03-10,2026-03-24,Offline,101,91,41,98,Running
BAT004349,ENT00308,CRS010040,Corporate Training Batch 4349,USR047849,2025-12-19,2025-12-26,Hybrid,360,70,75,88,On Hold
BAT004350,ENT00184,CRS034538,Corporate Training Batch 4350,USR047275,2025-11-25,2026-01-09,Online,324,89,21,80,Running
BAT004351,ENT00163,CRS017849,Corporate Training Batch 4351,USR030426,2025-12-13,2025-12-27,Hybrid,222,87,97,57,Completed
BAT004352,ENT00146,CRS010212,Corporate Training Batch 4352,USR031976,2026-01-30,2026-03-31,Hybrid,66,93,95,32,On Hold
BAT004353,ENT00298,CRS030194,Corporate Training Batch 4353,USR000694,2026-02-11,2026-05-12,Online,361,94,83,91,Running
BAT004354,ENT00020,CRS034413,Corporate Training Batch 4354,USR027775,2026-04-07,2026-04-21,Online,232,92,98,65,Planned
BAT004355,ENT00065,CRS011500,Corporate Training Batch 4355,USR026242,2026-05-06,2026-07-05,Offline,131,73,31,32,On Hold
BAT004356,ENT00121,CRS039593,Corporate Training Batch 4356,USR003407,2025-11-22,2026-02-20,Offline,296,76,92,33,Planned
BAT004357,ENT00149,CRS041655,Corporate Training Batch 4357,USR008841,2026-01-30,2026-03-16,Online,290,83,82,79,On Hold
BAT004358,ENT00313,CRS027546,Corporate Training Batch 4358,USR031695,2026-02-21,2026-04-22,Offline,454,79,94,94,Planned
BAT004359,ENT00018,CRS042835,Corporate Training Batch 4359,USR005479,2026-01-10,2026-03-11,Offline,290,97,37,27,On Hold
BAT004360,ENT00269,CRS045154,Corporate Training Batch 4360,USR044940,2025-12-04,2026-01-03,Offline,60,66,100,84,Planned
BAT004361,ENT00323,CRS035516,Corporate Training Batch 4361,USR019498,2026-03-13,2026-04-12,Offline,231,96,67,92,On Hold
BAT004362,ENT00117,CRS024857,Corporate Training Batch 4362,USR049415,2025-12-08,2025-12-22,Offline,20,99,63,35,Running
BAT004363,ENT00059,CRS002215,Corporate Training Batch 4363,USR009394,2026-03-24,2026-06-22,Offline,128,65,64,50,On Hold
BAT004364,ENT00489,CRS046465,Corporate Training Batch 4364,USR045618,2025-12-25,2026-01-01,Offline,424,94,64,50,Running
BAT004365,ENT00104,CRS000377,Corporate Training Batch 4365,USR041826,2025-12-04,2025-12-18,Online,296,80,26,74,Running
BAT004366,ENT00240,CRS035406,Corporate Training Batch 4366,USR040223,2026-01-24,2026-01-31,Offline,189,75,94,82,Running
BAT004367,ENT00452,CRS019797,Corporate Training Batch 4367,USR017818,2026-05-02,2026-05-16,Hybrid,282,55,45,68,On Hold
BAT004368,ENT00222,CRS028705,Corporate Training Batch 4368,USR029913,2026-05-08,2026-05-15,Online,334,84,20,56,On Hold
BAT004369,ENT00193,CRS044100,Corporate Training Batch 4369,USR023741,2025-11-17,2025-11-24,Online,287,77,30,78,Planned
BAT004370,ENT00301,CRS011786,Corporate Training Batch 4370,USR019765,2026-05-08,2026-05-22,Online,423,74,93,95,Completed
BAT004371,ENT00242,CRS008405,Corporate Training Batch 4371,USR048363,2026-02-17,2026-04-18,Offline,449,64,29,84,Running
BAT004372,ENT00426,CRS038706,Corporate Training Batch 4372,USR015607,2026-03-24,2026-04-23,Online,305,57,25,76,Planned
BAT004373,ENT00464,CRS001531,Corporate Training Batch 4373,USR037546,2025-11-17,2026-02-15,Hybrid,286,86,74,46,On Hold
BAT004374,ENT00309,CRS037882,Corporate Training Batch 4374,USR031952,2025-11-14,2026-01-13,Offline,24,99,22,66,Completed
BAT004375,ENT00084,CRS009334,Corporate Training Batch 4375,USR001794,2026-02-16,2026-05-17,Online,284,67,51,33,Running
BAT004376,ENT00018,CRS001463,Corporate Training Batch 4376,USR016324,2025-12-20,2025-12-27,Hybrid,149,79,25,87,Completed
BAT004377,ENT00129,CRS027850,Corporate Training Batch 4377,USR036783,2026-04-14,2026-05-14,Hybrid,467,56,98,21,Planned
BAT004378,ENT00325,CRS038778,Corporate Training Batch 4378,USR040457,2026-02-26,2026-03-28,Online,335,98,87,62,Completed
BAT004379,ENT00207,CRS008826,Corporate Training Batch 4379,USR008284,2026-02-03,2026-03-20,Online,52,99,71,40,Running
BAT004380,ENT00131,CRS018830,Corporate Training Batch 4380,USR006552,2026-03-29,2026-05-28,Online,466,75,98,68,Completed
BAT004381,ENT00257,CRS016488,Corporate Training Batch 4381,USR049211,2026-01-14,2026-02-28,Hybrid,52,87,47,53,Completed
BAT004382,ENT00278,CRS032301,Corporate Training Batch 4382,USR031636,2026-01-30,2026-03-31,Offline,359,91,80,59,On Hold
BAT004383,ENT00044,CRS037025,Corporate Training Batch 4383,USR022384,2025-12-29,2026-02-12,Offline,254,100,92,46,Completed
BAT004384,ENT00216,CRS045561,Corporate Training Batch 4384,USR030028,2026-02-27,2026-04-13,Offline,363,96,47,35,On Hold
BAT004385,ENT00408,CRS010661,Corporate Training Batch 4385,USR048953,2026-01-18,2026-03-19,Hybrid,308,99,85,56,Planned
BAT004386,ENT00100,CRS013348,Corporate Training Batch 4386,USR019230,2025-12-16,2025-12-30,Hybrid,148,61,84,24,On Hold
BAT004387,ENT00496,CRS010511,Corporate Training Batch 4387,USR002260,2025-11-29,2025-12-13,Online,40,85,68,99,On Hold
BAT004388,ENT00430,CRS047479,Corporate Training Batch 4388,USR031074,2026-04-12,2026-05-27,Online,352,56,98,34,Running
BAT004389,ENT00214,CRS034147,Corporate Training Batch 4389,USR016268,2025-12-10,2026-01-09,Offline,152,63,27,49,Running
BAT004390,ENT00156,CRS048846,Corporate Training Batch 4390,USR003578,2026-03-27,2026-04-03,Online,375,98,41,24,On Hold
BAT004391,ENT00115,CRS042940,Corporate Training Batch 4391,USR028462,2026-05-13,2026-08-11,Offline,146,88,93,41,Running
BAT004392,ENT00377,CRS009109,Corporate Training Batch 4392,USR041474,2026-05-12,2026-05-26,Online,396,80,85,49,Completed
BAT004393,ENT00030,CRS045764,Corporate Training Batch 4393,USR017087,2026-01-15,2026-03-01,Offline,367,88,53,38,On Hold
BAT004394,ENT00184,CRS020820,Corporate Training Batch 4394,USR037691,2026-03-10,2026-04-09,Hybrid,49,89,65,57,Completed
BAT004395,ENT00188,CRS041388,Corporate Training Batch 4395,USR032711,2025-12-10,2026-01-09,Offline,266,85,50,95,Planned
BAT004396,ENT00246,CRS004700,Corporate Training Batch 4396,USR038886,2026-01-17,2026-03-18,Hybrid,182,71,83,20,Completed
BAT004397,ENT00179,CRS049389,Corporate Training Batch 4397,USR018358,2026-05-13,2026-08-11,Online,417,94,47,33,Completed
BAT004398,ENT00080,CRS014888,Corporate Training Batch 4398,USR038618,2026-02-13,2026-02-20,Online,268,63,64,23,Running
BAT004399,ENT00133,CRS001952,Corporate Training Batch 4399,USR022018,2026-04-01,2026-06-30,Online,434,83,97,54,Running
BAT004400,ENT00426,CRS014471,Corporate Training Batch 4400,USR048144,2026-01-24,2026-02-23,Offline,497,67,47,99,Planned
BAT004401,ENT00484,CRS004867,Corporate Training Batch 4401,USR030105,2025-12-28,2026-01-04,Online,197,72,43,35,On Hold
BAT004402,ENT00130,CRS023971,Corporate Training Batch 4402,USR031218,2026-01-25,2026-02-08,Offline,321,77,57,64,Completed
BAT004403,ENT00392,CRS020996,Corporate Training Batch 4403,USR015282,2026-01-26,2026-04-26,Hybrid,466,95,85,94,Completed
BAT004404,ENT00267,CRS024712,Corporate Training Batch 4404,USR012639,2026-03-12,2026-04-11,Online,89,98,74,95,Planned
BAT004405,ENT00438,CRS018151,Corporate Training Batch 4405,USR033438,2025-11-21,2025-11-28,Hybrid,403,88,58,95,On Hold
BAT004406,ENT00264,CRS014080,Corporate Training Batch 4406,USR026560,2025-11-22,2026-01-06,Hybrid,468,76,37,82,Running
BAT004407,ENT00101,CRS040022,Corporate Training Batch 4407,USR001093,2026-05-06,2026-05-20,Offline,410,56,66,90,Running
BAT004408,ENT00149,CRS040346,Corporate Training Batch 4408,USR029178,2026-03-24,2026-05-08,Online,44,97,77,74,Completed
BAT004409,ENT00421,CRS046914,Corporate Training Batch 4409,USR024203,2025-12-11,2026-01-10,Offline,341,94,25,91,Completed
BAT004410,ENT00274,CRS005590,Corporate Training Batch 4410,USR020610,2026-02-01,2026-02-15,Online,59,61,96,53,Running
BAT004411,ENT00290,CRS011411,Corporate Training Batch 4411,USR038322,2025-11-25,2025-12-09,Hybrid,133,66,30,31,On Hold
BAT004412,ENT00335,CRS026361,Corporate Training Batch 4412,USR014459,2026-05-11,2026-06-10,Hybrid,68,61,96,88,Completed
BAT004413,ENT00253,CRS037672,Corporate Training Batch 4413,USR038934,2026-03-19,2026-04-18,Online,243,72,77,77,Completed
BAT004414,ENT00292,CRS027585,Corporate Training Batch 4414,USR004698,2026-03-16,2026-05-15,Online,331,71,63,69,Completed
BAT004415,ENT00244,CRS045730,Corporate Training Batch 4415,USR029089,2025-11-25,2025-12-25,Hybrid,70,96,28,24,On Hold
BAT004416,ENT00450,CRS031812,Corporate Training Batch 4416,USR011237,2026-02-09,2026-02-16,Offline,414,74,92,80,On Hold
BAT004417,ENT00450,CRS021331,Corporate Training Batch 4417,USR019847,2025-12-01,2025-12-08,Offline,332,68,55,25,Completed
BAT004418,ENT00186,CRS026796,Corporate Training Batch 4418,USR021238,2026-04-26,2026-06-10,Online,313,83,62,56,On Hold
BAT004419,ENT00395,CRS009514,Corporate Training Batch 4419,USR014206,2026-03-18,2026-06-16,Hybrid,172,65,47,79,Completed
BAT004420,ENT00001,CRS007883,Corporate Training Batch 4420,USR025323,2026-04-05,2026-05-05,Online,327,65,42,83,Completed
BAT004421,ENT00189,CRS034846,Corporate Training Batch 4421,USR026547,2026-04-27,2026-05-27,Offline,470,98,30,85,Running
BAT004422,ENT00058,CRS047809,Corporate Training Batch 4422,USR003324,2026-03-30,2026-04-06,Online,137,69,35,62,Planned
BAT004423,ENT00496,CRS038778,Corporate Training Batch 4423,USR001432,2026-03-16,2026-04-30,Offline,331,91,66,60,Completed
BAT004424,ENT00049,CRS009827,Corporate Training Batch 4424,USR047004,2026-04-02,2026-04-09,Hybrid,114,86,77,26,Planned
BAT004425,ENT00117,CRS026351,Corporate Training Batch 4425,USR031492,2025-11-23,2026-01-22,Hybrid,111,73,59,48,Running
BAT004426,ENT00455,CRS031614,Corporate Training Batch 4426,USR018009,2026-04-08,2026-04-15,Online,300,87,63,40,Planned
BAT004427,ENT00313,CRS018538,Corporate Training Batch 4427,USR038810,2026-05-06,2026-06-20,Offline,488,74,76,21,Planned
BAT004428,ENT00169,CRS030281,Corporate Training Batch 4428,USR017315,2025-11-30,2025-12-30,Offline,397,79,22,59,On Hold
BAT004429,ENT00223,CRS011801,Corporate Training Batch 4429,USR000872,2026-04-06,2026-05-06,Offline,308,57,84,35,Planned
BAT004430,ENT00373,CRS012994,Corporate Training Batch 4430,USR003275,2026-02-24,2026-03-26,Hybrid,226,72,50,30,On Hold
BAT004431,ENT00029,CRS003934,Corporate Training Batch 4431,USR016062,2026-02-20,2026-03-22,Online,63,69,94,38,On Hold
BAT004432,ENT00207,CRS036087,Corporate Training Batch 4432,USR000409,2025-12-22,2026-02-05,Online,174,84,30,92,Completed
BAT004433,ENT00447,CRS012992,Corporate Training Batch 4433,USR016508,2025-12-23,2026-01-06,Online,170,77,51,30,On Hold
BAT004434,ENT00042,CRS015818,Corporate Training Batch 4434,USR047123,2026-04-15,2026-05-15,Online,110,78,56,97,Running
BAT004435,ENT00066,CRS049333,Corporate Training Batch 4435,USR011903,2025-12-14,2025-12-28,Offline,11,67,32,27,On Hold
BAT004436,ENT00053,CRS041652,Corporate Training Batch 4436,USR014811,2026-04-05,2026-07-04,Online,30,74,58,23,Planned
BAT004437,ENT00462,CRS011988,Corporate Training Batch 4437,USR001166,2026-01-17,2026-04-17,Offline,31,91,76,42,On Hold
BAT004438,ENT00456,CRS000938,Corporate Training Batch 4438,USR026262,2026-01-04,2026-02-03,Hybrid,93,90,69,80,Running
BAT004439,ENT00467,CRS016369,Corporate Training Batch 4439,USR012744,2025-12-04,2026-02-02,Offline,295,90,76,81,Running
BAT004440,ENT00364,CRS024703,Corporate Training Batch 4440,USR004137,2026-02-13,2026-03-30,Online,211,65,50,42,On Hold
BAT004441,ENT00098,CRS018713,Corporate Training Batch 4441,USR028208,2026-04-13,2026-05-13,Online,237,66,84,27,Planned
BAT004442,ENT00207,CRS037164,Corporate Training Batch 4442,USR049699,2026-04-14,2026-07-13,Online,228,66,100,65,Completed
BAT004443,ENT00182,CRS045745,Corporate Training Batch 4443,USR011717,2026-03-30,2026-04-29,Hybrid,331,64,23,24,Planned
BAT004444,ENT00346,CRS000636,Corporate Training Batch 4444,USR030586,2026-05-06,2026-06-05,Hybrid,57,99,47,84,On Hold
BAT004445,ENT00473,CRS010135,Corporate Training Batch 4445,USR000239,2025-12-11,2026-02-09,Online,449,77,69,34,Running
BAT004446,ENT00081,CRS016569,Corporate Training Batch 4446,USR005967,2026-01-11,2026-02-25,Online,225,95,99,46,Running
BAT004447,ENT00110,CRS032469,Corporate Training Batch 4447,USR014506,2026-04-02,2026-06-01,Online,11,82,94,20,On Hold
BAT004448,ENT00105,CRS024288,Corporate Training Batch 4448,USR044831,2026-03-07,2026-03-21,Hybrid,218,64,26,44,Planned
BAT004449,ENT00404,CRS037844,Corporate Training Batch 4449,USR041942,2025-11-17,2025-11-24,Hybrid,379,55,94,88,Planned
BAT004450,ENT00018,CRS025482,Corporate Training Batch 4450,USR030319,2026-01-07,2026-01-21,Offline,315,78,23,32,On Hold
BAT004451,ENT00455,CRS011401,Corporate Training Batch 4451,USR043154,2026-02-06,2026-03-08,Online,35,59,77,71,Planned
BAT004452,ENT00024,CRS000074,Corporate Training Batch 4452,USR021509,2026-04-03,2026-05-03,Offline,133,59,27,71,Running
BAT004453,ENT00356,CRS003812,Corporate Training Batch 4453,USR033281,2026-02-13,2026-03-30,Hybrid,401,77,49,45,Planned
BAT004454,ENT00163,CRS036215,Corporate Training Batch 4454,USR041280,2026-01-22,2026-03-23,Hybrid,294,80,99,69,Running
BAT004455,ENT00146,CRS015934,Corporate Training Batch 4455,USR029231,2026-01-15,2026-01-22,Hybrid,110,63,60,100,Planned
BAT004456,ENT00361,CRS015383,Corporate Training Batch 4456,USR031528,2026-03-25,2026-04-24,Hybrid,372,82,28,62,Running
BAT004457,ENT00117,CRS008988,Corporate Training Batch 4457,USR019019,2025-12-14,2026-01-28,Online,241,67,66,57,Completed
BAT004458,ENT00439,CRS029140,Corporate Training Batch 4458,USR020217,2026-02-19,2026-03-21,Offline,86,95,39,26,Running
BAT004459,ENT00133,CRS045482,Corporate Training Batch 4459,USR036968,2026-03-29,2026-04-05,Hybrid,19,60,69,36,Completed
BAT004460,ENT00093,CRS004217,Corporate Training Batch 4460,USR048033,2026-05-10,2026-06-09,Online,183,98,28,73,On Hold
BAT004461,ENT00209,CRS019300,Corporate Training Batch 4461,USR001622,2026-02-21,2026-04-22,Online,373,80,60,76,On Hold
BAT004462,ENT00059,CRS011066,Corporate Training Batch 4462,USR024751,2026-03-28,2026-04-04,Offline,359,97,42,60,On Hold
BAT004463,ENT00332,CRS033832,Corporate Training Batch 4463,USR049189,2025-12-07,2025-12-14,Online,109,97,72,64,Planned
BAT004464,ENT00250,CRS027413,Corporate Training Batch 4464,USR012212,2026-04-23,2026-05-07,Hybrid,32,88,41,56,On Hold
BAT004465,ENT00489,CRS035638,Corporate Training Batch 4465,USR041613,2025-12-04,2025-12-18,Offline,224,70,50,99,Running
BAT004466,ENT00401,CRS001319,Corporate Training Batch 4466,USR018222,2026-04-14,2026-04-21,Hybrid,91,77,37,71,On Hold
BAT004467,ENT00302,CRS032451,Corporate Training Batch 4467,USR025028,2025-12-06,2025-12-13,Hybrid,303,55,59,28,Completed
BAT004468,ENT00061,CRS008898,Corporate Training Batch 4468,USR005054,2026-01-27,2026-03-13,Online,131,73,87,50,Planned
BAT004469,ENT00245,CRS022495,Corporate Training Batch 4469,USR027391,2026-02-24,2026-04-25,Online,216,60,90,73,Planned
BAT004470,ENT00318,CRS018379,Corporate Training Batch 4470,USR032287,2025-12-19,2025-12-26,Offline,81,82,79,45,Completed
BAT004471,ENT00417,CRS037826,Corporate Training Batch 4471,USR003102,2026-02-24,2026-04-10,Online,191,56,65,47,Planned
BAT004472,ENT00156,CRS031354,Corporate Training Batch 4472,USR013489,2026-05-01,2026-06-15,Offline,328,99,46,22,Completed
BAT004473,ENT00169,CRS035824,Corporate Training Batch 4473,USR022065,2026-03-02,2026-03-09,Online,128,64,54,64,Planned
BAT004474,ENT00015,CRS046839,Corporate Training Batch 4474,USR021307,2026-01-22,2026-01-29,Hybrid,411,66,93,62,On Hold
BAT004475,ENT00119,CRS031130,Corporate Training Batch 4475,USR026408,2025-11-19,2025-11-26,Hybrid,335,81,23,57,Planned
BAT004476,ENT00443,CRS008504,Corporate Training Batch 4476,USR013514,2026-04-23,2026-05-07,Online,352,57,63,33,Completed
BAT004477,ENT00465,CRS033935,Corporate Training Batch 4477,USR013739,2026-01-09,2026-04-09,Offline,342,64,58,62,Planned
BAT004478,ENT00396,CRS002003,Corporate Training Batch 4478,USR039416,2026-05-05,2026-05-12,Hybrid,258,93,77,69,On Hold
BAT004479,ENT00020,CRS030547,Corporate Training Batch 4479,USR026167,2026-03-18,2026-04-17,Online,421,79,60,72,Completed
BAT004480,ENT00174,CRS024996,Corporate Training Batch 4480,USR008082,2026-03-26,2026-05-10,Offline,466,76,97,86,Completed
BAT004481,ENT00291,CRS013470,Corporate Training Batch 4481,USR001575,2025-12-27,2026-01-03,Online,484,100,70,90,On Hold
BAT004482,ENT00207,CRS033473,Corporate Training Batch 4482,USR017523,2026-01-23,2026-02-22,Offline,235,57,50,84,Completed
BAT004483,ENT00334,CRS026036,Corporate Training Batch 4483,USR024961,2025-12-27,2026-01-26,Online,219,77,42,79,Planned
BAT004484,ENT00015,CRS015739,Corporate Training Batch 4484,USR022469,2025-11-27,2025-12-04,Hybrid,95,82,77,48,Completed
BAT004485,ENT00278,CRS024740,Corporate Training Batch 4485,USR002860,2026-04-20,2026-05-04,Offline,164,80,82,51,Running
BAT004486,ENT00195,CRS003018,Corporate Training Batch 4486,USR042186,2025-12-20,2026-01-19,Hybrid,360,55,84,32,On Hold
BAT004487,ENT00341,CRS008200,Corporate Training Batch 4487,USR049830,2026-04-12,2026-06-11,Online,178,95,29,74,Planned
BAT004488,ENT00287,CRS028686,Corporate Training Batch 4488,USR031446,2026-01-30,2026-04-30,Offline,326,99,68,37,Completed
BAT004489,ENT00056,CRS040965,Corporate Training Batch 4489,USR046335,2026-04-13,2026-06-12,Online,438,79,43,66,On Hold
BAT004490,ENT00469,CRS004219,Corporate Training Batch 4490,USR000319,2026-03-26,2026-04-09,Offline,278,97,48,84,Running
BAT004491,ENT00394,CRS019732,Corporate Training Batch 4491,USR003339,2026-04-30,2026-05-07,Online,215,63,77,97,Running
BAT004492,ENT00112,CRS018080,Corporate Training Batch 4492,USR033681,2026-04-03,2026-04-17,Offline,393,71,38,100,On Hold
BAT004493,ENT00368,CRS045544,Corporate Training Batch 4493,USR013913,2026-01-25,2026-02-01,Hybrid,422,90,52,96,Running
BAT004494,ENT00322,CRS031037,Corporate Training Batch 4494,USR012773,2026-05-07,2026-06-06,Hybrid,127,62,39,29,Completed
BAT004495,ENT00148,CRS028062,Corporate Training Batch 4495,USR002821,2026-04-22,2026-06-06,Online,338,62,90,62,Completed
BAT004496,ENT00481,CRS007554,Corporate Training Batch 4496,USR015127,2026-04-17,2026-05-01,Hybrid,357,56,26,34,Planned
BAT004497,ENT00294,CRS046656,Corporate Training Batch 4497,USR005715,2026-02-16,2026-05-17,Online,381,59,82,36,Running
BAT004498,ENT00004,CRS018034,Corporate Training Batch 4498,USR001842,2026-01-25,2026-02-24,Online,491,96,68,68,On Hold
BAT004499,ENT00472,CRS008368,Corporate Training Batch 4499,USR039373,2026-01-22,2026-03-08,Hybrid,259,64,39,57,Planned
BAT004500,ENT00472,CRS046639,Corporate Training Batch 4500,USR012127,2026-05-07,2026-06-21,Online,482,92,56,29,On Hold
BAT004501,ENT00158,CRS043077,Corporate Training Batch 4501,USR008114,2026-04-12,2026-05-27,Online,406,85,58,30,Running
BAT004502,ENT00054,CRS007827,Corporate Training Batch 4502,USR009044,2026-01-03,2026-04-03,Online,481,87,47,61,Planned
BAT004503,ENT00243,CRS027144,Corporate Training Batch 4503,USR015001,2026-04-20,2026-07-19,Hybrid,104,59,60,47,On Hold
BAT004504,ENT00431,CRS042907,Corporate Training Batch 4504,USR026243,2025-12-27,2026-01-10,Online,127,96,51,98,Running
BAT004505,ENT00008,CRS006921,Corporate Training Batch 4505,USR016127,2026-04-24,2026-06-08,Offline,11,79,37,71,Planned
BAT004506,ENT00445,CRS009977,Corporate Training Batch 4506,USR019734,2026-03-17,2026-06-15,Online,412,66,88,64,Running
BAT004507,ENT00044,CRS019099,Corporate Training Batch 4507,USR011218,2026-03-12,2026-03-19,Offline,449,86,26,97,Planned
BAT004508,ENT00247,CRS017971,Corporate Training Batch 4508,USR032688,2026-04-10,2026-05-25,Hybrid,68,91,23,26,On Hold
BAT004509,ENT00446,CRS034766,Corporate Training Batch 4509,USR003206,2026-02-06,2026-05-07,Offline,500,64,23,92,On Hold
BAT004510,ENT00051,CRS039506,Corporate Training Batch 4510,USR007012,2025-12-01,2026-01-15,Hybrid,369,62,92,73,On Hold
BAT004511,ENT00116,CRS015825,Corporate Training Batch 4511,USR011456,2025-12-22,2026-01-05,Offline,149,66,31,90,On Hold
BAT004512,ENT00283,CRS010811,Corporate Training Batch 4512,USR046164,2026-02-23,2026-05-24,Hybrid,223,74,94,70,Planned
BAT004513,ENT00324,CRS032558,Corporate Training Batch 4513,USR031329,2026-05-05,2026-05-12,Online,462,100,41,43,Planned
BAT004514,ENT00059,CRS025277,Corporate Training Batch 4514,USR002228,2026-01-26,2026-02-09,Hybrid,32,61,64,29,On Hold
BAT004515,ENT00370,CRS032135,Corporate Training Batch 4515,USR032171,2026-04-10,2026-07-09,Hybrid,199,92,86,70,On Hold
BAT004516,ENT00109,CRS003085,Corporate Training Batch 4516,USR021466,2026-03-11,2026-03-18,Online,314,64,63,84,Planned
BAT004517,ENT00355,CRS000261,Corporate Training Batch 4517,USR014970,2026-01-17,2026-01-31,Hybrid,128,74,77,85,Running
BAT004518,ENT00217,CRS002453,Corporate Training Batch 4518,USR023427,2026-01-09,2026-01-16,Offline,427,88,72,73,Running
BAT004519,ENT00227,CRS018572,Corporate Training Batch 4519,USR024816,2026-04-11,2026-05-11,Online,85,100,36,100,Planned
BAT004520,ENT00072,CRS012862,Corporate Training Batch 4520,USR003703,2026-01-13,2026-02-27,Hybrid,215,70,91,69,On Hold
BAT004521,ENT00110,CRS034861,Corporate Training Batch 4521,USR004406,2025-12-25,2026-01-08,Hybrid,89,74,58,72,Planned
BAT004522,ENT00114,CRS005472,Corporate Training Batch 4522,USR003142,2026-05-03,2026-07-02,Online,222,97,60,58,Planned
BAT004523,ENT00028,CRS035785,Corporate Training Batch 4523,USR025808,2026-01-26,2026-02-09,Hybrid,198,100,87,41,Completed
BAT004524,ENT00325,CRS014824,Corporate Training Batch 4524,USR022744,2026-03-02,2026-05-01,Online,34,97,57,98,On Hold
BAT004525,ENT00407,CRS027170,Corporate Training Batch 4525,USR033059,2026-04-09,2026-07-08,Offline,415,68,86,59,Completed
BAT004526,ENT00479,CRS019402,Corporate Training Batch 4526,USR012438,2026-01-06,2026-01-13,Offline,433,65,27,63,Running
BAT004527,ENT00390,CRS006467,Corporate Training Batch 4527,USR015440,2026-05-13,2026-05-20,Offline,40,64,63,54,On Hold
BAT004528,ENT00312,CRS043813,Corporate Training Batch 4528,USR042465,2026-02-23,2026-04-09,Hybrid,242,98,91,95,Running
BAT004529,ENT00421,CRS041105,Corporate Training Batch 4529,USR026774,2025-11-17,2026-02-15,Offline,441,81,26,32,Running
BAT004530,ENT00499,CRS033751,Corporate Training Batch 4530,USR017362,2025-12-28,2026-02-26,Online,389,88,82,46,Completed
BAT004531,ENT00339,CRS009231,Corporate Training Batch 4531,USR000130,2026-04-15,2026-04-22,Online,272,85,77,95,On Hold
BAT004532,ENT00467,CRS016424,Corporate Training Batch 4532,USR016960,2025-12-02,2025-12-16,Hybrid,432,79,26,61,Completed
BAT004533,ENT00049,CRS009041,Corporate Training Batch 4533,USR011666,2026-03-28,2026-04-11,Offline,100,57,100,98,Completed
BAT004534,ENT00006,CRS024626,Corporate Training Batch 4534,USR042378,2026-04-14,2026-07-13,Hybrid,477,75,77,31,Planned
BAT004535,ENT00086,CRS025888,Corporate Training Batch 4535,USR008317,2026-02-27,2026-03-29,Hybrid,356,76,37,53,Planned
BAT004536,ENT00220,CRS016586,Corporate Training Batch 4536,USR004848,2026-02-18,2026-04-19,Online,475,85,69,41,Completed
BAT004537,ENT00154,CRS026436,Corporate Training Batch 4537,USR008767,2026-04-17,2026-07-16,Hybrid,280,74,88,85,Planned
BAT004538,ENT00145,CRS023006,Corporate Training Batch 4538,USR021254,2026-04-05,2026-05-05,Online,123,96,68,25,On Hold
BAT004539,ENT00153,CRS014803,Corporate Training Batch 4539,USR046905,2025-11-23,2025-12-07,Online,421,70,54,52,Completed
BAT004540,ENT00108,CRS004068,Corporate Training Batch 4540,USR048900,2026-04-04,2026-05-19,Offline,270,92,98,72,Completed
BAT004541,ENT00017,CRS047952,Corporate Training Batch 4541,USR017876,2026-01-24,2026-02-07,Online,153,71,38,53,Planned
BAT004542,ENT00040,CRS008324,Corporate Training Batch 4542,USR008425,2026-04-23,2026-06-07,Online,226,80,41,22,Completed
BAT004543,ENT00189,CRS003547,Corporate Training Batch 4543,USR002936,2025-12-15,2026-02-13,Hybrid,330,91,25,83,On Hold
BAT004544,ENT00176,CRS002333,Corporate Training Batch 4544,USR046726,2026-04-28,2026-06-27,Offline,357,63,20,89,On Hold
BAT004545,ENT00398,CRS048325,Corporate Training Batch 4545,USR026051,2026-04-06,2026-04-20,Online,479,74,23,45,Planned
BAT004546,ENT00415,CRS014418,Corporate Training Batch 4546,USR002477,2025-12-07,2025-12-14,Hybrid,350,81,28,89,Completed
BAT004547,ENT00328,CRS013305,Corporate Training Batch 4547,USR037905,2026-02-11,2026-05-12,Online,85,64,64,64,Completed
BAT004548,ENT00086,CRS047970,Corporate Training Batch 4548,USR041361,2026-04-06,2026-05-21,Offline,273,64,64,21,Running
BAT004549,ENT00379,CRS020215,Corporate Training Batch 4549,USR032232,2026-03-12,2026-04-26,Online,216,64,53,70,Running
BAT004550,ENT00426,CRS044086,Corporate Training Batch 4550,USR012306,2026-03-11,2026-05-10,Online,499,87,87,34,Running
BAT004551,ENT00165,CRS028431,Corporate Training Batch 4551,USR033346,2026-03-11,2026-04-25,Hybrid,226,71,62,82,On Hold
BAT004552,ENT00397,CRS015357,Corporate Training Batch 4552,USR030451,2025-12-23,2026-03-23,Offline,52,94,72,95,Running
BAT004553,ENT00152,CRS018810,Corporate Training Batch 4553,USR008901,2025-12-20,2026-02-03,Online,423,76,53,89,Running
BAT004554,ENT00122,CRS048066,Corporate Training Batch 4554,USR022465,2026-03-12,2026-04-11,Hybrid,36,93,89,90,Planned
BAT004555,ENT00128,CRS015249,Corporate Training Batch 4555,USR041601,2026-03-18,2026-05-17,Online,397,86,78,21,Completed
BAT004556,ENT00087,CRS025012,Corporate Training Batch 4556,USR011598,2026-02-21,2026-04-07,Hybrid,384,100,45,33,On Hold
BAT004557,ENT00140,CRS048251,Corporate Training Batch 4557,USR039609,2026-05-05,2026-05-12,Hybrid,235,65,69,29,Planned
BAT004558,ENT00376,CRS035527,Corporate Training Batch 4558,USR048700,2026-02-02,2026-03-19,Online,16,88,89,62,Running
BAT004559,ENT00421,CRS045403,Corporate Training Batch 4559,USR022044,2026-01-17,2026-03-18,Hybrid,467,96,27,89,Planned
BAT004560,ENT00161,CRS010233,Corporate Training Batch 4560,USR014111,2026-02-15,2026-03-17,Hybrid,88,90,69,50,Planned
BAT004561,ENT00065,CRS031797,Corporate Training Batch 4561,USR032074,2025-12-03,2025-12-17,Hybrid,171,63,22,55,Running
BAT004562,ENT00475,CRS021911,Corporate Training Batch 4562,USR008786,2026-05-10,2026-05-17,Offline,78,75,72,47,On Hold
BAT004563,ENT00482,CRS011565,Corporate Training Batch 4563,USR003699,2026-01-03,2026-03-04,Hybrid,105,59,66,71,Planned
BAT004564,ENT00079,CRS041367,Corporate Training Batch 4564,USR008094,2025-11-17,2026-02-15,Online,255,62,94,98,Completed
BAT004565,ENT00262,CRS003989,Corporate Training Batch 4565,USR035166,2026-03-04,2026-03-11,Online,362,86,72,72,Planned
BAT004566,ENT00454,CRS027059,Corporate Training Batch 4566,USR003128,2025-12-17,2026-02-15,Hybrid,363,76,42,23,Completed
BAT004567,ENT00407,CRS013790,Corporate Training Batch 4567,USR006876,2025-11-24,2026-01-08,Offline,76,69,31,90,Planned
BAT004568,ENT00418,CRS024861,Corporate Training Batch 4568,USR025608,2026-05-13,2026-06-12,Online,449,60,61,76,Running
BAT004569,ENT00449,CRS000838,Corporate Training Batch 4569,USR011237,2025-12-20,2026-02-18,Offline,474,74,58,75,Planned
BAT004570,ENT00410,CRS028798,Corporate Training Batch 4570,USR040598,2025-11-26,2026-01-25,Online,250,94,70,38,Planned
BAT004571,ENT00171,CRS021828,Corporate Training Batch 4571,USR002019,2026-04-05,2026-04-19,Offline,292,63,51,90,Running
BAT004572,ENT00273,CRS005224,Corporate Training Batch 4572,USR027304,2026-04-05,2026-04-19,Hybrid,458,97,24,93,Planned
BAT004573,ENT00461,CRS039755,Corporate Training Batch 4573,USR031299,2026-03-19,2026-04-18,Hybrid,489,64,77,49,Completed
BAT004574,ENT00426,CRS021909,Corporate Training Batch 4574,USR039570,2026-02-18,2026-03-20,Hybrid,176,95,35,27,Completed
BAT004575,ENT00402,CRS033470,Corporate Training Batch 4575,USR025067,2026-03-13,2026-04-27,Online,184,60,33,50,Running
BAT004576,ENT00309,CRS035207,Corporate Training Batch 4576,USR014890,2026-01-15,2026-02-14,Online,60,56,56,40,Completed
BAT004577,ENT00321,CRS010515,Corporate Training Batch 4577,USR038239,2025-11-14,2025-11-21,Hybrid,111,65,41,36,Completed
BAT004578,ENT00109,CRS027241,Corporate Training Batch 4578,USR008084,2026-03-06,2026-04-20,Hybrid,24,95,43,66,Completed
BAT004579,ENT00237,CRS005975,Corporate Training Batch 4579,USR047275,2026-01-31,2026-04-01,Hybrid,191,68,51,100,On Hold
BAT004580,ENT00150,CRS041902,Corporate Training Batch 4580,USR014164,2025-12-28,2026-02-11,Hybrid,321,93,60,56,Planned
BAT004581,ENT00328,CRS028239,Corporate Training Batch 4581,USR030811,2026-02-06,2026-02-13,Offline,321,91,65,51,Completed
BAT004582,ENT00026,CRS014376,Corporate Training Batch 4582,USR014651,2026-04-20,2026-07-19,Online,279,72,92,100,On Hold
BAT004583,ENT00098,CRS009143,Corporate Training Batch 4583,USR013109,2026-03-31,2026-06-29,Offline,302,73,45,96,Planned
BAT004584,ENT00263,CRS037465,Corporate Training Batch 4584,USR022502,2026-01-02,2026-04-02,Hybrid,475,79,74,44,On Hold
BAT004585,ENT00390,CRS013904,Corporate Training Batch 4585,USR007609,2025-11-14,2025-11-21,Online,226,62,22,51,Completed
BAT004586,ENT00274,CRS047542,Corporate Training Batch 4586,USR035433,2026-03-02,2026-03-16,Hybrid,487,87,23,99,Planned
BAT004587,ENT00370,CRS015727,Corporate Training Batch 4587,USR005328,2025-12-17,2025-12-24,Offline,308,63,63,98,Planned
BAT004588,ENT00447,CRS022462,Corporate Training Batch 4588,USR041915,2026-03-18,2026-05-02,Offline,31,71,90,89,Planned
BAT004589,ENT00270,CRS011735,Corporate Training Batch 4589,USR028349,2026-02-27,2026-03-06,Hybrid,117,86,24,49,Running
BAT004590,ENT00453,CRS040227,Corporate Training Batch 4590,USR026854,2026-01-31,2026-04-01,Hybrid,342,79,95,29,On Hold
BAT004591,ENT00350,CRS027749,Corporate Training Batch 4591,USR015312,2026-05-09,2026-07-08,Offline,347,55,83,48,Completed
BAT004592,ENT00219,CRS036330,Corporate Training Batch 4592,USR022768,2026-03-20,2026-05-04,Hybrid,411,68,49,47,Planned
BAT004593,ENT00220,CRS042290,Corporate Training Batch 4593,USR001683,2026-03-14,2026-05-13,Offline,445,98,100,80,Running
BAT004594,ENT00129,CRS017463,Corporate Training Batch 4594,USR023864,2026-04-22,2026-07-21,Hybrid,346,60,49,90,Completed
BAT004595,ENT00441,CRS046856,Corporate Training Batch 4595,USR007127,2025-12-17,2026-01-31,Hybrid,12,62,87,98,Planned
BAT004596,ENT00247,CRS045672,Corporate Training Batch 4596,USR040295,2025-11-19,2026-01-03,Online,245,57,29,52,Running
BAT004597,ENT00200,CRS017259,Corporate Training Batch 4597,USR004468,2025-11-23,2026-02-21,Online,264,64,96,23,Completed
BAT004598,ENT00194,CRS048083,Corporate Training Batch 4598,USR003146,2026-01-28,2026-03-29,Online,84,80,47,97,On Hold
BAT004599,ENT00176,CRS013442,Corporate Training Batch 4599,USR038213,2025-12-29,2026-01-28,Online,173,60,36,94,On Hold
BAT004600,ENT00286,CRS013634,Corporate Training Batch 4600,USR027407,2026-02-18,2026-03-04,Hybrid,111,55,63,66,Running
BAT004601,ENT00363,CRS002654,Corporate Training Batch 4601,USR002737,2025-12-26,2026-01-02,Online,150,73,36,95,Planned
BAT004602,ENT00005,CRS002139,Corporate Training Batch 4602,USR045626,2026-03-14,2026-05-13,Online,114,86,86,92,On Hold
BAT004603,ENT00474,CRS040251,Corporate Training Batch 4603,USR023272,2026-01-09,2026-02-23,Hybrid,223,87,56,34,Completed
BAT004604,ENT00455,CRS016853,Corporate Training Batch 4604,USR031096,2026-02-26,2026-04-27,Offline,328,77,84,20,Running
BAT004605,ENT00183,CRS001215,Corporate Training Batch 4605,USR049400,2026-03-22,2026-04-21,Hybrid,457,88,72,53,Completed
BAT004606,ENT00338,CRS046311,Corporate Training Batch 4606,USR044000,2025-11-29,2025-12-13,Online,78,87,41,83,Planned
BAT004607,ENT00499,CRS006019,Corporate Training Batch 4607,USR031762,2026-04-04,2026-06-03,Hybrid,113,65,85,65,On Hold
BAT004608,ENT00075,CRS021483,Corporate Training Batch 4608,USR026261,2026-02-04,2026-02-18,Hybrid,417,87,38,47,Planned
BAT004609,ENT00094,CRS010267,Corporate Training Batch 4609,USR026704,2026-03-19,2026-06-17,Offline,38,98,91,84,Completed
BAT004610,ENT00334,CRS031202,Corporate Training Batch 4610,USR020216,2025-12-20,2026-03-20,Hybrid,405,69,66,67,Completed
BAT004611,ENT00131,CRS010716,Corporate Training Batch 4611,USR026278,2026-03-14,2026-06-12,Offline,403,69,39,20,Planned
BAT004612,ENT00150,CRS049479,Corporate Training Batch 4612,USR020323,2026-01-07,2026-01-14,Offline,344,60,72,61,Running
BAT004613,ENT00066,CRS046934,Corporate Training Batch 4613,USR006418,2026-01-09,2026-04-09,Offline,428,82,79,29,On Hold
BAT004614,ENT00313,CRS033971,Corporate Training Batch 4614,USR017452,2026-04-03,2026-04-10,Offline,25,100,56,63,Running
BAT004615,ENT00226,CRS011197,Corporate Training Batch 4615,USR016476,2026-04-02,2026-07-01,Hybrid,99,82,49,58,On Hold
BAT004616,ENT00437,CRS013214,Corporate Training Batch 4616,USR023939,2026-01-27,2026-04-27,Hybrid,274,84,67,20,Completed
BAT004617,ENT00277,CRS013206,Corporate Training Batch 4617,USR017441,2026-03-09,2026-04-08,Hybrid,355,95,96,93,Planned
BAT004618,ENT00378,CRS012806,Corporate Training Batch 4618,USR005004,2026-05-07,2026-05-14,Offline,450,69,69,71,Running
BAT004619,ENT00292,CRS010332,Corporate Training Batch 4619,USR041484,2025-12-11,2026-03-11,Offline,194,57,41,44,On Hold
BAT004620,ENT00173,CRS030195,Corporate Training Batch 4620,USR019057,2026-02-28,2026-04-14,Offline,285,92,65,35,Completed
BAT004621,ENT00114,CRS034588,Corporate Training Batch 4621,USR005416,2026-01-26,2026-02-25,Online,485,60,97,60,Running
BAT004622,ENT00368,CRS034364,Corporate Training Batch 4622,USR007396,2025-12-23,2026-02-21,Offline,457,64,61,72,Planned
BAT004623,ENT00392,CRS005662,Corporate Training Batch 4623,USR030327,2025-11-14,2025-12-14,Hybrid,456,87,71,52,On Hold
BAT004624,ENT00433,CRS015290,Corporate Training Batch 4624,USR031941,2026-01-23,2026-02-22,Offline,316,98,54,20,Completed
BAT004625,ENT00324,CRS024370,Corporate Training Batch 4625,USR029603,2026-03-18,2026-05-17,Offline,444,76,29,40,Completed
BAT004626,ENT00290,CRS022563,Corporate Training Batch 4626,USR049360,2026-02-18,2026-03-04,Hybrid,336,100,49,45,On Hold
BAT004627,ENT00262,CRS007650,Corporate Training Batch 4627,USR005607,2025-12-07,2026-02-05,Offline,125,64,77,29,Planned
BAT004628,ENT00229,CRS022711,Corporate Training Batch 4628,USR017423,2025-12-05,2026-01-19,Hybrid,94,62,38,85,Running
BAT004629,ENT00290,CRS048902,Corporate Training Batch 4629,USR008243,2026-01-09,2026-02-23,Online,265,83,43,66,Completed
BAT004630,ENT00168,CRS040959,Corporate Training Batch 4630,USR014495,2026-02-21,2026-03-07,Hybrid,217,78,24,74,Running
BAT004631,ENT00440,CRS035442,Corporate Training Batch 4631,USR014329,2026-04-12,2026-07-11,Hybrid,204,87,37,79,On Hold
BAT004632,ENT00326,CRS043575,Corporate Training Batch 4632,USR026344,2026-01-29,2026-02-12,Online,124,58,99,59,Planned
BAT004633,ENT00017,CRS025620,Corporate Training Batch 4633,USR013261,2026-02-06,2026-04-07,Hybrid,339,67,52,83,Planned
BAT004634,ENT00068,CRS019257,Corporate Training Batch 4634,USR001604,2026-05-04,2026-06-03,Online,289,64,22,83,Completed
BAT004635,ENT00281,CRS040390,Corporate Training Batch 4635,USR047303,2026-04-22,2026-05-22,Hybrid,15,63,22,78,Completed
BAT004636,ENT00012,CRS007649,Corporate Training Batch 4636,USR023034,2026-03-27,2026-05-26,Hybrid,15,75,49,28,Completed
BAT004637,ENT00057,CRS024727,Corporate Training Batch 4637,USR039250,2026-04-22,2026-04-29,Online,396,67,71,64,Completed
BAT004638,ENT00073,CRS024408,Corporate Training Batch 4638,USR015813,2026-03-21,2026-04-04,Offline,363,85,36,84,Planned
BAT004639,ENT00458,CRS033020,Corporate Training Batch 4639,USR027588,2025-11-14,2026-01-13,Offline,340,60,25,55,Completed
BAT004640,ENT00257,CRS031759,Corporate Training Batch 4640,USR048625,2025-11-29,2026-01-28,Offline,245,86,51,61,Planned
BAT004641,ENT00287,CRS027889,Corporate Training Batch 4641,USR022810,2026-01-08,2026-02-22,Online,248,64,63,59,On Hold
BAT004642,ENT00240,CRS029479,Corporate Training Batch 4642,USR040496,2025-11-29,2026-02-27,Online,131,55,99,67,Completed
BAT004643,ENT00383,CRS002172,Corporate Training Batch 4643,USR027174,2026-05-02,2026-07-31,Hybrid,142,88,90,79,Planned
BAT004644,ENT00461,CRS020793,Corporate Training Batch 4644,USR044540,2026-01-02,2026-04-02,Offline,234,64,67,73,Planned
BAT004645,ENT00028,CRS047116,Corporate Training Batch 4645,USR040197,2026-01-07,2026-01-14,Online,323,61,23,25,Completed
BAT004646,ENT00031,CRS016899,Corporate Training Batch 4646,USR023865,2026-03-07,2026-03-21,Online,449,80,94,73,Completed
BAT004647,ENT00281,CRS024917,Corporate Training Batch 4647,USR015302,2025-12-09,2026-01-23,Hybrid,323,58,99,95,On Hold
BAT004648,ENT00301,CRS016819,Corporate Training Batch 4648,USR015990,2026-01-03,2026-02-02,Offline,489,99,36,25,Running
BAT004649,ENT00222,CRS011844,Corporate Training Batch 4649,USR001427,2026-01-07,2026-02-06,Offline,179,90,59,30,Planned
BAT004650,ENT00440,CRS013540,Corporate Training Batch 4650,USR040102,2026-01-13,2026-02-12,Hybrid,314,84,74,73,Planned
BAT004651,ENT00114,CRS010763,Corporate Training Batch 4651,USR004708,2026-04-22,2026-06-06,Hybrid,11,55,92,69,Completed
BAT004652,ENT00149,CRS033106,Corporate Training Batch 4652,USR009704,2026-03-15,2026-04-29,Hybrid,40,93,87,39,Running
BAT004653,ENT00022,CRS019437,Corporate Training Batch 4653,USR040510,2026-03-05,2026-04-04,Online,182,92,71,36,Planned
BAT004654,ENT00074,CRS013809,Corporate Training Batch 4654,USR003856,2026-04-01,2026-05-01,Online,413,63,52,43,On Hold
BAT004655,ENT00313,CRS023309,Corporate Training Batch 4655,USR001526,2025-12-18,2026-03-18,Online,378,75,57,72,On Hold
BAT004656,ENT00288,CRS047022,Corporate Training Batch 4656,USR025882,2026-04-24,2026-05-24,Hybrid,22,74,98,41,Completed
BAT004657,ENT00099,CRS003934,Corporate Training Batch 4657,USR045992,2026-02-12,2026-05-13,Online,317,57,30,30,Running
BAT004658,ENT00218,CRS030776,Corporate Training Batch 4658,USR027189,2026-02-07,2026-03-24,Offline,409,74,22,58,Completed
BAT004659,ENT00156,CRS038266,Corporate Training Batch 4659,USR034987,2026-04-02,2026-07-01,Hybrid,476,75,90,59,On Hold
BAT004660,ENT00045,CRS021636,Corporate Training Batch 4660,USR035802,2026-01-05,2026-02-19,Online,223,72,52,32,Running
BAT004661,ENT00142,CRS032769,Corporate Training Batch 4661,USR031097,2026-02-02,2026-02-09,Hybrid,363,83,48,58,Completed
BAT004662,ENT00162,CRS026895,Corporate Training Batch 4662,USR048220,2026-04-07,2026-04-21,Online,104,59,68,49,Running
BAT004663,ENT00038,CRS026554,Corporate Training Batch 4663,USR020627,2025-12-08,2026-01-22,Hybrid,333,80,98,26,Running
BAT004664,ENT00226,CRS007873,Corporate Training Batch 4664,USR049626,2026-01-02,2026-02-16,Online,348,63,79,47,Completed
BAT004665,ENT00439,CRS025587,Corporate Training Batch 4665,USR004281,2026-05-07,2026-06-06,Hybrid,420,77,89,29,On Hold
BAT004666,ENT00300,CRS000796,Corporate Training Batch 4666,USR015275,2025-12-11,2026-01-25,Offline,378,76,92,53,Planned
BAT004667,ENT00405,CRS021683,Corporate Training Batch 4667,USR022788,2026-03-26,2026-04-02,Online,123,57,55,59,Completed
BAT004668,ENT00049,CRS026102,Corporate Training Batch 4668,USR043845,2026-02-15,2026-03-01,Offline,150,60,74,51,Running
BAT004669,ENT00026,CRS026742,Corporate Training Batch 4669,USR017697,2026-04-10,2026-06-09,Offline,411,97,92,90,Completed
BAT004670,ENT00145,CRS039055,Corporate Training Batch 4670,USR005598,2026-04-08,2026-07-07,Online,284,81,49,64,Completed
BAT004671,ENT00437,CRS007254,Corporate Training Batch 4671,USR038245,2026-04-12,2026-05-27,Offline,201,69,96,40,Completed
BAT004672,ENT00485,CRS009436,Corporate Training Batch 4672,USR023505,2026-01-20,2026-03-21,Online,496,95,90,74,On Hold
BAT004673,ENT00485,CRS017847,Corporate Training Batch 4673,USR035028,2026-02-06,2026-02-13,Offline,86,71,56,81,Completed
BAT004674,ENT00094,CRS004053,Corporate Training Batch 4674,USR018612,2026-03-14,2026-03-21,Online,488,80,98,65,On Hold
BAT004675,ENT00059,CRS023606,Corporate Training Batch 4675,USR049786,2026-02-04,2026-03-21,Offline,18,56,40,94,Completed
BAT004676,ENT00043,CRS014059,Corporate Training Batch 4676,USR027290,2025-11-19,2025-12-03,Online,281,65,51,73,Planned
BAT004677,ENT00233,CRS003324,Corporate Training Batch 4677,USR016847,2026-02-17,2026-04-18,Offline,444,63,46,53,On Hold
BAT004678,ENT00095,CRS045457,Corporate Training Batch 4678,USR020208,2026-04-06,2026-04-20,Hybrid,246,86,44,28,Running
BAT004679,ENT00245,CRS010735,Corporate Training Batch 4679,USR030202,2026-03-10,2026-04-24,Offline,86,62,72,44,Planned
BAT004680,ENT00152,CRS028503,Corporate Training Batch 4680,USR010905,2026-05-11,2026-05-25,Online,88,100,31,23,On Hold
BAT004681,ENT00257,CRS022683,Corporate Training Batch 4681,USR047031,2026-02-16,2026-04-02,Offline,306,98,43,86,Completed
BAT004682,ENT00377,CRS009889,Corporate Training Batch 4682,USR010540,2026-05-09,2026-08-07,Hybrid,494,59,99,55,On Hold
BAT004683,ENT00239,CRS031039,Corporate Training Batch 4683,USR049800,2026-04-24,2026-06-23,Hybrid,56,95,89,74,Completed
BAT004684,ENT00385,CRS019014,Corporate Training Batch 4684,USR010994,2026-01-15,2026-03-16,Hybrid,205,100,90,65,On Hold
BAT004685,ENT00049,CRS032729,Corporate Training Batch 4685,USR045661,2026-03-28,2026-04-04,Hybrid,73,82,66,34,Planned
BAT004686,ENT00265,CRS020553,Corporate Training Batch 4686,USR037592,2026-05-02,2026-05-09,Offline,57,95,65,63,Completed
BAT004687,ENT00431,CRS010218,Corporate Training Batch 4687,USR024691,2025-11-29,2025-12-29,Online,144,91,55,23,On Hold
BAT004688,ENT00383,CRS021540,Corporate Training Batch 4688,USR035847,2026-01-25,2026-02-24,Offline,97,57,43,45,On Hold
BAT004689,ENT00046,CRS004424,Corporate Training Batch 4689,USR030367,2026-03-27,2026-04-03,Offline,356,61,70,38,Planned
BAT004690,ENT00219,CRS036246,Corporate Training Batch 4690,USR046699,2025-12-16,2026-02-14,Online,253,74,48,64,On Hold
BAT004691,ENT00042,CRS038154,Corporate Training Batch 4691,USR007988,2025-12-01,2025-12-31,Hybrid,168,87,65,91,Running
BAT004692,ENT00451,CRS033289,Corporate Training Batch 4692,USR001344,2026-04-10,2026-04-24,Hybrid,120,77,93,68,On Hold
BAT004693,ENT00312,CRS037873,Corporate Training Batch 4693,USR017046,2026-01-24,2026-03-10,Hybrid,455,71,56,63,Completed
BAT004694,ENT00208,CRS012090,Corporate Training Batch 4694,USR028350,2025-11-23,2025-12-23,Online,212,71,25,46,Planned
BAT004695,ENT00421,CRS046775,Corporate Training Batch 4695,USR043497,2025-12-16,2025-12-23,Offline,310,100,58,56,On Hold
BAT004696,ENT00029,CRS048793,Corporate Training Batch 4696,USR034187,2025-12-20,2026-02-18,Online,417,88,22,50,On Hold
BAT004697,ENT00395,CRS037898,Corporate Training Batch 4697,USR044356,2026-04-04,2026-07-03,Online,407,77,96,70,Running
BAT004698,ENT00209,CRS047156,Corporate Training Batch 4698,USR023007,2026-05-08,2026-05-22,Offline,273,88,63,30,Running
BAT004699,ENT00343,CRS008077,Corporate Training Batch 4699,USR044149,2025-11-25,2025-12-02,Online,103,67,94,82,Completed
BAT004700,ENT00374,CRS047614,Corporate Training Batch 4700,USR029935,2026-02-04,2026-02-18,Hybrid,65,91,48,96,Planned
BAT004701,ENT00384,CRS040995,Corporate Training Batch 4701,USR047101,2026-04-14,2026-05-29,Online,36,63,84,57,On Hold
BAT004702,ENT00325,CRS047815,Corporate Training Batch 4702,USR031022,2025-12-12,2026-01-26,Online,192,63,67,36,Completed
BAT004703,ENT00069,CRS049532,Corporate Training Batch 4703,USR033350,2026-05-12,2026-05-19,Offline,89,72,62,33,Running
BAT004704,ENT00448,CRS002464,Corporate Training Batch 4704,USR020769,2025-12-09,2026-03-09,Offline,66,100,48,26,Running
BAT004705,ENT00024,CRS014255,Corporate Training Batch 4705,USR005941,2026-04-29,2026-06-13,Offline,91,59,69,72,Running
BAT004706,ENT00127,CRS018066,Corporate Training Batch 4706,USR049819,2026-02-08,2026-03-10,Online,350,62,29,62,Planned
BAT004707,ENT00104,CRS036579,Corporate Training Batch 4707,USR015781,2025-12-09,2026-01-23,Online,325,95,55,42,Planned
BAT004708,ENT00479,CRS048549,Corporate Training Batch 4708,USR038953,2026-01-22,2026-02-21,Hybrid,156,90,56,81,On Hold
BAT004709,ENT00234,CRS006641,Corporate Training Batch 4709,USR021414,2026-04-01,2026-04-15,Offline,312,95,93,80,On Hold
BAT004710,ENT00331,CRS010446,Corporate Training Batch 4710,USR012869,2026-02-13,2026-03-15,Online,314,96,98,78,Planned
BAT004711,ENT00185,CRS017508,Corporate Training Batch 4711,USR041428,2026-03-09,2026-03-16,Offline,310,91,49,38,Planned
BAT004712,ENT00209,CRS006346,Corporate Training Batch 4712,USR039959,2026-04-06,2026-04-13,Online,318,90,23,92,On Hold
BAT004713,ENT00219,CRS030831,Corporate Training Batch 4713,USR009137,2026-01-04,2026-03-05,Offline,225,82,52,33,Planned
BAT004714,ENT00221,CRS010713,Corporate Training Batch 4714,USR028538,2026-02-28,2026-03-14,Hybrid,283,75,44,75,Running
BAT004715,ENT00159,CRS049864,Corporate Training Batch 4715,USR023668,2026-02-19,2026-02-26,Hybrid,401,100,71,33,Planned
BAT004716,ENT00005,CRS039387,Corporate Training Batch 4716,USR030972,2026-03-16,2026-03-30,Hybrid,47,63,62,63,Running
BAT004717,ENT00103,CRS037066,Corporate Training Batch 4717,USR010849,2025-12-02,2025-12-09,Online,228,59,59,28,Planned
BAT004718,ENT00173,CRS003992,Corporate Training Batch 4718,USR046875,2026-01-06,2026-04-06,Online,466,68,71,22,Completed
BAT004719,ENT00308,CRS047814,Corporate Training Batch 4719,USR028090,2026-03-17,2026-03-24,Hybrid,24,56,41,27,Running
BAT004720,ENT00002,CRS000811,Corporate Training Batch 4720,USR016993,2026-01-03,2026-02-02,Hybrid,245,79,85,45,Running
BAT004721,ENT00234,CRS040338,Corporate Training Batch 4721,USR040236,2025-12-13,2026-02-11,Hybrid,344,83,31,86,Planned
BAT004722,ENT00201,CRS018491,Corporate Training Batch 4722,USR044735,2026-01-17,2026-03-03,Hybrid,139,97,54,83,Running
BAT004723,ENT00463,CRS026832,Corporate Training Batch 4723,USR030609,2025-11-20,2026-01-19,Hybrid,273,79,89,72,Planned
BAT004724,ENT00102,CRS044994,Corporate Training Batch 4724,USR002028,2026-02-21,2026-03-23,Online,281,73,31,30,On Hold
BAT004725,ENT00485,CRS025567,Corporate Training Batch 4725,USR033352,2026-03-28,2026-06-26,Offline,294,69,79,99,Planned
BAT004726,ENT00162,CRS003015,Corporate Training Batch 4726,USR002351,2026-03-30,2026-04-06,Offline,338,88,63,67,On Hold
BAT004727,ENT00414,CRS004036,Corporate Training Batch 4727,USR007889,2026-02-11,2026-03-13,Hybrid,420,65,56,87,Running
BAT004728,ENT00368,CRS010360,Corporate Training Batch 4728,USR045059,2026-01-16,2026-01-30,Offline,494,86,29,23,Planned
BAT004729,ENT00188,CRS040449,Corporate Training Batch 4729,USR047757,2025-11-23,2026-01-07,Online,95,98,27,51,Completed
BAT004730,ENT00189,CRS049575,Corporate Training Batch 4730,USR032217,2025-12-03,2025-12-10,Offline,435,58,35,42,Planned
BAT004731,ENT00201,CRS013430,Corporate Training Batch 4731,USR007622,2026-01-31,2026-03-17,Hybrid,339,61,43,38,Planned
BAT004732,ENT00140,CRS004753,Corporate Training Batch 4732,USR032822,2025-11-14,2025-12-14,Hybrid,210,81,48,28,Planned
BAT004733,ENT00040,CRS002019,Corporate Training Batch 4733,USR048072,2026-03-01,2026-04-15,Hybrid,95,90,42,38,Planned
BAT004734,ENT00060,CRS022045,Corporate Training Batch 4734,USR048335,2026-04-28,2026-06-27,Hybrid,163,67,60,33,On Hold
BAT004735,ENT00031,CRS030557,Corporate Training Batch 4735,USR028131,2026-02-14,2026-03-31,Online,125,58,49,55,On Hold
BAT004736,ENT00136,CRS000809,Corporate Training Batch 4736,USR025239,2025-11-18,2025-12-18,Online,105,88,45,65,Running
BAT004737,ENT00348,CRS006910,Corporate Training Batch 4737,USR027089,2026-01-27,2026-02-10,Offline,95,65,31,48,On Hold
BAT004738,ENT00216,CRS037123,Corporate Training Batch 4738,USR027862,2025-11-30,2025-12-14,Offline,22,99,82,89,Completed
BAT004739,ENT00197,CRS018737,Corporate Training Batch 4739,USR017352,2025-12-28,2026-01-11,Online,124,87,80,31,Completed
BAT004740,ENT00306,CRS040658,Corporate Training Batch 4740,USR029457,2026-01-11,2026-02-25,Offline,384,59,37,46,Planned
BAT004741,ENT00091,CRS016271,Corporate Training Batch 4741,USR039445,2025-11-17,2025-12-01,Hybrid,300,67,80,50,Planned
BAT004742,ENT00155,CRS011373,Corporate Training Batch 4742,USR002408,2026-05-08,2026-05-15,Hybrid,353,67,37,20,Completed
BAT004743,ENT00027,CRS008731,Corporate Training Batch 4743,USR018655,2026-04-03,2026-07-02,Offline,406,82,84,58,On Hold
BAT004744,ENT00025,CRS005206,Corporate Training Batch 4744,USR009356,2026-03-15,2026-05-14,Offline,338,97,31,34,Planned
BAT004745,ENT00412,CRS036132,Corporate Training Batch 4745,USR011836,2026-01-11,2026-01-18,Offline,105,91,99,26,Completed
BAT004746,ENT00447,CRS019704,Corporate Training Batch 4746,USR036082,2026-03-15,2026-04-29,Offline,479,63,29,52,On Hold
BAT004747,ENT00321,CRS032436,Corporate Training Batch 4747,USR032211,2025-12-11,2026-01-10,Online,113,97,83,25,Completed
BAT004748,ENT00097,CRS039038,Corporate Training Batch 4748,USR009624,2026-02-19,2026-03-21,Hybrid,388,93,25,67,Completed
BAT004749,ENT00338,CRS041056,Corporate Training Batch 4749,USR006003,2025-11-23,2025-12-23,Online,58,56,38,69,Completed
BAT004750,ENT00074,CRS009796,Corporate Training Batch 4750,USR004808,2025-11-16,2025-11-30,Offline,498,98,56,98,Planned
BAT004751,ENT00363,CRS023361,Corporate Training Batch 4751,USR023717,2026-04-04,2026-05-19,Hybrid,379,78,97,74,Running
BAT004752,ENT00496,CRS004007,Corporate Training Batch 4752,USR005737,2025-12-30,2026-01-06,Offline,263,69,55,85,Running
BAT004753,ENT00167,CRS017268,Corporate Training Batch 4753,USR032653,2025-12-16,2026-02-14,Online,269,71,59,77,Running
BAT004754,ENT00002,CRS042218,Corporate Training Batch 4754,USR021437,2025-12-01,2026-01-30,Offline,487,71,100,87,Planned
BAT004755,ENT00164,CRS024400,Corporate Training Batch 4755,USR037718,2026-02-01,2026-04-02,Offline,39,76,58,93,Completed
BAT004756,ENT00342,CRS020789,Corporate Training Batch 4756,USR048417,2026-03-21,2026-05-20,Offline,30,88,47,71,On Hold
BAT004757,ENT00350,CRS012024,Corporate Training Batch 4757,USR040439,2026-04-01,2026-05-16,Hybrid,59,90,32,41,On Hold
BAT004758,ENT00126,CRS000780,Corporate Training Batch 4758,USR041206,2026-01-04,2026-02-18,Online,280,78,43,100,Completed
BAT004759,ENT00239,CRS020213,Corporate Training Batch 4759,USR025470,2025-11-30,2026-01-14,Hybrid,339,64,53,46,Completed
BAT004760,ENT00108,CRS013617,Corporate Training Batch 4760,USR022068,2025-11-20,2025-11-27,Hybrid,389,67,85,90,Completed
BAT004761,ENT00084,CRS027811,Corporate Training Batch 4761,USR034791,2025-12-06,2026-02-04,Hybrid,432,60,96,89,Running
BAT004762,ENT00376,CRS024944,Corporate Training Batch 4762,USR016203,2026-05-06,2026-06-05,Online,119,77,27,29,Running
BAT004763,ENT00443,CRS046738,Corporate Training Batch 4763,USR037045,2026-01-23,2026-03-24,Hybrid,149,99,56,64,Planned
BAT004764,ENT00158,CRS018009,Corporate Training Batch 4764,USR008580,2026-03-19,2026-04-02,Hybrid,314,75,47,59,On Hold
BAT004765,ENT00061,CRS010297,Corporate Training Batch 4765,USR013652,2026-02-23,2026-03-25,Online,134,98,93,60,Planned
BAT004766,ENT00341,CRS041920,Corporate Training Batch 4766,USR011184,2025-12-12,2026-01-11,Online,360,97,61,40,Completed
BAT004767,ENT00305,CRS027106,Corporate Training Batch 4767,USR026214,2026-04-30,2026-06-29,Offline,279,88,74,92,On Hold
BAT004768,ENT00080,CRS043068,Corporate Training Batch 4768,USR003211,2026-05-02,2026-06-01,Hybrid,403,71,100,30,Completed
BAT004769,ENT00219,CRS029945,Corporate Training Batch 4769,USR043965,2026-01-17,2026-04-17,Offline,382,58,28,74,Completed
BAT004770,ENT00347,CRS036509,Corporate Training Batch 4770,USR038248,2026-01-13,2026-02-12,Online,417,81,42,85,Running
BAT004771,ENT00378,CRS016664,Corporate Training Batch 4771,USR013010,2025-11-28,2026-01-12,Online,283,61,58,73,Completed
BAT004772,ENT00169,CRS023790,Corporate Training Batch 4772,USR030334,2026-03-11,2026-05-10,Hybrid,376,94,73,44,On Hold
BAT004773,ENT00182,CRS032472,Corporate Training Batch 4773,USR038066,2026-05-10,2026-07-09,Online,497,72,93,89,Running
BAT004774,ENT00319,CRS006719,Corporate Training Batch 4774,USR003865,2026-01-20,2026-02-19,Offline,67,100,94,52,Running
BAT004775,ENT00401,CRS022687,Corporate Training Batch 4775,USR038644,2026-03-07,2026-06-05,Offline,241,84,82,77,On Hold
BAT004776,ENT00302,CRS016476,Corporate Training Batch 4776,USR030756,2026-04-23,2026-07-22,Hybrid,399,93,58,28,On Hold
BAT004777,ENT00112,CRS003116,Corporate Training Batch 4777,USR038862,2026-03-11,2026-04-25,Online,282,78,93,97,On Hold
BAT004778,ENT00240,CRS005010,Corporate Training Batch 4778,USR036778,2026-03-02,2026-05-01,Offline,59,80,82,43,Running
BAT004779,ENT00048,CRS006585,Corporate Training Batch 4779,USR004954,2026-03-22,2026-05-06,Hybrid,207,59,90,54,On Hold
BAT004780,ENT00415,CRS047757,Corporate Training Batch 4780,USR040690,2026-01-11,2026-01-25,Offline,456,91,95,22,On Hold
BAT004781,ENT00326,CRS016443,Corporate Training Batch 4781,USR021300,2026-05-11,2026-07-10,Online,256,65,29,79,Completed
BAT004782,ENT00283,CRS025620,Corporate Training Batch 4782,USR025047,2026-02-11,2026-02-25,Offline,351,79,100,56,On Hold
BAT004783,ENT00236,CRS002201,Corporate Training Batch 4783,USR001596,2026-02-20,2026-04-21,Hybrid,454,71,23,86,Completed
BAT004784,ENT00184,CRS028019,Corporate Training Batch 4784,USR016692,2026-03-06,2026-03-13,Online,186,100,27,39,Completed
BAT004785,ENT00145,CRS004689,Corporate Training Batch 4785,USR004822,2026-03-07,2026-04-21,Online,247,70,62,37,Planned
BAT004786,ENT00333,CRS036736,Corporate Training Batch 4786,USR043452,2025-12-21,2026-02-19,Offline,432,56,33,28,Planned
BAT004787,ENT00068,CRS047838,Corporate Training Batch 4787,USR047900,2025-12-31,2026-01-14,Online,298,85,20,76,Completed
BAT004788,ENT00223,CRS049817,Corporate Training Batch 4788,USR019178,2026-03-18,2026-04-17,Hybrid,443,72,96,33,On Hold
BAT004789,ENT00095,CRS032038,Corporate Training Batch 4789,USR002441,2025-12-30,2026-01-06,Online,201,93,71,40,Running
BAT004790,ENT00414,CRS037860,Corporate Training Batch 4790,USR000738,2026-04-25,2026-05-09,Offline,492,95,22,48,Planned
BAT004791,ENT00203,CRS010646,Corporate Training Batch 4791,USR028022,2026-01-23,2026-03-24,Offline,445,78,89,98,Completed
BAT004792,ENT00091,CRS016241,Corporate Training Batch 4792,USR003929,2026-02-04,2026-03-21,Offline,230,87,64,22,Completed
BAT004793,ENT00185,CRS030106,Corporate Training Batch 4793,USR005894,2025-11-20,2025-12-04,Offline,43,99,98,96,On Hold
BAT004794,ENT00277,CRS020167,Corporate Training Batch 4794,USR038717,2026-05-05,2026-05-12,Offline,186,70,95,68,Running
BAT004795,ENT00007,CRS013984,Corporate Training Batch 4795,USR012178,2025-12-15,2026-01-14,Online,52,77,31,93,Running
BAT004796,ENT00498,CRS041656,Corporate Training Batch 4796,USR022922,2026-04-21,2026-07-20,Offline,267,74,90,80,Running
BAT004797,ENT00387,CRS049524,Corporate Training Batch 4797,USR017971,2025-12-05,2025-12-19,Hybrid,168,62,21,20,Completed
BAT004798,ENT00075,CRS045382,Corporate Training Batch 4798,USR038230,2026-04-28,2026-06-12,Online,204,97,67,36,Completed
BAT004799,ENT00350,CRS012117,Corporate Training Batch 4799,USR039627,2026-04-20,2026-07-19,Offline,290,60,53,55,Planned
BAT004800,ENT00093,CRS015641,Corporate Training Batch 4800,USR010738,2026-01-12,2026-01-26,Offline,185,100,66,27,Completed
BAT004801,ENT00182,CRS002051,Corporate Training Batch 4801,USR025441,2026-01-26,2026-02-09,Hybrid,191,63,81,87,Planned
BAT004802,ENT00298,CRS021986,Corporate Training Batch 4802,USR038925,2026-02-28,2026-03-07,Hybrid,190,76,73,91,Running
BAT004803,ENT00331,CRS022939,Corporate Training Batch 4803,USR046586,2026-04-24,2026-05-24,Offline,96,75,69,87,Completed
BAT004804,ENT00328,CRS035219,Corporate Training Batch 4804,USR028956,2026-02-11,2026-03-28,Online,79,73,97,55,On Hold
BAT004805,ENT00341,CRS005186,Corporate Training Batch 4805,USR044047,2026-03-31,2026-04-07,Hybrid,434,97,80,38,Running
BAT004806,ENT00292,CRS040675,Corporate Training Batch 4806,USR044964,2026-01-28,2026-02-04,Online,271,55,81,60,Running
BAT004807,ENT00455,CRS015870,Corporate Training Batch 4807,USR018994,2025-11-20,2026-01-19,Online,21,97,34,38,On Hold
BAT004808,ENT00442,CRS020058,Corporate Training Batch 4808,USR039186,2026-01-14,2026-02-28,Hybrid,166,99,55,90,Running
BAT004809,ENT00040,CRS015115,Corporate Training Batch 4809,USR008437,2026-04-11,2026-04-18,Online,163,77,37,33,On Hold
BAT004810,ENT00118,CRS033775,Corporate Training Batch 4810,USR024681,2026-03-23,2026-04-22,Online,226,78,98,47,On Hold
BAT004811,ENT00443,CRS043948,Corporate Training Batch 4811,USR047533,2025-12-25,2026-01-24,Offline,73,92,92,51,On Hold
BAT004812,ENT00065,CRS029968,Corporate Training Batch 4812,USR009662,2026-04-01,2026-05-31,Online,82,55,46,73,Completed
BAT004813,ENT00396,CRS040431,Corporate Training Batch 4813,USR007625,2025-11-14,2025-11-28,Hybrid,26,62,83,85,Planned
BAT004814,ENT00198,CRS028679,Corporate Training Batch 4814,USR029415,2026-01-07,2026-01-14,Offline,67,71,20,79,Running
BAT004815,ENT00137,CRS010088,Corporate Training Batch 4815,USR012025,2026-02-04,2026-05-05,Offline,28,85,83,63,Running
BAT004816,ENT00452,CRS036556,Corporate Training Batch 4816,USR005088,2026-03-10,2026-03-17,Offline,439,67,97,47,Planned
BAT004817,ENT00023,CRS007119,Corporate Training Batch 4817,USR042638,2026-01-20,2026-02-19,Offline,290,98,70,94,On Hold
BAT004818,ENT00187,CRS002683,Corporate Training Batch 4818,USR032433,2026-02-12,2026-04-13,Online,275,63,43,41,On Hold
BAT004819,ENT00027,CRS001825,Corporate Training Batch 4819,USR018946,2025-12-28,2026-01-04,Online,463,77,46,21,On Hold
BAT004820,ENT00437,CRS006119,Corporate Training Batch 4820,USR011022,2026-04-26,2026-07-25,Hybrid,432,55,62,88,Running
BAT004821,ENT00179,CRS046125,Corporate Training Batch 4821,USR021651,2026-03-29,2026-06-27,Hybrid,485,57,56,91,Running
BAT004822,ENT00271,CRS042222,Corporate Training Batch 4822,USR007573,2026-01-07,2026-02-06,Online,211,67,44,53,Running
BAT004823,ENT00165,CRS021602,Corporate Training Batch 4823,USR049451,2026-04-06,2026-06-05,Online,129,68,84,90,On Hold
BAT004824,ENT00177,CRS029533,Corporate Training Batch 4824,USR008070,2026-05-12,2026-06-26,Offline,118,58,89,71,Completed
BAT004825,ENT00384,CRS017179,Corporate Training Batch 4825,USR037782,2025-12-22,2026-01-05,Hybrid,437,100,76,36,Planned
BAT004826,ENT00301,CRS013023,Corporate Training Batch 4826,USR005661,2026-05-07,2026-05-14,Offline,205,91,98,96,On Hold
BAT004827,ENT00394,CRS013233,Corporate Training Batch 4827,USR029167,2026-01-09,2026-02-23,Hybrid,276,94,97,67,Completed
BAT004828,ENT00388,CRS008471,Corporate Training Batch 4828,USR029363,2026-03-05,2026-04-19,Offline,258,72,25,29,Planned
BAT004829,ENT00045,CRS006734,Corporate Training Batch 4829,USR002383,2026-03-18,2026-06-16,Online,495,96,72,55,Running
BAT004830,ENT00281,CRS006221,Corporate Training Batch 4830,USR045937,2025-12-05,2025-12-12,Hybrid,143,99,54,24,Completed
BAT004831,ENT00282,CRS003431,Corporate Training Batch 4831,USR030971,2025-12-30,2026-01-06,Hybrid,283,71,62,46,Running
BAT004832,ENT00265,CRS043971,Corporate Training Batch 4832,USR008302,2026-03-28,2026-04-27,Offline,307,90,77,80,On Hold
BAT004833,ENT00174,CRS015580,Corporate Training Batch 4833,USR027620,2026-04-30,2026-05-30,Hybrid,216,72,49,39,Planned
BAT004834,ENT00360,CRS023252,Corporate Training Batch 4834,USR021086,2026-04-02,2026-04-09,Hybrid,106,61,91,65,Planned
BAT004835,ENT00087,CRS027235,Corporate Training Batch 4835,USR003946,2025-11-23,2025-12-23,Hybrid,148,72,91,60,On Hold
BAT004836,ENT00059,CRS024478,Corporate Training Batch 4836,USR016930,2026-02-08,2026-04-09,Hybrid,457,75,60,41,Planned
BAT004837,ENT00341,CRS041692,Corporate Training Batch 4837,USR029387,2026-01-21,2026-02-20,Online,407,59,73,34,On Hold
BAT004838,ENT00212,CRS035028,Corporate Training Batch 4838,USR037815,2026-05-06,2026-06-20,Online,95,59,82,46,Completed
BAT004839,ENT00321,CRS040120,Corporate Training Batch 4839,USR003444,2026-02-27,2026-03-29,Offline,263,66,61,68,On Hold
BAT004840,ENT00197,CRS011524,Corporate Training Batch 4840,USR015368,2026-02-27,2026-04-13,Offline,246,94,56,96,Planned
BAT004841,ENT00162,CRS048119,Corporate Training Batch 4841,USR031532,2026-04-30,2026-05-30,Online,388,78,35,56,Completed
BAT004842,ENT00085,CRS021982,Corporate Training Batch 4842,USR006262,2026-02-09,2026-02-16,Offline,242,77,26,51,Completed
BAT004843,ENT00195,CRS039823,Corporate Training Batch 4843,USR027766,2026-04-06,2026-06-05,Offline,455,95,85,79,Running
BAT004844,ENT00177,CRS021367,Corporate Training Batch 4844,USR027334,2026-03-29,2026-05-13,Online,374,63,37,88,On Hold
BAT004845,ENT00194,CRS023921,Corporate Training Batch 4845,USR004367,2026-04-03,2026-07-02,Online,426,76,52,98,Running
BAT004846,ENT00121,CRS018281,Corporate Training Batch 4846,USR002401,2026-01-19,2026-02-02,Online,275,72,76,61,Running
BAT004847,ENT00311,CRS026143,Corporate Training Batch 4847,USR035574,2026-04-12,2026-05-27,Online,97,73,61,71,Completed
BAT004848,ENT00318,CRS020974,Corporate Training Batch 4848,USR028396,2026-03-28,2026-05-27,Hybrid,43,79,87,79,On Hold
BAT004849,ENT00103,CRS028883,Corporate Training Batch 4849,USR030672,2026-05-02,2026-05-09,Offline,36,57,51,26,Completed
BAT004850,ENT00224,CRS047513,Corporate Training Batch 4850,USR011663,2026-04-24,2026-07-23,Offline,73,91,46,91,Planned
BAT004851,ENT00128,CRS010843,Corporate Training Batch 4851,USR039257,2026-03-17,2026-03-31,Online,345,61,34,28,Completed
BAT004852,ENT00447,CRS029279,Corporate Training Batch 4852,USR013813,2025-12-01,2026-03-01,Offline,380,93,64,26,On Hold
BAT004853,ENT00022,CRS003127,Corporate Training Batch 4853,USR027068,2026-04-11,2026-05-11,Hybrid,157,70,55,72,Planned
BAT004854,ENT00209,CRS019527,Corporate Training Batch 4854,USR029516,2026-01-30,2026-02-06,Online,26,97,54,75,Running
BAT004855,ENT00114,CRS013565,Corporate Training Batch 4855,USR011940,2026-02-08,2026-05-09,Online,84,65,42,54,On Hold
BAT004856,ENT00406,CRS039900,Corporate Training Batch 4856,USR040292,2025-11-20,2026-01-04,Offline,351,88,32,31,Running
BAT004857,ENT00425,CRS039924,Corporate Training Batch 4857,USR043166,2026-04-22,2026-06-21,Offline,244,92,52,78,Running
BAT004858,ENT00469,CRS009938,Corporate Training Batch 4858,USR020703,2025-12-12,2025-12-26,Offline,466,70,63,34,On Hold
BAT004859,ENT00267,CRS042432,Corporate Training Batch 4859,USR037001,2025-11-15,2026-01-14,Hybrid,312,58,34,52,Running
BAT004860,ENT00109,CRS005449,Corporate Training Batch 4860,USR020701,2026-03-01,2026-05-30,Offline,353,74,35,32,Running
BAT004861,ENT00455,CRS006326,Corporate Training Batch 4861,USR023341,2026-02-27,2026-03-06,Online,102,62,100,84,Completed
BAT004862,ENT00459,CRS031207,Corporate Training Batch 4862,USR031826,2026-02-22,2026-04-23,Online,287,55,70,35,Completed
BAT004863,ENT00253,CRS048949,Corporate Training Batch 4863,USR012725,2025-11-28,2025-12-12,Online,14,58,34,96,Completed
BAT004864,ENT00094,CRS020019,Corporate Training Batch 4864,USR016656,2026-04-05,2026-04-19,Hybrid,476,90,54,87,Running
BAT004865,ENT00321,CRS020021,Corporate Training Batch 4865,USR008511,2026-04-16,2026-04-23,Online,373,87,71,34,Running
BAT004866,ENT00112,CRS006328,Corporate Training Batch 4866,USR035685,2026-02-04,2026-02-18,Offline,126,57,58,89,Planned
BAT004867,ENT00297,CRS009540,Corporate Training Batch 4867,USR018379,2026-02-20,2026-03-06,Online,400,69,75,40,Planned
BAT004868,ENT00230,CRS007735,Corporate Training Batch 4868,USR028104,2026-04-11,2026-07-10,Online,308,98,32,82,Running
BAT004869,ENT00170,CRS044229,Corporate Training Batch 4869,USR024129,2026-02-01,2026-02-15,Hybrid,480,78,49,39,Planned
BAT004870,ENT00175,CRS010220,Corporate Training Batch 4870,USR005159,2026-05-04,2026-05-11,Hybrid,410,74,30,60,Planned
BAT004871,ENT00027,CRS044264,Corporate Training Batch 4871,USR047542,2026-02-28,2026-04-14,Hybrid,479,96,95,73,Completed
BAT004872,ENT00277,CRS045947,Corporate Training Batch 4872,USR001099,2026-03-07,2026-06-05,Hybrid,79,84,58,32,Planned
BAT004873,ENT00282,CRS045380,Corporate Training Batch 4873,USR020540,2025-12-25,2026-02-23,Offline,285,58,26,97,Completed
BAT004874,ENT00008,CRS027729,Corporate Training Batch 4874,USR022296,2026-03-17,2026-05-01,Hybrid,221,57,67,60,Completed
BAT004875,ENT00007,CRS031747,Corporate Training Batch 4875,USR013402,2026-04-08,2026-05-23,Online,37,79,83,71,Running
BAT004876,ENT00241,CRS000683,Corporate Training Batch 4876,USR037947,2026-01-20,2026-02-19,Online,462,100,89,33,Planned
BAT004877,ENT00039,CRS044550,Corporate Training Batch 4877,USR029777,2026-01-27,2026-03-28,Online,334,58,48,38,On Hold
BAT004878,ENT00046,CRS000048,Corporate Training Batch 4878,USR021637,2026-05-04,2026-05-11,Offline,347,87,22,100,On Hold
BAT004879,ENT00321,CRS005313,Corporate Training Batch 4879,USR029859,2026-03-27,2026-04-03,Online,278,92,53,97,Running
BAT004880,ENT00278,CRS029956,Corporate Training Batch 4880,USR003287,2026-01-02,2026-04-02,Online,455,71,61,77,Planned
BAT004881,ENT00193,CRS000469,Corporate Training Batch 4881,USR019962,2025-12-05,2026-02-03,Offline,91,61,28,27,Completed
BAT004882,ENT00167,CRS039507,Corporate Training Batch 4882,USR006097,2026-01-23,2026-03-09,Offline,198,96,45,46,Running
BAT004883,ENT00087,CRS008237,Corporate Training Batch 4883,USR003839,2026-03-04,2026-04-18,Offline,388,100,65,24,Completed
BAT004884,ENT00384,CRS040556,Corporate Training Batch 4884,USR044595,2025-11-25,2026-02-23,Online,72,78,82,41,Planned
BAT004885,ENT00486,CRS015640,Corporate Training Batch 4885,USR024304,2026-02-14,2026-03-16,Online,261,98,71,64,Completed
BAT004886,ENT00006,CRS048204,Corporate Training Batch 4886,USR027639,2026-04-09,2026-05-24,Hybrid,218,74,31,51,Planned
BAT004887,ENT00328,CRS008743,Corporate Training Batch 4887,USR045622,2026-02-05,2026-04-06,Online,261,65,84,83,Planned
BAT004888,ENT00001,CRS030173,Corporate Training Batch 4888,USR044047,2026-01-14,2026-03-15,Hybrid,331,95,70,36,Running
BAT004889,ENT00163,CRS031085,Corporate Training Batch 4889,USR039652,2026-01-15,2026-03-01,Offline,383,65,35,63,Running
BAT004890,ENT00470,CRS011940,Corporate Training Batch 4890,USR003450,2026-04-15,2026-05-30,Hybrid,290,59,99,23,On Hold
BAT004891,ENT00058,CRS002465,Corporate Training Batch 4891,USR004838,2026-03-01,2026-04-15,Online,413,93,44,82,Completed
BAT004892,ENT00189,CRS036456,Corporate Training Batch 4892,USR023599,2026-02-20,2026-02-27,Offline,147,86,73,79,Planned
BAT004893,ENT00238,CRS044959,Corporate Training Batch 4893,USR036384,2026-03-26,2026-05-10,Online,290,93,44,21,On Hold
BAT004894,ENT00295,CRS010230,Corporate Training Batch 4894,USR024502,2025-12-23,2026-02-21,Online,437,99,42,92,Planned
BAT004895,ENT00202,CRS012255,Corporate Training Batch 4895,USR048044,2026-02-05,2026-02-12,Online,50,62,54,73,Running
BAT004896,ENT00393,CRS014342,Corporate Training Batch 4896,USR026312,2026-04-09,2026-04-16,Hybrid,22,93,41,66,On Hold
BAT004897,ENT00488,CRS041108,Corporate Training Batch 4897,USR016016,2026-04-25,2026-07-24,Online,383,85,49,21,On Hold
BAT004898,ENT00372,CRS046503,Corporate Training Batch 4898,USR022088,2026-04-26,2026-06-25,Offline,81,95,91,37,Planned
BAT004899,ENT00497,CRS022027,Corporate Training Batch 4899,USR049957,2025-12-31,2026-03-31,Online,440,100,53,79,Completed
BAT004900,ENT00435,CRS047503,Corporate Training Batch 4900,USR021075,2026-04-07,2026-05-07,Hybrid,386,88,24,84,On Hold
BAT004901,ENT00350,CRS048250,Corporate Training Batch 4901,USR024568,2026-01-01,2026-03-02,Offline,477,61,72,80,On Hold
BAT004902,ENT00021,CRS016011,Corporate Training Batch 4902,USR001528,2025-12-30,2026-02-28,Online,309,71,97,49,Completed
BAT004903,ENT00221,CRS028294,Corporate Training Batch 4903,USR015928,2026-04-05,2026-04-12,Online,471,96,62,54,Completed
BAT004904,ENT00237,CRS007297,Corporate Training Batch 4904,USR026151,2026-02-13,2026-03-15,Online,450,91,42,84,Running
BAT004905,ENT00358,CRS015215,Corporate Training Batch 4905,USR016274,2026-03-07,2026-06-05,Hybrid,263,75,84,83,Running
BAT004906,ENT00296,CRS045287,Corporate Training Batch 4906,USR018004,2026-04-10,2026-04-24,Hybrid,320,87,87,60,Planned
BAT004907,ENT00051,CRS016223,Corporate Training Batch 4907,USR005608,2026-03-11,2026-05-10,Hybrid,245,60,60,71,Completed
BAT004908,ENT00243,CRS036755,Corporate Training Batch 4908,USR022987,2026-04-19,2026-06-18,Offline,77,56,40,30,Planned
BAT004909,ENT00052,CRS017913,Corporate Training Batch 4909,USR034984,2026-01-27,2026-02-10,Hybrid,289,69,50,38,Completed
BAT004910,ENT00079,CRS012812,Corporate Training Batch 4910,USR017394,2026-03-05,2026-05-04,Hybrid,204,85,70,44,Completed
BAT004911,ENT00400,CRS025843,Corporate Training Batch 4911,USR018708,2025-12-23,2026-03-23,Offline,24,60,38,45,Running
BAT004912,ENT00154,CRS048294,Corporate Training Batch 4912,USR019647,2026-04-27,2026-05-11,Offline,167,80,22,97,Running
BAT004913,ENT00173,CRS018236,Corporate Training Batch 4913,USR015371,2026-01-15,2026-01-29,Hybrid,99,80,86,78,Completed
BAT004914,ENT00198,CRS033960,Corporate Training Batch 4914,USR042314,2026-01-04,2026-02-18,Hybrid,48,86,95,55,Completed
BAT004915,ENT00457,CRS030453,Corporate Training Batch 4915,USR002007,2026-02-09,2026-02-16,Online,418,85,70,77,Planned
BAT004916,ENT00358,CRS035354,Corporate Training Batch 4916,USR008264,2026-02-22,2026-04-08,Offline,477,97,63,99,Running
BAT004917,ENT00246,CRS022474,Corporate Training Batch 4917,USR028451,2026-01-23,2026-03-24,Online,85,92,21,88,On Hold
BAT004918,ENT00408,CRS022192,Corporate Training Batch 4918,USR003701,2026-02-19,2026-04-20,Hybrid,10,73,23,87,Planned
BAT004919,ENT00155,CRS020247,Corporate Training Batch 4919,USR023985,2026-03-29,2026-04-05,Hybrid,163,89,77,100,On Hold
BAT004920,ENT00201,CRS039951,Corporate Training Batch 4920,USR039291,2026-04-14,2026-05-14,Hybrid,173,75,90,95,Running
BAT004921,ENT00017,CRS008264,Corporate Training Batch 4921,USR018741,2026-03-12,2026-04-26,Hybrid,148,79,80,82,Completed
BAT004922,ENT00037,CRS027202,Corporate Training Batch 4922,USR044081,2026-03-03,2026-05-02,Offline,142,62,71,58,Completed
BAT004923,ENT00090,CRS020407,Corporate Training Batch 4923,USR047973,2025-11-20,2026-02-18,Offline,193,82,48,36,Completed
BAT004924,ENT00262,CRS012272,Corporate Training Batch 4924,USR002426,2026-03-13,2026-06-11,Online,313,69,51,78,Running
BAT004925,ENT00099,CRS042683,Corporate Training Batch 4925,USR021536,2026-02-22,2026-03-01,Online,118,63,89,53,Planned
BAT004926,ENT00001,CRS021761,Corporate Training Batch 4926,USR018374,2026-05-08,2026-07-07,Hybrid,413,85,95,60,Planned
BAT004927,ENT00210,CRS035428,Corporate Training Batch 4927,USR025752,2025-12-15,2026-01-29,Hybrid,328,100,78,67,On Hold
BAT004928,ENT00293,CRS044178,Corporate Training Batch 4928,USR001001,2025-11-16,2026-01-15,Online,251,78,54,50,Running
BAT004929,ENT00493,CRS036883,Corporate Training Batch 4929,USR029262,2025-12-18,2025-12-25,Online,448,76,52,66,Completed
BAT004930,ENT00094,CRS011660,Corporate Training Batch 4930,USR047466,2026-03-06,2026-03-13,Hybrid,115,99,95,64,On Hold
BAT004931,ENT00306,CRS047332,Corporate Training Batch 4931,USR011448,2025-12-16,2026-01-15,Offline,237,90,79,23,Planned
BAT004932,ENT00148,CRS016012,Corporate Training Batch 4932,USR044744,2026-03-02,2026-05-31,Online,203,92,39,69,On Hold
BAT004933,ENT00241,CRS040956,Corporate Training Batch 4933,USR040739,2025-12-27,2026-01-10,Hybrid,45,55,68,30,Completed
BAT004934,ENT00421,CRS009173,Corporate Training Batch 4934,USR024434,2026-04-08,2026-06-07,Online,466,80,97,48,Completed
BAT004935,ENT00489,CRS003793,Corporate Training Batch 4935,USR030268,2025-12-08,2026-01-22,Online,324,85,60,41,Planned
BAT004936,ENT00469,CRS009828,Corporate Training Batch 4936,USR032787,2026-02-06,2026-03-08,Online,275,93,96,64,Planned
BAT004937,ENT00164,CRS031402,Corporate Training Batch 4937,USR000553,2026-02-23,2026-03-09,Online,436,94,52,96,Running
BAT004938,ENT00495,CRS030324,Corporate Training Batch 4938,USR004413,2026-01-28,2026-02-11,Hybrid,95,88,62,39,Planned
BAT004939,ENT00470,CRS025706,Corporate Training Batch 4939,USR000669,2026-04-07,2026-06-06,Hybrid,230,81,25,83,On Hold
BAT004940,ENT00108,CRS030522,Corporate Training Batch 4940,USR016074,2026-03-04,2026-04-18,Hybrid,52,75,21,38,Completed
BAT004941,ENT00358,CRS023995,Corporate Training Batch 4941,USR033851,2026-04-01,2026-06-30,Offline,275,59,79,55,Planned
BAT004942,ENT00491,CRS000938,Corporate Training Batch 4942,USR001644,2026-04-30,2026-05-30,Hybrid,165,67,96,70,Completed
BAT004943,ENT00204,CRS024169,Corporate Training Batch 4943,USR038846,2025-11-21,2026-02-19,Offline,308,65,73,81,Completed
BAT004944,ENT00045,CRS004269,Corporate Training Batch 4944,USR007991,2026-03-01,2026-03-15,Offline,148,87,50,85,Planned
BAT004945,ENT00430,CRS016072,Corporate Training Batch 4945,USR007791,2026-04-04,2026-07-03,Online,285,63,22,49,On Hold
BAT004946,ENT00491,CRS026661,Corporate Training Batch 4946,USR015438,2026-05-04,2026-05-11,Hybrid,192,77,45,66,Planned
BAT004947,ENT00327,CRS024143,Corporate Training Batch 4947,USR019924,2026-02-23,2026-04-09,Hybrid,169,94,23,38,Planned
BAT004948,ENT00203,CRS042890,Corporate Training Batch 4948,USR009406,2025-12-07,2025-12-14,Offline,250,56,84,70,Running
BAT004949,ENT00098,CRS027280,Corporate Training Batch 4949,USR039659,2026-03-11,2026-04-10,Hybrid,90,73,23,45,Planned
BAT004950,ENT00162,CRS013722,Corporate Training Batch 4950,USR026894,2026-05-08,2026-06-07,Hybrid,443,64,23,48,Completed
BAT004951,ENT00059,CRS049137,Corporate Training Batch 4951,USR033415,2026-03-03,2026-03-17,Hybrid,385,93,75,46,Running
BAT004952,ENT00128,CRS006555,Corporate Training Batch 4952,USR018254,2026-04-30,2026-06-14,Offline,165,61,65,43,Planned
BAT004953,ENT00450,CRS022525,Corporate Training Batch 4953,USR033781,2026-03-14,2026-03-21,Offline,431,68,70,90,Completed
BAT004954,ENT00332,CRS042895,Corporate Training Batch 4954,USR048619,2026-02-11,2026-02-25,Offline,215,72,96,55,Planned
BAT004955,ENT00191,CRS028652,Corporate Training Batch 4955,USR043217,2026-03-07,2026-03-21,Online,168,98,92,39,Running
BAT004956,ENT00195,CRS040737,Corporate Training Batch 4956,USR015660,2026-03-24,2026-04-07,Hybrid,490,57,55,20,On Hold
BAT004957,ENT00099,CRS031612,Corporate Training Batch 4957,USR042678,2026-04-14,2026-06-13,Online,47,83,73,20,Planned
BAT004958,ENT00144,CRS038864,Corporate Training Batch 4958,USR009148,2026-02-15,2026-03-01,Offline,52,83,23,32,Running
BAT004959,ENT00393,CRS012140,Corporate Training Batch 4959,USR028968,2026-02-26,2026-04-12,Offline,330,83,29,20,Completed
BAT004960,ENT00163,CRS027479,Corporate Training Batch 4960,USR031777,2026-01-29,2026-02-05,Online,158,71,31,26,Running
BAT004961,ENT00216,CRS048962,Corporate Training Batch 4961,USR034367,2026-03-28,2026-06-26,Online,64,94,96,24,Completed
BAT004962,ENT00251,CRS013420,Corporate Training Batch 4962,USR046532,2026-01-30,2026-02-13,Hybrid,440,92,48,66,On Hold
BAT004963,ENT00218,CRS033275,Corporate Training Batch 4963,USR025599,2026-04-04,2026-04-18,Hybrid,464,86,70,45,On Hold
BAT004964,ENT00283,CRS046459,Corporate Training Batch 4964,USR048595,2026-04-22,2026-06-06,Online,191,83,42,36,On Hold
BAT004965,ENT00059,CRS028665,Corporate Training Batch 4965,USR024199,2026-02-15,2026-05-16,Hybrid,177,75,38,88,Completed
BAT004966,ENT00181,CRS030179,Corporate Training Batch 4966,USR011241,2026-03-02,2026-04-16,Online,46,97,77,23,Completed
BAT004967,ENT00399,CRS024685,Corporate Training Batch 4967,USR018357,2025-12-14,2026-01-28,Offline,291,97,41,75,Planned
BAT004968,ENT00132,CRS009233,Corporate Training Batch 4968,USR043058,2026-04-01,2026-04-08,Hybrid,46,69,78,100,Completed
BAT004969,ENT00219,CRS042982,Corporate Training Batch 4969,USR022683,2026-01-28,2026-04-28,Hybrid,274,68,83,70,Running
BAT004970,ENT00485,CRS002113,Corporate Training Batch 4970,USR005418,2025-12-19,2026-01-18,Offline,16,65,93,70,Completed
BAT004971,ENT00108,CRS049164,Corporate Training Batch 4971,USR013709,2026-02-22,2026-03-08,Online,190,91,24,36,Planned
BAT004972,ENT00208,CRS029346,Corporate Training Batch 4972,USR017875,2025-12-14,2025-12-21,Offline,410,98,41,36,Planned
BAT004973,ENT00193,CRS023429,Corporate Training Batch 4973,USR043492,2026-05-08,2026-06-22,Online,405,95,40,66,Completed
BAT004974,ENT00445,CRS033190,Corporate Training Batch 4974,USR044310,2026-03-26,2026-05-25,Offline,432,58,22,78,On Hold
BAT004975,ENT00422,CRS020097,Corporate Training Batch 4975,USR046150,2025-12-21,2026-01-20,Offline,463,78,41,91,Completed
BAT004976,ENT00471,CRS027489,Corporate Training Batch 4976,USR004234,2026-02-03,2026-02-17,Online,403,63,59,57,Running
BAT004977,ENT00425,CRS045354,Corporate Training Batch 4977,USR027038,2026-04-08,2026-04-15,Offline,202,79,22,44,Planned
BAT004978,ENT00229,CRS043093,Corporate Training Batch 4978,USR021933,2026-02-10,2026-03-27,Hybrid,492,89,59,56,Completed
BAT004979,ENT00045,CRS033143,Corporate Training Batch 4979,USR047054,2026-02-18,2026-03-04,Online,52,59,22,70,Completed
BAT004980,ENT00484,CRS024823,Corporate Training Batch 4980,USR043357,2026-05-10,2026-08-08,Online,483,61,66,27,Planned
BAT004981,ENT00187,CRS015268,Corporate Training Batch 4981,USR042750,2026-04-04,2026-04-18,Offline,345,91,62,31,Planned
BAT004982,ENT00434,CRS015293,Corporate Training Batch 4982,USR043963,2026-04-12,2026-05-27,Offline,297,72,71,93,Planned
BAT004983,ENT00297,CRS025284,Corporate Training Batch 4983,USR015205,2025-12-07,2026-01-21,Hybrid,403,74,59,71,Running
BAT004984,ENT00341,CRS049802,Corporate Training Batch 4984,USR036134,2026-02-10,2026-03-27,Online,317,95,21,79,Running
BAT004985,ENT00368,CRS008588,Corporate Training Batch 4985,USR033269,2026-03-25,2026-04-01,Hybrid,252,58,73,74,Completed
BAT004986,ENT00231,CRS036828,Corporate Training Batch 4986,USR009401,2026-02-07,2026-03-24,Offline,482,96,76,83,On Hold
BAT004987,ENT00267,CRS030701,Corporate Training Batch 4987,USR010609,2026-02-13,2026-05-14,Hybrid,401,93,42,41,Planned
BAT004988,ENT00422,CRS005675,Corporate Training Batch 4988,USR031080,2025-12-03,2026-02-01,Hybrid,452,71,78,84,Completed
BAT004989,ENT00275,CRS015157,Corporate Training Batch 4989,USR016603,2025-11-15,2025-11-22,Online,194,95,84,70,On Hold
BAT004990,ENT00489,CRS011189,Corporate Training Batch 4990,USR026323,2026-04-14,2026-05-14,Offline,17,91,57,45,Planned
BAT004991,ENT00414,CRS004631,Corporate Training Batch 4991,USR014258,2026-03-27,2026-04-26,Offline,176,83,55,59,On Hold
BAT004992,ENT00479,CRS021122,Corporate Training Batch 4992,USR032235,2025-11-15,2025-11-22,Online,163,89,54,51,Planned
BAT004993,ENT00117,CRS024799,Corporate Training Batch 4993,USR040428,2025-12-26,2026-02-09,Hybrid,325,93,64,67,Running
BAT004994,ENT00179,CRS022964,Corporate Training Batch 4994,USR046439,2026-03-11,2026-03-25,Offline,241,100,60,79,Planned
BAT004995,ENT00103,CRS034523,Corporate Training Batch 4995,USR041540,2025-12-01,2026-01-30,Offline,185,94,30,60,Running
BAT004996,ENT00236,CRS009699,Corporate Training Batch 4996,USR008046,2025-12-24,2026-01-23,Hybrid,61,76,29,64,On Hold
BAT004997,ENT00161,CRS008606,Corporate Training Batch 4997,USR020223,2025-11-26,2025-12-26,Online,484,88,62,50,On Hold
BAT004998,ENT00446,CRS010310,Corporate Training Batch 4998,USR040615,2026-01-07,2026-02-06,Offline,451,99,31,82,On Hold
BAT004999,ENT00430,CRS009883,Corporate Training Batch 4999,USR013051,2026-03-07,2026-03-14,Offline,413,62,33,79,Completed
BAT005000,ENT00482,CRS017457,Corporate Training Batch 5000,USR024239,2026-03-03,2026-05-02,Hybrid,60,97,58,61,Planned
